<?xml version="1.0" encoding="utf-8"?>
<!DOCTYPE list SYSTEM "spawn.dtd">
<list>
	<spawns name="FortressOfGuillotine">		
		<!-- Саблезубый Кугуар -->
		<!--<spawn npcId="14958" x="37815" y="148803" z="-3744" heading="8191" />
		<spawn npcId="14958" x="37988" y="148927" z="-3792" heading="61906" />
		<spawn npcId="14958" x="37988" y="148927" z="-3792" heading="61913" />
		<spawn npcId="14958" x="37988" y="148927" z="-3792" heading="62033" />
		<spawn npcId="14959" x="52545" y="155455" z="-1952" heading="63269" />
		<spawn npcId="14959" x="52654" y="155460" z="-1952" heading="46804" />
		<spawn npcId="14959" x="52665" y="155516" z="-1952" heading="47037" />
		<spawn npcId="14959" x="52667" y="155492" z="-1952" heading="45884" />-->
		<!-- null -->
		<spawn npcId="23199" x="42302" y="144751" z="-3112" heading="6134" />
		<spawn npcId="23199" x="42588" y="145100" z="-3120" heading="7201" />
		<spawn npcId="23199" x="44247" y="151985" z="-2752" heading="16735" />
		<spawn npcId="23199" x="45946" y="142748" z="-3120" heading="3319" />
		<spawn npcId="23199" x="46067" y="143118" z="-3120" heading="24493" />
		<spawn npcId="23199" x="46197" y="142489" z="-3112" heading="45974" />
		<spawn npcId="23199" x="46466" y="151813" z="-2752" heading="6665" />
		<spawn npcId="23199" x="46548" y="142476" z="-3112" heading="37295" />
		<spawn npcId="23199" x="47174" y="142276" z="-3112" heading="14518" />
		<spawn npcId="23199" x="47352" y="141373" z="-3112" heading="63891" />
		<spawn npcId="23199" x="47400" y="141284" z="-3112" heading="54472" />
		<spawn npcId="23199" x="47575" y="150599" z="-2760" heading="22677" />
		<spawn npcId="23199" x="48969" y="141710" z="-3120" heading="44627" />
		<spawn npcId="23199" x="48982" y="152515" z="-2744" heading="43308" />
		<spawn npcId="23199" x="49029" y="154430" z="-2760" heading="15994" />
		<spawn npcId="23199" x="49602" y="140671" z="-3048" heading="4469" />
		<spawn npcId="23199" x="49827" y="153206" z="-2760" heading="39158" />
		<spawn npcId="23199" x="49873" y="154302" z="-2752" heading="54869" />
		<!-- null -->
		<spawn npcId="23200" x="41748" y="144509" z="-3096" heading="61646" />
		<spawn npcId="23200" x="41914" y="141044" z="-1464" heading="39650" />
		<spawn npcId="23200" x="41946" y="141086" z="-1464" heading="30798" />
		<spawn npcId="23200" x="42197" y="144416" z="-3032" heading="48993" />
		<spawn npcId="23200" x="42438" y="140439" z="-1456" heading="31498" />
		<spawn npcId="23200" x="42722" y="145141" z="-3120" heading="56142" />
		<spawn npcId="23200" x="42881" y="139843" z="-1464" heading="45035" />
		<spawn npcId="23200" x="42990" y="142575" z="-2552" heading="60545" />
		<spawn npcId="23200" x="43139" y="153263" z="-1952" heading="51242" />
		<spawn npcId="23200" x="43415" y="142869" z="-2552" heading="44679" />
		<spawn npcId="23200" x="43507" y="140567" z="-1464" heading="3062" />
		<spawn npcId="23200" x="43713" y="152035" z="-2760" heading="27936" />
		<spawn npcId="23200" x="43799" y="151745" z="-2760" heading="48612" />
		<spawn npcId="23200" x="44037" y="141087" z="-2552" heading="44110" />
		<spawn npcId="23200" x="44098" y="141004" z="-2552" heading="47455" />
		<spawn npcId="23200" x="44143" y="143052" z="-2560" heading="18488" />
		<spawn npcId="23200" x="44369" y="151672" z="-2760" heading="48689" />
		<spawn npcId="23200" x="44463" y="144061" z="-3112" heading="61459" />
		<spawn npcId="23200" x="44494" y="144368" z="-3120" heading="23303" />
		<spawn npcId="23200" x="44590" y="140678" z="-2552" heading="50383" />
		<spawn npcId="23200" x="44593" y="152943" z="-1952" heading="3838" />
		<spawn npcId="23200" x="44629" y="152915" z="-1952" heading="28813" />
		<spawn npcId="23200" x="44670" y="141026" z="-2552" heading="11444" />
		<spawn npcId="23200" x="44785" y="141704" z="-2552" heading="52606" />
		<spawn npcId="23200" x="44998" y="153842" z="-1920" heading="47117" />
		<spawn npcId="23200" x="45383" y="143524" z="-3120" heading="64837" />
		<spawn npcId="23200" x="45974" y="141505" z="-3096" heading="28035" />
		<spawn npcId="23200" x="45975" y="141442" z="-3096" heading="26311" />
		<spawn npcId="23200" x="45987" y="152556" z="-1952" heading="30324" />
		<spawn npcId="23200" x="46074" y="154327" z="-1912" heading="36881" />
		<spawn npcId="23200" x="46464" y="154030" z="-1928" heading="7324" />
		<spawn npcId="23200" x="46552" y="151866" z="-2752" heading="1875" />
		<spawn npcId="23200" x="46639" y="142190" z="-3112" heading="8315" />
		<spawn npcId="23200" x="46648" y="151059" z="-2752" heading="1282" />
		<spawn npcId="23200" x="46692" y="153696" z="-1920" heading="62181" />
		<spawn npcId="23200" x="46800" y="150781" z="-2760" heading="30310" />
		<spawn npcId="23200" x="47423" y="140975" z="-3120" heading="33923" />
		<spawn npcId="23200" x="47601" y="141591" z="-3112" heading="40880" />
		<spawn npcId="23200" x="47783" y="155015" z="-1952" heading="29875" />
		<spawn npcId="23200" x="47988" y="153066" z="-2728" heading="62841" />
		<spawn npcId="23200" x="48123" y="141932" z="-3112" heading="63294" />
		<spawn npcId="23200" x="49114" y="141573" z="-3120" heading="56963" />
		<spawn npcId="23200" x="49239" y="142077" z="-3120" heading="16149" />
		<spawn npcId="23200" x="49470" y="141197" z="-3120" heading="51596" />
		<spawn npcId="23200" x="49519" y="152553" z="-2760" heading="44627" />
		<spawn npcId="23200" x="49723" y="153672" z="-2760" heading="26217" />
		<spawn npcId="23200" x="50258" y="154144" z="-2752" heading="22356" />
		<spawn npcId="23200" x="50386" y="154353" z="-2760" heading="24329" />
		<spawn npcId="23200" x="50565" y="154061" z="-2760" heading="49037" />
		<!-- null -->
		<spawn npcId="23201" x="37052" y="150559" z="-3496" heading="11755" />
		<spawn npcId="23201" x="37315" y="150369" z="-3632" heading="55121" />
		<spawn npcId="23201" x="37470" y="146509" z="-3664" heading="41631" />
		<spawn npcId="23201" x="37502" y="147397" z="-3672" heading="27234" />
		<spawn npcId="23201" x="37865" y="145476" z="-3680" heading="42683" />
		<spawn npcId="23201" x="37889" y="150806" z="-3648" heading="57919" />
		<spawn npcId="23201" x="39534" y="151114" z="-3688" heading="29689" />
		<spawn npcId="23201" x="39933" y="151235" z="-3672" heading="30222" />
		<spawn npcId="23201" x="40488" y="151123" z="-3728" heading="2110" />
		<spawn npcId="23201" x="42658" y="151386" z="-3656" heading="32130" />
		<spawn npcId="23201" x="42809" y="146640" z="-3664" heading="33813" />
		<spawn npcId="23201" x="42809" y="150928" z="-3712" heading="48113" />
		<spawn npcId="23201" x="42838" y="149678" z="-3712" heading="24247" />
		<spawn npcId="23201" x="42846" y="147461" z="-3688" heading="63986" />
		<spawn npcId="23201" x="42894" y="149636" z="-3712" heading="4441" />
		<spawn npcId="23201" x="42903" y="151050" z="-3744" heading="22569" />
		<spawn npcId="23201" x="43086" y="149633" z="-3720" heading="31878" />
		<spawn npcId="23201" x="43172" y="146443" z="-3632" heading="56878" />
		<spawn npcId="23201" x="43185" y="147098" z="-3632" heading="41368" />
		<spawn npcId="23201" x="43193" y="147185" z="-3632" heading="47630" />
		<spawn npcId="23201" x="43237" y="149022" z="-3680" heading="10864" />
		<spawn npcId="23201" x="43298" y="146317" z="-3680" heading="19287" />
		<spawn npcId="23201" x="43437" y="151242" z="-3640" heading="29266" />
		<spawn npcId="23201" x="43450" y="146798" z="-3616" heading="36417" />
		<spawn npcId="23201" x="43522" y="149472" z="-3664" heading="59276" />
		<spawn npcId="23201" x="43818" y="149990" z="-3728" heading="62455" />
		<spawn npcId="23201" x="44049" y="146854" z="-3584" heading="58132" />
		<spawn npcId="23201" x="44799" y="150174" z="-3584" heading="30138" />
		<spawn npcId="23201" x="45691" y="146296" z="-3720" heading="54417" />
		<spawn npcId="23201" x="45693" y="150570" z="-3696" heading="23674" />
		<spawn npcId="23201" x="46184" y="147104" z="-3688" heading="12447" />
		<spawn npcId="23201" x="46195" y="148528" z="-3664" heading="44045" />
		<spawn npcId="23201" x="46204" y="148594" z="-3664" heading="16849" />
		<spawn npcId="23201" x="46379" y="144954" z="-3688" heading="53627" />
		<spawn npcId="23201" x="46439" y="147777" z="-3688" heading="31201" />
		<spawn npcId="23201" x="46657" y="146010" z="-3616" heading="31254" />
		<spawn npcId="23201" x="46803" y="145016" z="-3688" heading="27847" />
		<spawn npcId="23201" x="46836" y="143673" z="-3720" heading="10178" />
		<spawn npcId="23201" x="46853" y="143621" z="-3728" heading="35083" />
		<spawn npcId="23201" x="47070" y="147863" z="-3736" heading="8829" />
		<spawn npcId="23201" x="47088" y="149647" z="-3616" heading="38614" />
		<spawn npcId="23201" x="47090" y="146981" z="-3720" heading="28216" />
		<spawn npcId="23201" x="48296" y="148852" z="-3664" heading="26298" />
		<spawn npcId="23201" x="48656" y="148482" z="-3528" heading="51771" />
		<spawn npcId="23201" x="48722" y="143953" z="-3656" heading="26055" />
		<spawn npcId="23201" x="48921" y="145292" z="-3592" heading="30505" />
		<spawn npcId="23201" x="49123" y="145447" z="-3592" heading="26429" />
		<spawn npcId="23201" x="49149" y="146869" z="-3400" heading="13360" />
		<spawn npcId="23201" x="49180" y="143256" z="-3736" heading="653" />
		<spawn npcId="23201" x="49292" y="143676" z="-3736" heading="2822" />
		<spawn npcId="23201" x="49338" y="150266" z="-3568" heading="19101" />
		<spawn npcId="23201" x="49543" y="143891" z="-3696" heading="14897" />
		<spawn npcId="23201" x="49549" y="142808" z="-3756" heading="64131" />
		<spawn npcId="23201" x="49703" y="144919" z="-3712" heading="60273" />
		<spawn npcId="23201" x="49725" y="147293" z="-3456" heading="20069" />
		<spawn npcId="23201" x="49788" y="146181" z="-3608" heading="18630" />
		<spawn npcId="23201" x="50020" y="151951" z="-3528" heading="36016" />
		<spawn npcId="23201" x="50038" y="146103" z="-3688" heading="9305" />
		<spawn npcId="23201" x="50258" y="142530" z="-3576" heading="53524" />
		<spawn npcId="23201" x="50320" y="151807" z="-3512" heading="44313" />
		<spawn npcId="23201" x="50802" y="141106" z="-3712" heading="34492" />
		<spawn npcId="23201" x="50852" y="146331" z="-3632" heading="52127" />
		<spawn npcId="23201" x="51327" y="142654" z="-2776" heading="47673" />
		<spawn npcId="23201" x="51556" y="140723" z="-3128" heading="22024" />
		<spawn npcId="23201" x="51631" y="150156" z="-2432" heading="20595" />
		<spawn npcId="23201" x="51631" y="153756" z="-3496" heading="18841" />
		<spawn npcId="23201" x="51721" y="154101" z="-3488" heading="60378" />
		<spawn npcId="23201" x="51819" y="153752" z="-3464" heading="46250" />
		<spawn npcId="23201" x="52163" y="150483" z="-2408" heading="53569" />
		<spawn npcId="23201" x="52322" y="145410" z="-2840" heading="31481" />
		<spawn npcId="23201" x="52602" y="148703" z="-2424" heading="50506" />
		<spawn npcId="23201" x="53963" y="151053" z="-2464" heading="29685" />
		<spawn npcId="23201" x="54019" y="149879" z="-2504" heading="14507" />
		<spawn npcId="23201" x="54664" y="143468" z="-3024" heading="37802" />
		<spawn npcId="23201" x="54718" y="152181" z="-2440" heading="36985" />
		<spawn npcId="23201" x="54789" y="146621" z="-2944" heading="41737" />
		<spawn npcId="23201" x="55671" y="144874" z="-3024" heading="40769" />
		<!-- null -->
		<spawn npcId="23202" x="36928" y="150453" z="-3488" heading="36946" />
		<spawn npcId="23202" x="37293" y="147089" z="-3672" heading="49941" />
		<spawn npcId="23202" x="37593" y="150631" z="-3624" heading="4729" />
		<spawn npcId="23202" x="37601" y="150766" z="-3608" heading="4889" />
		<spawn npcId="23202" x="37710" y="146240" z="-3680" heading="49153" />
		<spawn npcId="23202" x="39700" y="151158" z="-3688" heading="64863" />
		<spawn npcId="23202" x="40151" y="151201" z="-3688" heading="6116" />
		<spawn npcId="23202" x="42520" y="150617" z="-3616" heading="40348" />
		<spawn npcId="23202" x="42539" y="145917" z="-3712" heading="38345" />
		<spawn npcId="23202" x="42638" y="151130" z="-3728" heading="16819" />
		<spawn npcId="23202" x="42757" y="151651" z="-3544" heading="1311" />
		<spawn npcId="23202" x="42807" y="151092" z="-3720" heading="51665" />
		<spawn npcId="23202" x="42841" y="147194" z="-3688" heading="40263" />
		<spawn npcId="23202" x="43021" y="147239" z="-3664" heading="55023" />
		<spawn npcId="23202" x="43041" y="149226" z="-3672" heading="50911" />
		<spawn npcId="23202" x="43046" y="145915" z="-3736" heading="32619" />
		<spawn npcId="23202" x="43077" y="148817" z="-3672" heading="42115" />
		<spawn npcId="23202" x="43223" y="149442" z="-3680" heading="54373" />
		<spawn npcId="23202" x="43436" y="147476" z="-3624" heading="4530" />
		<spawn npcId="23202" x="43493" y="150159" z="-3384" heading="45116" />
		<spawn npcId="23202" x="44515" y="146632" z="-3664" heading="5820" />
		<spawn npcId="23202" x="44793" y="150319" z="-3624" heading="42464" />
		<spawn npcId="23202" x="44830" y="150604" z="-3752" heading="50957" />
		<spawn npcId="23202" x="45343" y="146437" z="-3688" heading="58332" />
		<spawn npcId="23202" x="45630" y="147059" z="-3680" heading="40167" />
		<spawn npcId="23202" x="45930" y="148040" z="-3672" heading="4223" />
		<spawn npcId="23202" x="45942" y="147674" z="-3688" heading="13203" />
		<spawn npcId="23202" x="46025" y="148458" z="-3656" heading="44023" />
		<spawn npcId="23202" x="46497" y="144403" z="-3720" heading="16860" />
		<spawn npcId="23202" x="46785" y="145228" z="-3680" heading="2960" />
		<spawn npcId="23202" x="47022" y="145149" z="-3688" heading="30952" />
		<spawn npcId="23202" x="47052" y="146198" z="-3544" heading="2842" />
		<spawn npcId="23202" x="48000" y="149440" z="-3672" heading="4597" />
		<spawn npcId="23202" x="48029" y="149675" z="-3616" heading="61259" />
		<spawn npcId="23202" x="48263" y="148803" z="-3656" heading="38477" />
		<spawn npcId="23202" x="48978" y="145786" z="-3592" heading="8612" />
		<spawn npcId="23202" x="49058" y="146552" z="-3456" heading="61656" />
		<spawn npcId="23202" x="49063" y="149898" z="-3600" heading="43101" />
		<spawn npcId="23202" x="49086" y="143883" z="-3744" heading="12952" />
		<spawn npcId="23202" x="49160" y="146664" z="-3440" heading="41838" />
		<spawn npcId="23202" x="49274" y="150325" z="-3568" heading="38771" />
		<spawn npcId="23202" x="49370" y="143566" z="-3696" heading="3665" />
		<spawn npcId="23202" x="49457" y="142756" z="-3752" heading="43658" />
		<spawn npcId="23202" x="49541" y="143628" z="-3648" heading="46769" />
		<spawn npcId="23202" x="49617" y="147550" z="-3440" heading="17375" />
		<spawn npcId="23202" x="50018" y="151519" z="-3544" heading="42343" />
		<spawn npcId="23202" x="50031" y="146513" z="-3592" heading="4703" />
		<spawn npcId="23202" x="50336" y="142194" z="-3640" heading="325" />
		<spawn npcId="23202" x="50591" y="141002" z="-3696" heading="43947" />
		<spawn npcId="23202" x="50728" y="141042" z="-3696" heading="535" />
		<spawn npcId="23202" x="50877" y="147044" z="-3744" heading="41351" />
		<spawn npcId="23202" x="51210" y="153363" z="-3528" heading="13098" />
		<spawn npcId="23202" x="51511" y="143026" z="-2776" heading="49390" />
		<spawn npcId="23202" x="51688" y="153879" z="-3504" heading="35281" />
		<spawn npcId="23202" x="52268" y="149109" z="-2416" heading="32057" />
		<spawn npcId="23202" x="52640" y="149161" z="-2416" heading="50398" />
		<spawn npcId="23202" x="53231" y="150133" z="-2448" heading="5650" />
		<spawn npcId="23202" x="53280" y="152260" z="-2384" heading="35560" />
		<spawn npcId="23202" x="53566" y="144950" z="-3024" heading="39534" />
		<spawn npcId="23202" x="53996" y="143147" z="-2912" heading="57403" />
		<spawn npcId="23202" x="54213" y="150787" z="-2448" heading="42528" />
		<spawn npcId="23202" x="54380" y="148945" z="-2528" heading="58017" />
		<spawn npcId="23202" x="54408" y="147199" z="-2912" heading="32799" />
		<spawn npcId="23202" x="55307" y="144896" z="-2968" heading="62410" />
		<!-- null -->
		<spawn npcId="23203" x="51544" y="143304" z="-2800" heading="31258" />
		<spawn npcId="23203" x="51584" y="151461" z="-2416" heading="7510" />
		<spawn npcId="23203" x="51650" y="143741" z="-2792" heading="6285" />
		<spawn npcId="23203" x="52156" y="149975" z="-2384" heading="63226" />
		<spawn npcId="23203" x="52533" y="147805" z="-2432" heading="38297" />
		<spawn npcId="23203" x="53278" y="151670" z="-2440" heading="40768" />
		<spawn npcId="23203" x="54135" y="152526" z="-2408" heading="4404" />
		<spawn npcId="23203" x="54171" y="145104" z="-3048" heading="16383" />
		<spawn npcId="23203" x="54194" y="145407" z="-3080" heading="31538" />
		<spawn npcId="23203" x="54598" y="145746" z="-3080" heading="17212" />
		<spawn npcId="23203" x="54665" y="143091" z="-2952" heading="60762" />
		<spawn npcId="23203" x="54911" y="147480" z="-2816" heading="6132" />
		<spawn npcId="23203" x="55064" y="144670" z="-3000" heading="44500" />
		<spawn npcId="23203" x="55203" y="147484" z="-2856" heading="48787" />
		<spawn npcId="23203" x="55283" y="142726" z="-2896" heading="21878" />
		<spawn npcId="23203" x="55294" y="149660" z="-2392" heading="59900" />
		<!-- null -->
		<spawn npcId="23204" x="50926" y="150693" z="-2408" heading="27320" />
		<spawn npcId="23204" x="51409" y="142996" z="-2776" heading="37748" />
		<spawn npcId="23204" x="51437" y="148621" z="-2432" heading="60701" />
		<spawn npcId="23204" x="51623" y="149665" z="-2416" heading="9540" />
		<spawn npcId="23204" x="51808" y="149258" z="-2416" heading="37527" />
		<spawn npcId="23204" x="52024" y="142883" z="-2792" heading="2702" />
		<spawn npcId="23204" x="52157" y="145602" z="-2784" heading="27970" />
		<spawn npcId="23204" x="52223" y="145419" z="-2808" heading="41266" />
		<spawn npcId="23204" x="52320" y="150917" z="-2440" heading="24590" />
		<spawn npcId="23204" x="52373" y="149788" z="-2392" heading="46250" />
		<spawn npcId="23204" x="52448" y="150871" z="-2440" heading="9427" />
		<spawn npcId="23204" x="52484" y="148518" z="-2424" heading="25362" />
		<spawn npcId="23204" x="52810" y="151451" z="-2448" heading="26706" />
		<spawn npcId="23204" x="53204" y="152161" z="-2384" heading="24579" />
		<spawn npcId="23204" x="53401" y="151983" z="-2408" heading="51787" />
		<spawn npcId="23204" x="53514" y="152767" z="-2376" heading="60438" />
		<spawn npcId="23204" x="53787" y="143372" z="-2960" heading="64615" />
		<spawn npcId="23204" x="53831" y="151541" z="-2456" heading="42976" />
		<spawn npcId="23204" x="53887" y="151295" z="-2464" heading="28831" />
		<spawn npcId="23204" x="54096" y="148822" z="-2480" heading="60154" />
		<spawn npcId="23204" x="54333" y="151604" z="-2456" heading="38794" />
		<spawn npcId="23204" x="54584" y="148683" z="-2544" heading="10968" />
		<spawn npcId="23204" x="54778" y="142631" z="-2896" heading="6778" />
		<spawn npcId="23204" x="54980" y="145122" z="-3000" heading="55104" />
		<spawn npcId="23204" x="55031" y="144680" z="-3000" heading="61519" />
		<spawn npcId="23204" x="55114" y="147491" z="-2832" heading="59766" />
		<spawn npcId="23204" x="55198" y="149467" z="-2392" heading="24114" />
		<spawn npcId="23204" x="55294" y="145163" z="-3040" heading="49500" />
		<spawn npcId="23204" x="55340" y="146977" z="-2936" heading="53699" />
		<!-- null -->
		<spawn npcId="23205" x="41775" y="140173" z="-1464" heading="56360" />
		<spawn npcId="23205" x="42081" y="140897" z="-1480" heading="33722" />
		<spawn npcId="23205" x="42229" y="140807" z="-1480" heading="43501" />
		<spawn npcId="23205" x="42260" y="139953" z="-1456" heading="51697" />
		<spawn npcId="23205" x="42424" y="144642" z="-3112" heading="4057" />
		<spawn npcId="23205" x="42540" y="143327" z="-2560" heading="64780" />
		<spawn npcId="23205" x="43105" y="145129" z="-3120" heading="41388" />
		<spawn npcId="23205" x="43688" y="151771" z="-2760" heading="12469" />
		<spawn npcId="23205" x="44183" y="141057" z="-2552" heading="5696" />
		<spawn npcId="23205" x="44272" y="141875" z="-2552" heading="59452" />
		<spawn npcId="23205" x="44430" y="142271" z="-2552" heading="24298" />
		<spawn npcId="23205" x="44460" y="141124" z="-2552" heading="525" />
		<spawn npcId="23205" x="44559" y="143673" z="-3112" heading="27309" />
		<spawn npcId="23205" x="44602" y="151696" z="-2760" heading="63598" />
		<spawn npcId="23205" x="44841" y="142545" z="-2560" heading="20840" />
		<spawn npcId="23205" x="44869" y="140427" z="-2560" heading="2500" />
		<spawn npcId="23205" x="44938" y="140317" z="-2560" heading="11640" />
		<spawn npcId="23205" x="45112" y="151452" z="-2760" heading="63798" />
		<spawn npcId="23205" x="45355" y="153339" z="-1936" heading="56021" />
		<spawn npcId="23205" x="45411" y="153972" z="-1936" heading="2480" />
		<spawn npcId="23205" x="45562" y="153057" z="-1952" heading="26243" />
		<spawn npcId="23205" x="45707" y="152781" z="-1952" heading="16863" />
		<spawn npcId="23205" x="45720" y="143155" z="-3120" heading="15162" />
		<spawn npcId="23205" x="46161" y="141613" z="-3112" heading="53132" />
		<spawn npcId="23205" x="46463" y="151120" z="-2760" heading="49457" />
		<spawn npcId="23205" x="46768" y="153918" z="-1920" heading="64656" />
		<spawn npcId="23205" x="47195" y="141265" z="-3112" heading="47430" />
		<spawn npcId="23205" x="47408" y="150508" z="-2760" heading="45797" />
		<spawn npcId="23205" x="47453" y="140925" z="-3120" heading="25410" />
		<spawn npcId="23205" x="47558" y="154878" z="-1944" heading="29960" />
		<spawn npcId="23205" x="47595" y="154347" z="-1936" heading="4445" />
		<spawn npcId="23205" x="47720" y="142176" z="-3112" heading="41737" />
		<spawn npcId="23205" x="48005" y="155272" z="-1952" heading="36125" />
		<spawn npcId="23205" x="48346" y="151611" z="-2752" heading="63966" />
		<spawn npcId="23205" x="48826" y="154498" z="-2736" heading="64796" />
		<spawn npcId="23205" x="48911" y="141505" z="-3112" heading="5891" />
		<spawn npcId="23205" x="48961" y="152223" z="-2752" heading="20924" />
		<spawn npcId="23205" x="49041" y="152663" z="-2744" heading="1455" />
		<spawn npcId="23205" x="49264" y="141157" z="-3112" heading="60370" />
		<spawn npcId="23205" x="49714" y="140642" z="-3064" heading="32767" />
		<spawn npcId="23205" x="49885" y="153271" z="-2760" heading="63871" />
		<spawn npcId="23205" x="50648" y="155173" z="-2752" heading="45431" />
		<spawn npcId="23205" x="50660" y="155236" z="-2752" heading="37527" />
		<!-- null -->
		<spawn npcId="23206" x="51166" y="143899" z="-2776" heading="32680" />
		<spawn npcId="23206" x="51583" y="151797" z="-2408" heading="38421" />
		<spawn npcId="23206" x="51755" y="151012" z="-2424" heading="64238" />
		<spawn npcId="23206" x="51758" y="142928" z="-2792" heading="4914" />
		<spawn npcId="23206" x="51931" y="147873" z="-2424" heading="7945" />
		<spawn npcId="23206" x="51932" y="148198" z="-2416" heading="56055" />
		<spawn npcId="23206" x="51956" y="151977" z="-2416" heading="61481" />
		<spawn npcId="23206" x="52041" y="155628" z="-1952" heading="21177" />
		<spawn npcId="23206" x="52044" y="150681" z="-2440" heading="20207" />
		<spawn npcId="23206" x="52192" y="149324" z="-2416" heading="64607" />
		<spawn npcId="23206" x="52225" y="155440" z="-1952" heading="10505" />
		<spawn npcId="23206" x="52398" y="155884" z="-1952" heading="44459" />
		<spawn npcId="23206" x="52485" y="149627" z="-2400" heading="21180" />
		<spawn npcId="23206" x="52507" y="148273" z="-2416" heading="45988" />
		<spawn npcId="23206" x="52542" y="155452" z="-1952" heading="34643" />
		<spawn npcId="23206" x="52648" y="155433" z="-1952" heading="14034" />
		<spawn npcId="23206" x="52700" y="155449" z="-1952" heading="7410" />
		<spawn npcId="23206" x="52722" y="155589" z="-1952" heading="16645" />
		<spawn npcId="23206" x="52806" y="155308" z="-1952" heading="46511" />
		<spawn npcId="23206" x="52857" y="155500" z="-1952" heading="7264" />
		<spawn npcId="23206" x="52868" y="155568" z="-1952" heading="13321" />
		<spawn npcId="23206" x="52976" y="153297" z="-2384" heading="48718" />
		<spawn npcId="23206" x="53303" y="151406" z="-2472" heading="27093" />
		<spawn npcId="23206" x="53472" y="153000" z="-2376" heading="32419" />
		<spawn npcId="23206" x="53555" y="145374" z="-3072" heading="57653" />
		<spawn npcId="23206" x="53818" y="145781" z="-3088" heading="52672" />
		<spawn npcId="23206" x="53935" y="149551" z="-2512" heading="18840" />
		<spawn npcId="23206" x="54312" y="152069" z="-2400" heading="57467" />
		<spawn npcId="23206" x="54491" y="151550" z="-2440" heading="61713" />
		<spawn npcId="23206" x="54550" y="151654" z="-2440" heading="33899" />
		<spawn npcId="23206" x="54634" y="149151" z="-2488" heading="65275" />
		<spawn npcId="23206" x="54647" y="143025" z="-2944" heading="16849" />
		<spawn npcId="23206" x="55091" y="145231" z="-3016" heading="23217" />
		<spawn npcId="23206" x="55126" y="149591" z="-2416" heading="51339" />
		<spawn npcId="23206" x="55191" y="143199" z="-2992" heading="17876" />
		<spawn npcId="23206" x="55297" y="146873" z="-2936" heading="19257" />
		<spawn npcId="23206" x="55586" y="146837" z="-2944" heading="9934" />
		<spawn npcId="23206" x="55726" y="144861" z="-3032" heading="13314" />
		<!-- null -->
		<spawn npcId="23207" x="40895" y="148304" z="-3696" heading="39158" />
		<spawn npcId="23207" x="41076" y="149482" z="-3840" heading="65362" />
		<spawn npcId="23207" x="42216" y="144744" z="-3112" heading="16383" />
		<spawn npcId="23207" x="45105" y="143594" z="-3112" heading="24246" />
		<spawn npcId="23207" x="47050" y="150900" z="-2752" heading="46345" />
		<spawn npcId="23207" x="47173" y="142374" z="-3120" heading="39825" />
		<spawn npcId="23207" x="48020" y="141270" z="-3112" heading="11200" />
		<spawn npcId="23207" x="49456" y="154583" z="-2800" heading="12176" />
		<spawn npcId="23207" x="49897" y="153427" z="-2760" heading="63661" />
		<spawn npcId="23207" x="51987" y="142756" z="-2792" heading="39816" />
		<spawn npcId="23207" x="52986" y="145032" z="-3000" heading="36812" />
		<spawn npcId="23207" x="54660" y="143681" z="-3056" heading="51132" />
		<spawn npcId="23207" x="55090" y="146316" z="-2968" heading="58246" />
		<spawn npcId="23207" x="55164" y="147465" z="-2848" heading="45141" />
		<!-- null -->
		<spawn npcId="23208" x="37433" y="150325" z="-3648" heading="44595" />
		<spawn npcId="23208" x="37622" y="146937" z="-3672" heading="65115" />
		<spawn npcId="23208" x="37859" y="145784" z="-3680" heading="22254" />
		<spawn npcId="23208" x="39524" y="151110" z="-3688" heading="42981" />
		<spawn npcId="23208" x="39651" y="151222" z="-3680" heading="26576" />
		<spawn npcId="23208" x="40093" y="151152" z="-3712" heading="4397" />
		<spawn npcId="23208" x="42500" y="146633" z="-3680" heading="18812" />
		<spawn npcId="23208" x="42706" y="146959" z="-3688" heading="24797" />
		<spawn npcId="23208" x="42765" y="150659" z="-3624" heading="63313" />
		<spawn npcId="23208" x="42818" y="151131" z="-3720" heading="8787" />
		<spawn npcId="23208" x="42940" y="147089" z="-3680" heading="42503" />
		<spawn npcId="23208" x="42948" y="151380" z="-3656" heading="24935" />
		<spawn npcId="23208" x="43002" y="149727" z="-3728" heading="50192" />
		<spawn npcId="23208" x="43059" y="149211" z="-3672" heading="33290" />
		<spawn npcId="23208" x="43112" y="147352" z="-3672" heading="53102" />
		<spawn npcId="23208" x="43234" y="146500" z="-3632" heading="42924" />
		<spawn npcId="23208" x="43347" y="148840" z="-3672" heading="27931" />
		<spawn npcId="23208" x="43364" y="147212" z="-3616" heading="19783" />
		<spawn npcId="23208" x="43549" y="146821" z="-3616" heading="262" />
		<spawn npcId="23208" x="44231" y="149386" z="-3576" heading="15476" />
		<spawn npcId="23208" x="44578" y="149084" z="-3616" heading="6627" />
		<spawn npcId="23208" x="45229" y="149152" z="-3624" heading="49222" />
		<spawn npcId="23208" x="45745" y="148721" z="-3488" heading="27299" />
		<spawn npcId="23208" x="46051" y="146213" z="-3720" heading="40262" />
		<spawn npcId="23208" x="46290" y="146763" z="-3696" heading="3867" />
		<spawn npcId="23208" x="46360" y="147772" z="-3688" heading="21500" />
		<spawn npcId="23208" x="46375" y="146440" z="-3744" heading="45471" />
		<spawn npcId="23208" x="46502" y="143834" z="-3680" heading="63860" />
		<spawn npcId="23208" x="46616" y="143620" z="-3688" heading="22373" />
		<spawn npcId="23208" x="46617" y="147998" z="-3688" heading="60026" />
		<spawn npcId="23208" x="46781" y="146478" z="-3648" heading="1150" />
		<spawn npcId="23208" x="46880" y="145297" z="-3680" heading="25016" />
		<spawn npcId="23208" x="47358" y="149836" z="-3576" heading="6016" />
		<spawn npcId="23208" x="48346" y="143137" z="-3712" heading="34092" />
		<spawn npcId="23208" x="48442" y="149217" z="-3744" heading="49570" />
		<spawn npcId="23208" x="48470" y="143106" z="-3696" heading="19243" />
		<spawn npcId="23208" x="48598" y="145056" z="-3560" heading="11267" />
		<spawn npcId="23208" x="48621" y="149100" z="-3664" heading="35460" />
		<spawn npcId="23208" x="49001" y="149946" z="-3592" heading="44131" />
		<spawn npcId="23208" x="49295" y="143613" z="-3736" heading="55792" />
		<spawn npcId="23208" x="49318" y="143953" z="-3736" heading="2798" />
		<spawn npcId="23208" x="49332" y="146871" z="-3400" heading="57197" />
		<spawn npcId="23208" x="49390" y="146233" z="-3552" heading="53309" />
		<spawn npcId="23208" x="49444" y="142635" z="-3752" heading="15835" />
		<spawn npcId="23208" x="49634" y="142542" z="-3756" heading="18071" />
		<spawn npcId="23208" x="49890" y="146144" z="-3632" heading="4117" />
		<spawn npcId="23208" x="49988" y="147609" z="-3512" heading="14262" />
		<spawn npcId="23208" x="50047" y="145909" z="-3704" heading="15229" />
		<spawn npcId="23208" x="50952" y="140941" z="-3624" heading="50295" />
		<spawn npcId="23208" x="51057" y="141016" z="-3624" heading="54861" />
		<spawn npcId="23208" x="51387" y="153841" z="-3520" heading="40679" />
		<spawn npcId="23208" x="51843" y="154180" z="-3432" heading="51456" />
		<spawn npcId="23208" x="52368" y="142748" z="-2784" heading="63642" />
		<spawn npcId="23208" x="53784" y="146408" z="-2928" heading="22684" />
		<spawn npcId="23208" x="53961" y="143372" z="-2984" heading="48424" />
		<spawn npcId="23208" x="54836" y="145885" z="-3032" heading="4532" />
		<spawn npcId="23208" x="56129" y="146787" z="-2912" heading="12033" />
		<!-- null -->
		<spawn npcId="23209" x="42012" y="141119" z="-1464" heading="65449" />
		<spawn npcId="23209" x="42191" y="143196" z="-2560" heading="54819" />
		<spawn npcId="23209" x="42675" y="140815" z="-1480" heading="48575" />
		<spawn npcId="23209" x="42775" y="144486" z="-3112" heading="49327" />
		<spawn npcId="23209" x="42790" y="139991" z="-1480" heading="13534" />
		<spawn npcId="23209" x="42974" y="140759" z="-1480" heading="61988" />
		<spawn npcId="23209" x="43369" y="144787" z="-3120" heading="54163" />
		<spawn npcId="23209" x="43861" y="142651" z="-2552" heading="23593" />
		<spawn npcId="23209" x="43908" y="153480" z="-1944" heading="14102" />
		<spawn npcId="23209" x="44039" y="151913" z="-2760" heading="0" />
		<spawn npcId="23209" x="44145" y="151798" z="-2760" heading="37802" />
		<spawn npcId="23209" x="44211" y="143760" z="-3112" heading="65420" />
		<spawn npcId="23209" x="44246" y="153426" z="-1944" heading="65449" />
		<spawn npcId="23209" x="44324" y="140849" z="-2552" heading="17171" />
		<spawn npcId="23209" x="44448" y="140959" z="-2552" heading="36125" />
		<spawn npcId="23209" x="44551" y="140532" z="-2552" heading="33550" />
		<spawn npcId="23209" x="44598" y="141987" z="-2552" heading="15378" />
		<spawn npcId="23209" x="44935" y="153381" z="-1928" heading="43388" />
		<spawn npcId="23209" x="45314" y="152902" z="-1952" heading="5032" />
		<spawn npcId="23209" x="45841" y="152870" z="-1952" heading="27467" />
		<spawn npcId="23209" x="46106" y="142945" z="-3120" heading="42207" />
		<spawn npcId="23209" x="46125" y="141172" z="-3072" heading="6205" />
		<spawn npcId="23209" x="46218" y="142230" z="-3104" heading="17839" />
		<spawn npcId="23209" x="46920" y="154193" z="-1936" heading="30149" />
		<spawn npcId="23209" x="46926" y="142358" z="-3112" heading="37798" />
		<spawn npcId="23209" x="47121" y="154355" z="-1936" heading="40900" />
		<spawn npcId="23209" x="47152" y="141230" z="-3112" heading="58360" />
		<spawn npcId="23209" x="47334" y="150733" z="-2760" heading="51118" />
		<spawn npcId="23209" x="47555" y="150807" z="-2736" heading="50719" />
		<spawn npcId="23209" x="47619" y="155129" z="-1952" heading="59900" />
		<spawn npcId="23209" x="47809" y="154388" z="-1952" heading="48171" />
		<spawn npcId="23209" x="48572" y="152949" z="-2752" heading="53963" />
		<spawn npcId="23209" x="48745" y="141452" z="-3112" heading="5425" />
		<spawn npcId="23209" x="49002" y="154225" z="-2752" heading="25503" />
		<spawn npcId="23209" x="49084" y="151804" z="-2760" heading="64607" />
		<spawn npcId="23209" x="49549" y="140672" z="-3064" heading="30149" />
		<spawn npcId="23209" x="49940" y="154175" z="-2760" heading="52637" />
		<!-- null -->
		<spawn npcId="23210" x="37894" y="148725" z="-3768" heading="0" />
		<spawn npcId="23210" x="38740" y="149763" z="-3896" heading="1702" />
		<spawn npcId="23210" x="39192" y="150641" z="-3792" heading="0" />
		<spawn npcId="23210" x="39286" y="150456" z="-3832" heading="0" />
		<spawn npcId="23210" x="39380" y="150271" z="-3840" heading="0" />
		<spawn npcId="23210" x="39528" y="149554" z="-3896" heading="0" />
		<spawn npcId="23210" x="39836" y="146539" z="-3888" heading="62119" />
		<spawn npcId="23210" x="40164" y="149508" z="-3896" heading="0" />
		<spawn npcId="23210" x="40588" y="149416" z="-3896" heading="0" />
		<!-- null -->
		<spawn npcId="23211" x="38035" y="148911" z="-3792" heading="29137" />
		<spawn npcId="23211" x="38680" y="149416" z="-3896" heading="10062" />
		<spawn npcId="23211" x="38773" y="149711" z="-3888" heading="2477" />
		<spawn npcId="23211" x="38839" y="149795" z="-3888" heading="848" />
		<spawn npcId="23211" x="38998" y="149646" z="-3888" heading="0" />
		<spawn npcId="23211" x="39342" y="145978" z="-3856" heading="61970" />
		<spawn npcId="23211" x="39474" y="150493" z="-3808" heading="0" />
		<spawn npcId="23211" x="39528" y="149922" z="-3896" heading="0" />
		<spawn npcId="23211" x="39846" y="149508" z="-3896" heading="0" />
		<spawn npcId="23211" x="40016" y="145942" z="-3888" heading="19873" />
		<spawn npcId="23211" x="40376" y="149370" z="-3896" heading="0" />
		<spawn npcId="23211" x="40604" y="146080" z="-3880" heading="57008" />
		<spawn npcId="23211" x="40749" y="145861" z="-3808" heading="40273" />
		<!-- null -->
		<spawn npcId="23240" x="37377" y="149531" z="-3744" heading="7957" />
		<spawn npcId="23240" x="37659" y="149531" z="-3800" heading="18486" />
		<spawn npcId="23240" x="38176" y="149283" z="-3840" heading="63749" />
		<spawn npcId="23240" x="38319" y="145591" z="-3680" heading="4772" />
		<spawn npcId="23240" x="38409" y="145591" z="-3696" heading="36607" />
		<spawn npcId="23240" x="38679" y="145415" z="-3728" heading="956" />
		<spawn npcId="23240" x="38680" y="149416" z="-3896" heading="63805" />
		<spawn npcId="23240" x="38998" y="149646" z="-3888" heading="51689" />
		<spawn npcId="23240" x="39051" y="150604" z="-3792" heading="10264" />
		<spawn npcId="23240" x="39145" y="150419" z="-3824" heading="55781" />
		<spawn npcId="23240" x="39145" y="150419" z="-3824" heading="56352" />
		<spawn npcId="23240" x="39210" y="149876" z="-3896" heading="25993" />
		<spawn npcId="23240" x="39290" y="146289" z="-3864" heading="11546" />
		<spawn npcId="23240" x="39290" y="146365" z="-3888" heading="22563" />
		<spawn npcId="23240" x="39316" y="149646" z="-3896" heading="38916" />
		<spawn npcId="23240" x="39380" y="150271" z="-3840" heading="17503" />
		<spawn npcId="23240" x="39384" y="146517" z="-3888" heading="32673" />
		<spawn npcId="23240" x="39464" y="148412" z="-3768" heading="55228" />
		<spawn npcId="23240" x="39474" y="150493" z="-3808" heading="24527" />
		<spawn npcId="23240" x="39528" y="149922" z="-3896" heading="14027" />
		<spawn npcId="23240" x="39563" y="148447" z="-3768" heading="33274" />
		<spawn npcId="23240" x="39563" y="148447" z="-3768" heading="60554" />
		<spawn npcId="23240" x="39634" y="149600" z="-3896" heading="23492" />
		<spawn npcId="23240" x="39846" y="149508" z="-3896" heading="1852" />
		<spawn npcId="23240" x="39948" y="145909" z="-3864" heading="48528" />
		<spawn npcId="23240" x="40136" y="146289" z="-3888" heading="22801" />
		<spawn npcId="23240" x="40164" y="149508" z="-3896" heading="43483" />
		<spawn npcId="23240" x="40270" y="150106" z="-3896" heading="6355" />
		<spawn npcId="23240" x="40376" y="149370" z="-3896" heading="31758" />
		<spawn npcId="23240" x="40376" y="149370" z="-3896" heading="6102" />
		<spawn npcId="23240" x="40413" y="148893" z="-3832" heading="37350" />
		<spawn npcId="23240" x="40418" y="147125" z="-3816" heading="32973" />
		<spawn npcId="23240" x="40588" y="149416" z="-3896" heading="41579" />
		<spawn npcId="23240" x="40672" y="145985" z="-3816" heading="17603" />
		<spawn npcId="23240" x="40807" y="146043" z="-3808" heading="7689" />
		<spawn npcId="23240" x="40882" y="149250" z="-3840" heading="58333" />
		<spawn npcId="23240" x="40942" y="145869" z="-3800" heading="39750" />
		<spawn npcId="23240" x="40949" y="148638" z="-3776" heading="38478" />
		<spawn npcId="23240" x="52526" y="142071" z="-2704" heading="938" />
		<spawn npcId="23240" x="52786" y="141749" z="-2776" heading="27496" />
		<spawn npcId="23240" x="53046" y="141841" z="-2696" heading="45537" />
		<spawn npcId="23240" x="53356" y="141788" z="-2752" heading="53307" />
		<spawn npcId="23240" x="53424" y="141722" z="-2728" heading="46529" />
		<spawn npcId="23240" x="53492" y="141722" z="-2712" heading="62400" />
		<spawn npcId="23240" x="53560" y="141920" z="-2744" heading="1152" />
		<spawn npcId="23240" x="53560" y="141920" z="-2744" heading="5362" />
		<spawn npcId="23240" x="53628" y="142184" z="-2776" heading="52905" />
		<spawn npcId="23240" x="55378" y="141232" z="-2776" heading="4362" />
		<spawn npcId="23240" x="55413" y="141524" z="-2776" heading="34278" />
		<spawn npcId="23240" x="55658" y="141524" z="-2776" heading="21996" />
		<spawn npcId="23240" x="55924" y="141304" z="-2776" heading="23522" />
		<spawn npcId="23240" x="56005" y="142018" z="-2776" heading="29515" />
		<spawn npcId="23240" x="56032" y="141304" z="-2776" heading="2416" />
		<!-- null -->
		<spawn npcId="23241" x="37612" y="149159" z="-3776" heading="53912" />
		<spawn npcId="23241" x="37706" y="149655" z="-3800" heading="21158" />
		<spawn npcId="23241" x="37894" y="148725" z="-3768" heading="18222" />
		<spawn npcId="23241" x="38319" y="145635" z="-3680" heading="25427" />
		<spawn npcId="23241" x="38454" y="145503" z="-3688" heading="47798" />
		<spawn npcId="23241" x="38454" y="145591" z="-3704" heading="54938" />
		<spawn npcId="23241" x="38892" y="149646" z="-3896" heading="50933" />
		<spawn npcId="23241" x="38998" y="149508" z="-3896" heading="35694" />
		<spawn npcId="23241" x="39192" y="150641" z="-3792" heading="53265" />
		<spawn npcId="23241" x="39239" y="150678" z="-3760" heading="23634" />
		<spawn npcId="23241" x="39286" y="150456" z="-3832" heading="19347" />
		<spawn npcId="23241" x="39290" y="146213" z="-3864" heading="53443" />
		<spawn npcId="23241" x="39290" y="146517" z="-3888" heading="30574" />
		<spawn npcId="23241" x="39316" y="149784" z="-3896" heading="28263" />
		<spawn npcId="23241" x="39384" y="145985" z="-3872" heading="48744" />
		<spawn npcId="23241" x="39464" y="148552" z="-3776" heading="47560" />
		<spawn npcId="23241" x="39521" y="150308" z="-3832" heading="14611" />
		<spawn npcId="23241" x="39521" y="150382" z="-3832" heading="63352" />
		<spawn npcId="23241" x="39528" y="149554" z="-3896" heading="28386" />
		<spawn npcId="23241" x="39756" y="150419" z="-3816" heading="46086" />
		<spawn npcId="23241" x="39760" y="146365" z="-3888" heading="9372" />
		<spawn npcId="23241" x="39854" y="147201" z="-3816" heading="2644" />
		<spawn npcId="23241" x="39952" y="149508" z="-3896" heading="2537" />
		<spawn npcId="23241" x="39959" y="148482" z="-3776" heading="46531" />
		<spawn npcId="23241" x="40058" y="148412" z="-3776" heading="45482" />
		<spawn npcId="23241" x="40136" y="145985" z="-3896" heading="56965" />
		<spawn npcId="23241" x="40270" y="149830" z="-3896" heading="34420" />
		<spawn npcId="23241" x="40270" y="149876" z="-3896" heading="40649" />
		<spawn npcId="23241" x="40480" y="148995" z="-3848" heading="58631" />
		<spawn npcId="23241" x="40717" y="146101" z="-3816" heading="37500" />
		<spawn npcId="23241" x="40807" y="146159" z="-3816" heading="22796" />
		<spawn npcId="23241" x="40897" y="146159" z="-3816" heading="36150" />
		<spawn npcId="23241" x="41217" y="148485" z="-3776" heading="48858" />
		<spawn npcId="23241" x="41217" y="148587" z="-3776" heading="33941" />
		<spawn npcId="23241" x="52578" y="141887" z="-2776" heading="42890" />
		<spawn npcId="23241" x="52682" y="141611" z="-2776" heading="20141" />
		<spawn npcId="23241" x="52786" y="141887" z="-2776" heading="41688" />
		<spawn npcId="23241" x="53084" y="141524" z="-2752" heading="54281" />
		<spawn npcId="23241" x="53220" y="141326" z="-2672" heading="16293" />
		<spawn npcId="23241" x="53560" y="141854" z="-2744" heading="48303" />
		<spawn npcId="23241" x="53560" y="142184" z="-2776" heading="28788" />
		<spawn npcId="23241" x="53628" y="141986" z="-2776" heading="33913" />
		<spawn npcId="23241" x="53696" y="141392" z="-2608" heading="28654" />
		<spawn npcId="23241" x="55448" y="141597" z="-2776" heading="35736" />
		<spawn npcId="23241" x="55588" y="141451" z="-2776" heading="42341" />
		<spawn npcId="23241" x="55623" y="141597" z="-2776" heading="31814" />
		<spawn npcId="23241" x="55924" y="141304" z="-2776" heading="2373" />
		<spawn npcId="23241" x="55951" y="141457" z="-2776" heading="56681" />
		<spawn npcId="23241" x="56005" y="141457" z="-2776" heading="51405" />
		<!-- null -->
		<spawn npcId="23245" x="42297" y="147890" z="-3672" heading="16466" />
		<spawn npcId="23245" x="42300" y="143564" z="-2376" heading="50949" />
		<spawn npcId="23245" x="42554" y="148605" z="-3672" heading="47931" />
		<spawn npcId="23245" x="43028" y="145534" z="-3024" heading="45898" />
		<spawn npcId="23245" x="43589" y="151563" z="-2624" heading="11547" />
		<spawn npcId="23245" x="44080" y="143360" z="-2384" heading="45380" />
		<spawn npcId="23245" x="45260" y="144354" z="-3024" heading="40412" />
		<spawn npcId="23245" x="45372" y="151146" z="-2632" heading="12082" />
		<spawn npcId="23245" x="46386" y="152277" z="-1808" heading="18749" />
		<spawn npcId="23245" x="46699" y="143225" z="-3016" heading="45487" />
		<spawn npcId="23245" x="47651" y="153717" z="-1840" heading="26508" />
		<spawn npcId="23245" x="48245" y="147401" z="-3408" heading="26037" />
		<spawn npcId="23245" x="48471" y="150225" z="-2616" heading="22272" />
		<spawn npcId="23245" x="48941" y="148017" z="-3408" heading="19739" />
		<spawn npcId="23245" x="49115" y="150851" z="-2656" heading="25729" />
		<spawn npcId="23245" x="49165" y="147132" z="-3400" heading="50566" />
		<spawn npcId="23245" x="49510" y="147670" z="-3424" heading="1933" />
		<spawn npcId="23245" x="50383" y="142950" z="-2640" heading="1039" />
		<spawn npcId="23245" x="50710" y="139797" z="-2456" heading="40961" />
		<spawn npcId="23245" x="50796" y="153709" z="-2656" heading="29291" />
		<spawn npcId="23245" x="50898" y="154584" z="-2624" heading="30945" />
		<spawn npcId="23245" x="51199" y="140642" z="-2440" heading="22853" />
		<spawn npcId="23245" x="51234" y="139808" z="-2576" heading="32073" />
		<spawn npcId="23245" x="51453" y="140210" z="-2576" heading="24158" />
		<spawn npcId="23245" x="51599" y="146329" z="-2672" heading="61316" />
		<spawn npcId="23245" x="51906" y="140208" z="-2576" heading="13606" />
		<spawn npcId="23245" x="52106" y="139819" z="-2576" heading="416" />
		<spawn npcId="23245" x="52161" y="140651" z="-2456" heading="11382" />
		<spawn npcId="23245" x="55707" y="147675" z="-2328" heading="43399" />
		<spawn npcId="23245" x="55925" y="148483" z="-2464" heading="29654" />
		<spawn npcId="23245" x="56056" y="148078" z="-2464" heading="43738" />
		<spawn npcId="23245" x="56105" y="143824" z="-2440" heading="26356" />
		<spawn npcId="23245" x="56333" y="142887" z="-2456" heading="40160" />
		<spawn npcId="23245" x="56478" y="147991" z="-2464" heading="52629" />
		<spawn npcId="23245" x="56617" y="143671" z="-2568" heading="30212" />
		<spawn npcId="23245" x="56644" y="147500" z="-2352" heading="52509" />
		<spawn npcId="23245" x="56708" y="143247" z="-2568" heading="40961" />
		<spawn npcId="23245" x="56771" y="148312" z="-2464" heading="62181" />
		<spawn npcId="23245" x="56807" y="144479" z="-2456" heading="16383" />
		<spawn npcId="23245" x="56928" y="143965" z="-2568" heading="22516" />
		<spawn npcId="23245" x="57131" y="143123" z="-2568" heading="53645" />
		<spawn npcId="23245" x="57333" y="143838" z="-2568" heading="6711" />
		<!-- Родерик (Смотритель Земли Казненных) -->
		<spawn npcId="30631" x="45276" y="148654" z="-3608" heading="9137" />
		<!-- Эндриго (Смотритель Земли Казненных) -->
		<spawn npcId="30632" x="44721" y="146557" z="-3680" heading="9808" />
		<!-- Сыщик Заката -->
		<spawn npcId="33036" x="39066" y="143583" z="-3632" heading="48286" />
		<!-- Исследователь -->
		<spawn npcId="33379" x="39306" y="143744" z="-3648" heading="0" />
		<spawn npcId="33379" x="39810" y="144256" z="-3648" heading="49152" />
		<!-- Исследователь -->
		<spawn npcId="33381" x="39161" y="144342" z="-3648" heading="16017" />
		<!-- Жрец -->
		<spawn npcId="33382" x="39163" y="144399" z="-3648" heading="48787" />
		<!-- Страж -->
		<spawn npcId="33383" x="39202" y="143746" z="-3648" heading="32312" />
		<spawn npcId="33383" x="39205" y="144123" z="-3648" heading="32864" />
		<spawn npcId="33383" x="39421" y="143528" z="-3648" heading="49004" />
		<spawn npcId="33383" x="39436" y="144346" z="-3648" heading="16572" />
		<spawn npcId="33383" x="39799" y="144345" z="-3648" heading="16732" />
		<spawn npcId="33383" x="39804" y="143527" z="-3648" heading="48940" />
		<spawn npcId="33383" x="40029" y="143744" z="-3648" heading="0" />
		<spawn npcId="33383" x="40031" y="144123" z="-3648" heading="0" />
		<!-- Безумец -->
		<spawn npcId="33384" x="38917" y="143727" z="-3624" heading="0" />
		<!-- null -->
		<spawn npcId="33682" x="38080" y="145455" z="-3680" heading="28116" />
		<spawn npcId="33682" x="43042" y="149415" z="-3680" heading="47843" />
		<spawn npcId="33682" x="45875" y="146653" z="-3688" heading="20466" />
		<!-- null -->
		<spawn npcId="33683" x="39855" y="151223" z="-3672" heading="60848" />
		<spawn npcId="33683" x="49341" y="150368" z="-3568" heading="33266" />
		<!-- null -->
		<spawn npcId="33684" x="46410" y="146523" z="-3744" heading="56411" />
		<!-- null -->
		<spawn npcId="33697" x="45570" y="148460" z="-3616" heading="40015" />
		<!-- null -->
		<spawn npcId="33698" x="44066" y="144541" z="-3120" heading="42830" />
		<spawn npcId="33698" x="46841" y="150733" z="-2760" heading="43020" />
		<spawn npcId="33698" x="51459" y="152072" z="-2432" heading="14788" />
		<!-- null -->
		<spawn npcId="33701" x="49986" y="154018" z="-2760" heading="9373" />
		<!-- null -->
		<spawn npcId="33717" x="47081" y="154635" z="-1928" heading="39028" />
		<!-- null -->
		<spawn npcId="33718" x="48316" y="147415" z="-3400" heading="35928" />
		<!-- null -->
		<spawn npcId="33719" x="43044" y="144730" z="-3120" heading="59999" />
	</spawns>
</list>