<?xml version="1.0" encoding="utf-8"?>
<!DOCTYPE list SYSTEM "spawn.dtd">
<list>
	<spawns name="HarnakUndergroundRuins">
		<!-- Батус Кракии (Координатор Могилы) -->
		<spawn npcId="22931" x="-110849" y="149701" z="-7680" heading="24987" />
		<spawn npcId="22931" x="-111020" y="151466" z="-7664" heading="29013" />
		<spawn npcId="22931" x="-111025" y="149635" z="-7664" heading="22861" />
		<spawn npcId="22931" x="-111452" y="146395" z="-10744" heading="32767" />
		<spawn npcId="22931" x="-111495" y="146446" z="-10744" heading="46619" />
		<spawn npcId="22931" x="-111796" y="146546" z="-10744" heading="46250" />
		<spawn npcId="22931" x="-111977" y="145079" z="-7680" heading="0" />
		<spawn npcId="22931" x="-114466" y="152592" z="-10752" heading="43561" />
		<spawn npcId="22931" x="-114482" y="152953" z="-10752" heading="63452" />
		<spawn npcId="22931" x="-114669" y="143955" z="-7680" heading="0" />
		<spawn npcId="22931" x="-114768" y="145089" z="-10736" heading="56432" />
		<spawn npcId="22931" x="-114912" y="151682" z="-7680" heading="0" />
		<spawn npcId="22931" x="-114926" y="151593" z="-7680" heading="21044" />
		<spawn npcId="22931" x="-117515" y="146710" z="-10744" heading="62918" />
		<spawn npcId="22931" x="-117662" y="146096" z="-10744" heading="60759" />
		<spawn npcId="22931" x="-117723" y="146789" z="-10744" heading="12980" />
		<spawn npcId="22931" x="-117905" y="146285" z="-10744" heading="33556" />
		<spawn npcId="22931" x="-118104" y="150010" z="-7680" heading="521" />
		<spawn npcId="22931" x="-118181" y="152579" z="-10744" heading="14402" />
		<spawn npcId="22931" x="-118262" y="149825" z="-7680" heading="56150" />
		<spawn npcId="22931" x="-118352" y="149331" z="-7680" heading="52385" />
		<spawn npcId="22931" x="-118429" y="152997" z="-10744" heading="37611" />
		<spawn npcId="22931" x="-118656" y="153089" z="-10744" heading="20279" />
		<!-- Кракос Кракии (Снайпер Могилы) -->
		<spawn npcId="22932" x="-110827" y="151393" z="-10744" heading="2177" />
		<spawn npcId="22932" x="-111215" y="150690" z="-10744" heading="49413" />
		<spawn npcId="22932" x="-111304" y="151138" z="-10744" heading="54745" />
		<spawn npcId="22932" x="-114516" y="143893" z="-7680" heading="0" />
		<spawn npcId="22932" x="-114523" y="145041" z="-10744" heading="16996" />
		<spawn npcId="22932" x="-114539" y="144047" z="-7680" heading="0" />
		<spawn npcId="22932" x="-114543" y="152795" z="-10752" heading="53603" />
		<spawn npcId="22932" x="-114700" y="144072" z="-7680" heading="0" />
		<spawn npcId="22932" x="-114709" y="151652" z="-7672" heading="46163" />
		<spawn npcId="22932" x="-114827" y="151709" z="-7680" heading="0" />
		<spawn npcId="22932" x="-114940" y="153076" z="-10752" heading="38628" />
		<spawn npcId="22932" x="-114964" y="151588" z="-7680" heading="31574" />
		<!-- Лотус Кракии (Призыватель Могилы) -->
		<spawn npcId="22933" x="-110591" y="150952" z="-10744" heading="10322" />
		<spawn npcId="22933" x="-110641" y="151018" z="-10744" heading="46018" />
		<spawn npcId="22933" x="-114290" y="152836" z="-10752" heading="60314" />
		<spawn npcId="22933" x="-114528" y="152729" z="-10752" heading="34771" />
		<spawn npcId="22933" x="-114613" y="144841" z="-10744" heading="57758" />
		<!-- Ракджан (Хранитель Могилы) -->
		<spawn npcId="22934" x="-110909" y="152757" z="-10744" heading="50261" />
		<spawn npcId="22934" x="-110937" y="151180" z="-7688" heading="0" />
		<spawn npcId="22934" x="-111047" y="152911" z="-10744" heading="6517" />
		<spawn npcId="22934" x="-111061" y="149434" z="-7680" heading="3897" />
		<spawn npcId="22934" x="-111136" y="152710" z="-10752" heading="17746" />
		<spawn npcId="22934" x="-111197" y="151366" z="-7688" heading="0" />
		<spawn npcId="22934" x="-111694" y="146027" z="-10744" heading="37558" />
		<spawn npcId="22934" x="-111798" y="144916" z="-7672" heading="39377" />
		<spawn npcId="22934" x="-111968" y="146527" z="-10744" heading="35197" />
		<spawn npcId="22934" x="-114782" y="144049" z="-7680" heading="0" />
		<spawn npcId="22934" x="-114830" y="145179" z="-10736" heading="37628" />
		<spawn npcId="22934" x="-117485" y="145009" z="-7672" heading="0" />
		<spawn npcId="22934" x="-118548" y="152468" z="-10744" heading="2038" />
		<!-- Кан Ваисс (Маг Могилы) -->
		<spawn npcId="22935" x="-110834" y="152551" z="-10752" heading="49048" />
		<spawn npcId="22935" x="-110969" y="153058" z="-10752" heading="46736" />
		<spawn npcId="22935" x="-111221" y="150789" z="-10744" heading="44211" />
		<spawn npcId="22935" x="-111264" y="152719" z="-10752" heading="35413" />
		<spawn npcId="22935" x="-111709" y="146350" z="-10736" heading="49028" />
		<spawn npcId="22935" x="-111827" y="145172" z="-7672" heading="0" />
		<spawn npcId="22935" x="-111834" y="144944" z="-7672" heading="23060" />
		<spawn npcId="22935" x="-111924" y="144818" z="-7680" heading="0" />
		<spawn npcId="22935" x="-111961" y="146276" z="-10744" heading="64859" />
		<spawn npcId="22935" x="-114518" y="144936" z="-10744" heading="5699" />
		<spawn npcId="22935" x="-114765" y="153154" z="-10752" heading="16449" />
		<spawn npcId="22935" x="-114811" y="153016" z="-10744" heading="31587" />
		<spawn npcId="22935" x="-117657" y="145172" z="-7672" heading="0" />
		<spawn npcId="22935" x="-117809" y="145125" z="-7680" heading="0" />
		<spawn npcId="22935" x="-118186" y="150778" z="-10736" heading="65120" />
		<spawn npcId="22935" x="-118304" y="152810" z="-10744" heading="61954" />
		<spawn npcId="22935" x="-118487" y="150889" z="-10728" heading="43204" />
		<spawn npcId="22935" x="-118589" y="150956" z="-10736" heading="625" />
		<spawn npcId="22935" x="-118675" y="150611" z="-10736" heading="35859" />
		<!-- Эль Ваисс (Воскрешающий Могилы) -->
		<spawn npcId="22936" x="-110984" y="152939" z="-10744" heading="54699" />
		<spawn npcId="22936" x="-111092" y="151685" z="-7688" heading="0" />
		<spawn npcId="22936" x="-112069" y="146461" z="-10744" heading="45928" />
		<spawn npcId="22936" x="-114344" y="145166" z="-10744" heading="58224" />
		<spawn npcId="22936" x="-117189" y="146504" z="-10744" heading="50692" />
		<spawn npcId="22936" x="-117488" y="146502" z="-10744" heading="7582" />
		<spawn npcId="22936" x="-117793" y="146319" z="-10744" heading="44875" />
		<spawn npcId="22936" x="-117820" y="146405" z="-10744" heading="4835" />
		<spawn npcId="22936" x="-118077" y="150755" z="-10736" heading="60839" />
		<spawn npcId="22936" x="-118770" y="152732" z="-10744" heading="42093" />
		<spawn npcId="22936" x="-118810" y="150606" z="-10736" heading="34766" />
		<!-- Бамонти (Налетчик Могилы) -->
		<spawn npcId="22937" x="-110887" y="151159" z="-10744" heading="7674" />
		<spawn npcId="22937" x="-110950" y="149572" z="-7664" heading="16540" />
		<spawn npcId="22937" x="-111067" y="149417" z="-7680" heading="0" />
		<spawn npcId="22937" x="-115058" y="144994" z="-10744" heading="40443" />
		<spawn npcId="22937" x="-117620" y="145141" z="-7672" heading="0" />
		<spawn npcId="22937" x="-117677" y="145215" z="-7680" heading="0" />
		<spawn npcId="22937" x="-118334" y="152890" z="-10744" heading="13524" />
		<spawn npcId="22937" x="-118395" y="151585" z="-7680" heading="0" />
		<spawn npcId="22937" x="-118495" y="151556" z="-7680" heading="0" />
		<spawn npcId="22937" x="-118571" y="151566" z="-7680" heading="31135" />
		<spawn npcId="22937" x="-118738" y="150603" z="-10736" heading="37184" />
		<spawn npcId="22937" x="-118789" y="151657" z="-7680" heading="25762" />
		<!-- Секнос (Чернокнижник Могилы) -->
		<spawn npcId="22938" x="-110755" y="150735" z="-10744" heading="50967" />
		<spawn npcId="22938" x="-110845" y="151664" z="-7688" heading="0" />
		<spawn npcId="22938" x="-111014" y="152875" z="-10736" heading="3717" />
		<spawn npcId="22938" x="-114764" y="145236" z="-10728" heading="37886" />
		<spawn npcId="22938" x="-118382" y="153218" z="-10744" heading="30710" />
		<spawn npcId="22938" x="-118458" y="151578" z="-7680" heading="4975" />
		<spawn npcId="22938" x="-118639" y="150611" z="-10736" heading="49222" />
		<spawn npcId="22938" x="-118824" y="149410" z="-7680" heading="20703" />
		<spawn npcId="22938" x="-118828" y="149581" z="-7680" heading="41701" />
		<!-- Демонический Батус (Координатор Могилы) -->
		<spawn npcId="22939" x="-111516" y="180313" z="-13800" heading="56979" />
		<spawn npcId="22939" x="-111696" y="180365" z="-13800" heading="636" />
		<spawn npcId="22939" x="-111771" y="180338" z="-13800" heading="0" />
		<spawn npcId="22939" x="-114699" y="186995" z="-13784" heading="45632" />
		<spawn npcId="22939" x="-114797" y="179331" z="-13792" heading="16383" />
		<spawn npcId="22939" x="-114911" y="186977" z="-13808" heading="13535" />
		<spawn npcId="22939" x="-117318" y="180458" z="-13800" heading="19191" />
		<spawn npcId="22939" x="-117474" y="180874" z="-13800" heading="35959" />
		<spawn npcId="22939" x="-117557" y="180837" z="-13800" heading="15248" />
		<spawn npcId="22939" x="-117650" y="180506" z="-13784" heading="15732" />
		<spawn npcId="22939" x="-118119" y="187144" z="-13808" heading="56244" />
		<spawn npcId="22939" x="-118383" y="186783" z="-13800" heading="28915" />
		<spawn npcId="22939" x="-118520" y="186883" z="-13792" heading="21665" />
		<!-- Демонический Кракос (Снайпер Могилы) -->
		<spawn npcId="22940" x="-110618" y="184897" z="-13808" heading="40393" />
		<spawn npcId="22940" x="-110726" y="185216" z="-13808" heading="45284" />
		<spawn npcId="22940" x="-111085" y="184914" z="-13808" heading="32505" />
		<spawn npcId="22940" x="-114474" y="187209" z="-13808" heading="5055" />
		<spawn npcId="22940" x="-114875" y="186905" z="-13808" heading="56290" />
		<spawn npcId="22940" x="-115055" y="179123" z="-13800" heading="32791" />
		<!-- Демонический Лотус (Призыватель Могилы) -->
		<spawn npcId="22941" x="-110910" y="185427" z="-13808" heading="50875" />
		<spawn npcId="22941" x="-111237" y="184966" z="-13808" heading="49544" />
		<spawn npcId="22941" x="-114386" y="186755" z="-13808" heading="22115" />
		<spawn npcId="22941" x="-114699" y="186995" z="-13784" heading="12424" />
		<spawn npcId="22941" x="-114743" y="179383" z="-13800" heading="25133" />
		<!-- Демонический Ракджан (Хранитель Могилы) -->
		<spawn npcId="22942" x="-110780" y="186768" z="-13808" heading="0" />
		<spawn npcId="22942" x="-110901" y="186685" z="-13808" heading="55228" />
		<spawn npcId="22942" x="-111163" y="187034" z="-13808" heading="0" />
		<spawn npcId="22942" x="-111846" y="180651" z="-13800" heading="38047" />
		<spawn npcId="22942" x="-111971" y="180638" z="-13800" heading="32592" />
		<spawn npcId="22942" x="-114490" y="179528" z="-13800" heading="63763" />
		<spawn npcId="22942" x="-118451" y="187358" z="-13808" heading="31982" />
		<!-- Демонический Кан Ваисс (Маг Могилы) -->
		<spawn npcId="22943" x="-110696" y="187230" z="-13808" heading="1355" />
		<spawn npcId="22943" x="-110856" y="187068" z="-13808" heading="59115" />
		<spawn npcId="22943" x="-111150" y="185157" z="-13808" heading="14323" />
		<spawn npcId="22943" x="-111208" y="186959" z="-13808" heading="41126" />
		<spawn npcId="22943" x="-111904" y="180271" z="-13800" heading="0" />
		<spawn npcId="22943" x="-111959" y="180586" z="-13800" heading="32462" />
		<spawn npcId="22943" x="-114460" y="186371" z="-13808" heading="58415" />
		<spawn npcId="22943" x="-114603" y="179469" z="-13800" heading="13270" />
		<spawn npcId="22943" x="-114921" y="187420" z="-13808" heading="24300" />
		<spawn npcId="22943" x="-118189" y="185278" z="-13808" heading="44177" />
		<spawn npcId="22943" x="-118313" y="185067" z="-13800" heading="36786" />
		<spawn npcId="22943" x="-118653" y="187031" z="-13808" heading="1453" />
		<spawn npcId="22943" x="-118785" y="185368" z="-13808" heading="19651" />
		<spawn npcId="22943" x="-118787" y="185226" z="-13808" heading="21219" />
		<!-- Демонический Эль Ваисс (Воскрешающий Могилы) -->
		<spawn npcId="22944" x="-111152" y="186833" z="-13808" heading="46955" />
		<spawn npcId="22944" x="-111490" y="180743" z="-13800" heading="8856" />
		<spawn npcId="22944" x="-114880" y="179076" z="-13800" heading="51253" />
		<spawn npcId="22944" x="-117309" y="180447" z="-13800" heading="13913" />
		<spawn npcId="22944" x="-117372" y="180444" z="-13800" heading="17797" />
		<spawn npcId="22944" x="-117415" y="180647" z="-13800" heading="58458" />
		<spawn npcId="22944" x="-117851" y="180724" z="-13800" heading="17417" />
		<spawn npcId="22944" x="-118106" y="185243" z="-13808" heading="47687" />
		<spawn npcId="22944" x="-118659" y="186802" z="-13808" heading="0" />
		<spawn npcId="22944" x="-118790" y="184931" z="-13808" heading="30543" />
		<!-- Демонический Бамонти (Налетчик Могилы) -->
		<spawn npcId="22945" x="-111398" y="185009" z="-13808" heading="29129" />
		<spawn npcId="22945" x="-114666" y="179487" z="-13800" heading="35258" />
		<spawn npcId="22945" x="-118097" y="185093" z="-13808" heading="15046" />
		<spawn npcId="22945" x="-118322" y="187125" z="-13808" heading="61395" />
		<!-- Демонический Секнос (Чернокнижник Могилы) -->
		<spawn npcId="22946" x="-110832" y="184986" z="-13808" heading="49985" />
		<spawn npcId="22946" x="-111187" y="187196" z="-13808" heading="29411" />
		<spawn npcId="22946" x="-114437" y="179089" z="-13800" heading="65120" />
		<spawn npcId="22946" x="-118231" y="186852" z="-13808" heading="53057" />
		<spawn npcId="22946" x="-118681" y="185542" z="-13808" heading="16855" />
		<!-- Первой Устройство Гномов Харнака -->
		<spawn npcId="33303" x="-114700" y="147909" z="-7720" heading="0" />
		<!-- Второе Устройство Гномов Харнака -->
		<spawn npcId="33304" x="-114704" y="149280" z="-10784" heading="0" />
		<!-- Духовный Круг Харнака -->
		<spawn npcId="33305" x="-114708" y="183347" z="-13840" heading="0" />
		<!-- Алтарь Духов -->
		<spawn npcId="33306" x="-114700" y="143834" z="-7656" heading="0" />
		<!-- Алтарь Духов -->
		<spawn npcId="33307" x="-111792" y="145040" z="-7656" heading="0" />
		<!-- Алтарь Духов -->
		<spawn npcId="33308" x="-110991" y="149616" z="-7664" heading="0" />
		<!-- Алтарь Духов -->
		<spawn npcId="33309" x="-110986" y="151456" z="-7664" heading="0" />
		<!-- Алтарь Духов -->
		<spawn npcId="33310" x="-114704" y="151552" z="-7664" heading="0" />
		<!-- Алтарь Духов -->
		<spawn npcId="33311" x="-118432" y="151472" z="-7664" heading="0" />
		<!-- Алтарь Духов -->
		<spawn npcId="33312" x="-118432" y="149616" z="-7664" heading="0" />
		<!-- Алтарь Духов -->
		<spawn npcId="33313" x="-117606" y="145039" z="-7656" heading="0" />
		<!-- Печать Духов -->
		<spawn npcId="33314" x="-114706" y="145183" z="-10720" heading="0" />
		<!-- Печать Духов -->
		<spawn npcId="33315" x="-111809" y="146397" z="-10720" heading="0" />
		<!-- Печать Духов -->
		<spawn npcId="33316" x="-111002" y="150978" z="-10728" heading="0" />
		<!-- Печать Духов -->
		<spawn npcId="33317" x="-110998" y="152801" z="-10728" heading="0" />
		<!-- Печать Духов -->
		<spawn npcId="33318" x="-114711" y="152908" z="-10728" heading="0" />
		<!-- Печать Духов -->
		<spawn npcId="33319" x="-118432" y="152816" z="-10728" heading="0" />
		<!-- Печать Духов -->
		<spawn npcId="33320" x="-118439" y="150966" z="-10720" heading="0" />
		<!-- Печать Духов -->
		<spawn npcId="33321" x="-117618" y="146395" z="-10720" heading="0" />
		<!-- Тюрьма Духов -->
		<spawn npcId="33322" x="-114703" y="179277" z="-13784" heading="0" />
		<!-- Тюрьма Духов -->
		<spawn npcId="33323" x="-111797" y="180482" z="-13784" heading="0" />
		<!-- Тюрьма Духов -->
		<spawn npcId="33324" x="-110984" y="185054" z="-13784" heading="0" />
		<!-- Тюрьма Духов -->
		<spawn npcId="33325" x="-110992" y="186886" z="-13792" heading="0" />
		<!-- Тюрьма Духов -->
		<spawn npcId="33326" x="-114699" y="186995" z="-13784" heading="0" />
		<!-- Тюрьма Духов -->
		<spawn npcId="33327" x="-118429" y="186915" z="-13784" heading="0" />
		<!-- Тюрьма Духов -->
		<spawn npcId="33328" x="-118432" y="185061" z="-13784" heading="0" />
		<!-- Тюрьма Духов -->
		<spawn npcId="33329" x="-117612" y="180489" z="-13784" heading="0" />
	</spawns>
</list>