<?xml version="1.0" encoding="utf-8"?>
<!DOCTYPE list SYSTEM "spawn.dtd">
<list>
	<spawns name="ImperialTomb">
		<!-- Сундук с Сокровищами -->
		<spawn npcId="18284" x="180792" y="-78365" z="-2728" heading="7798" />
		<!-- Воитель Миражей -->
		<spawn npcId="23186" x="174941" y="-75711" z="-2728" heading="34862" />
		<spawn npcId="23186" x="175063" y="-75415" z="-2728" heading="50315" />
		<spawn npcId="23186" x="175274" y="-75628" z="-2728" heading="31996" />
		<spawn npcId="23186" x="175421" y="-75224" z="-2728" heading="7206" />
		<spawn npcId="23186" x="177570" y="-75550" z="-2728" heading="42603" />
		<spawn npcId="23186" x="177586" y="-75214" z="-2728" heading="20781" />
		<spawn npcId="23186" x="177665" y="-77941" z="-3376" heading="49464" />
		<spawn npcId="23186" x="177710" y="-78455" z="-3376" heading="42611" />
		<spawn npcId="23186" x="177860" y="-78167" z="-3376" heading="7164" />
		<spawn npcId="23186" x="177983" y="-77970" z="-3376" heading="45665" />
		<spawn npcId="23186" x="178057" y="-75250" z="-2728" heading="60328" />
		<spawn npcId="23186" x="178101" y="-75006" z="-2728" heading="27404" />
		<spawn npcId="23186" x="178105" y="-75221" z="-2728" heading="64485" />
		<spawn npcId="23186" x="179948" y="-79143" z="-2728" heading="43616" />
		<spawn npcId="23186" x="179988" y="-75484" z="-2728" heading="59447" />
		<spawn npcId="23186" x="179995" y="-78632" z="-2728" heading="47230" />
		<spawn npcId="23186" x="180195" y="-78389" z="-2728" heading="28827" />
		<spawn npcId="23186" x="180821" y="-75341" z="-2728" heading="26933" />
		<spawn npcId="23186" x="181395" y="-77283" z="-2728" heading="49930" />
		<spawn npcId="23186" x="182147" y="-78959" z="-2728" heading="32924" />
		<spawn npcId="23186" x="182519" y="-77553" z="-2728" heading="19666" />
		<spawn npcId="23186" x="182708" y="-79353" z="-2728" heading="63728" />
		<spawn npcId="23186" x="184586" y="-78282" z="-2728" heading="22933" />
		<spawn npcId="23186" x="184624" y="-78473" z="-2728" heading="51866" />
		<spawn npcId="23186" x="184629" y="-78471" z="-2728" heading="54301" />
		<!-- Воин Миражей -->
		<spawn npcId="23187" x="174710" y="-77939" z="-2728" heading="35465" />
		<spawn npcId="23187" x="174923" y="-77975" z="-2728" heading="25765" />
		<spawn npcId="23187" x="175282" y="-78100" z="-2728" heading="18321" />
		<spawn npcId="23187" x="175330" y="-78030" z="-2728" heading="8464" />
		<spawn npcId="23187" x="175346" y="-77963" z="-2728" heading="63661" />
		<spawn npcId="23187" x="177688" y="-80902" z="-4024" heading="55351" />
		<spawn npcId="23187" x="177698" y="-78251" z="-3376" heading="26794" />
		<spawn npcId="23187" x="178070" y="-78374" z="-3376" heading="27897" />
		<spawn npcId="23187" x="178113" y="-80780" z="-4024" heading="11997" />
		<spawn npcId="23187" x="178235" y="-81203" z="-4024" heading="8355" />
		<spawn npcId="23187" x="178264" y="-80890" z="-4024" heading="57262" />
		<spawn npcId="23187" x="179886" y="-79304" z="-2728" heading="6132" />
		<spawn npcId="23187" x="180155" y="-78635" z="-2728" heading="34858" />
		<spawn npcId="23187" x="180200" y="-79283" z="-2728" heading="44006" />
		<spawn npcId="23187" x="180268" y="-75199" z="-2728" heading="35050" />
		<spawn npcId="23187" x="180435" y="-75447" z="-2728" heading="49153" />
		<spawn npcId="23187" x="180490" y="-75119" z="-2728" heading="10058" />
		<spawn npcId="23187" x="180658" y="-75335" z="-2728" heading="64992" />
		<spawn npcId="23187" x="180751" y="-77279" z="-2728" heading="44110" />
		<spawn npcId="23187" x="181368" y="-77112" z="-2728" heading="42180" />
		<spawn npcId="23187" x="184560" y="-78049" z="-2728" heading="29628" />
		<spawn npcId="23187" x="184944" y="-77728" z="-2728" heading="36304" />
		<!-- Стрелок Миражей -->
		<spawn npcId="23188" x="175267" y="-81397" z="-3376" heading="42441" />
		<spawn npcId="23188" x="175365" y="-81044" z="-3376" heading="14415" />
		<spawn npcId="23188" x="178127" y="-75573" z="-2728" heading="20979" />
		<spawn npcId="23188" x="179688" y="-75519" z="-2728" heading="30708" />
		<spawn npcId="23188" x="180088" y="-78229" z="-2728" heading="42719" />
		<spawn npcId="23188" x="180179" y="-79128" z="-2728" heading="28241" />
		<spawn npcId="23188" x="180584" y="-81075" z="-4672" heading="59222" />
		<spawn npcId="23188" x="181011" y="-80796" z="-4672" heading="62083" />
		<spawn npcId="23188" x="181071" y="-80958" z="-4664" heading="46335" />
		<spawn npcId="23188" x="181153" y="-80936" z="-4664" heading="59760" />
		<spawn npcId="23188" x="181289" y="-75291" z="-2728" heading="15804" />
		<spawn npcId="23188" x="182027" y="-80275" z="-2728" heading="35100" />
		<spawn npcId="23188" x="182134" y="-77826" z="-2728" heading="6946" />
		<!-- Шаман Миражей -->
		<spawn npcId="23189" x="174825" y="-75268" z="-2728" heading="32477" />
		<spawn npcId="23189" x="174828" y="-78214" z="-2728" heading="52637" />
		<spawn npcId="23189" x="174905" y="-74963" z="-2728" heading="28827" />
		<spawn npcId="23189" x="177962" y="-81265" z="-4024" heading="1990" />
		<spawn npcId="23189" x="178229" y="-81204" z="-4024" heading="51991" />
		<spawn npcId="23189" x="180522" y="-77466" z="-2728" heading="18068" />
		<spawn npcId="23189" x="180531" y="-77621" z="-2728" heading="54421" />
		<!-- Мученик Миражей -->
		<spawn npcId="23190" x="174725" y="-80944" z="-3376" heading="22853" />
		<spawn npcId="23190" x="174881" y="-80755" z="-3376" heading="21336" />
		<spawn npcId="23190" x="174913" y="-81023" z="-3376" heading="1307" />
		<spawn npcId="23190" x="175225" y="-81226" z="-3376" heading="22516" />
		<spawn npcId="23190" x="180046" y="-77944" z="-2728" heading="21336" />
		<spawn npcId="23190" x="180070" y="-79006" z="-2728" heading="31116" />
		<spawn npcId="23190" x="180200" y="-78762" z="-2728" heading="1455" />
		<spawn npcId="23190" x="180776" y="-80643" z="-4672" heading="27524" />
		<spawn npcId="23190" x="181043" y="-80709" z="-4672" heading="61130" />
		<spawn npcId="23190" x="182634" y="-77750" z="-2728" heading="60856" />
		<!-- Кошмар Смерти (Апостол Грез) -->
		<spawn npcId="23191" x="174879" y="-78194" z="-2728" heading="40316" />
		<spawn npcId="23191" x="180615" y="-81079" z="-4672" heading="28339" />
		<!-- Кошмар Тьмы (Апостол Грез) -->
		<spawn npcId="23192" x="175079" y="-75533" z="-2728" heading="41790" />
		<spawn npcId="23192" x="175489" y="-80709" z="-3376" heading="12656" />
		<!-- Разрушитель-Фантом -->
		<spawn npcId="23193" x="180789" y="-82208" z="-6592" heading="7533" />
		<spawn npcId="23193" x="181018" y="-82207" z="-6592" heading="38902" />
		<spawn npcId="23193" x="181056" y="-82387" z="-6592" heading="38854" />
		<spawn npcId="23193" x="181266" y="-82524" z="-6592" heading="26609" />
		<spawn npcId="23193" x="183520" y="-77842" z="-5960" heading="58918" />
		<spawn npcId="23193" x="183835" y="-77846" z="-5960" heading="65303" />
		<spawn npcId="23193" x="183854" y="-77841" z="-5960" heading="65400" />
		<spawn npcId="23193" x="183894" y="-81339" z="-5320" heading="15637" />
		<spawn npcId="23193" x="186275" y="-78178" z="-6608" heading="38902" />
		<spawn npcId="23193" x="186346" y="-84204" z="-5320" heading="3900" />
		<spawn npcId="23193" x="186408" y="-83991" z="-5320" heading="44399" />
		<spawn npcId="23193" x="186412" y="-81355" z="-5960" heading="48629" />
		<spawn npcId="23193" x="186632" y="-77815" z="-6608" heading="11038" />
		<spawn npcId="23193" x="186760" y="-78013" z="-6608" heading="20979" />
		<spawn npcId="23193" x="186797" y="-83775" z="-5320" heading="61190" />
		<spawn npcId="23193" x="186797" y="-84165" z="-5320" heading="16250" />
		<spawn npcId="23193" x="186935" y="-78430" z="-6608" heading="56796" />
		<spawn npcId="23193" x="186938" y="-80752" z="-5960" heading="13735" />
		<!-- Ассасин-Фантом -->
		<spawn npcId="23194" x="180900" y="-82732" z="-6592" heading="63560" />
		<spawn npcId="23194" x="181234" y="-83875" z="-6592" heading="62530" />
		<spawn npcId="23194" x="183792" y="-83624" z="-5960" heading="51029" />
		<spawn npcId="23194" x="183795" y="-84115" z="-5960" heading="2483" />
		<spawn npcId="23194" x="183906" y="-84196" z="-5960" heading="4212" />
		<spawn npcId="23194" x="183928" y="-77844" z="-5960" heading="46514" />
		<spawn npcId="23194" x="186623" y="-83700" z="-5320" heading="40035" />
		<spawn npcId="23194" x="189136" y="-81283" z="-6608" heading="42522" />
		<spawn npcId="23194" x="189228" y="-80956" z="-6608" heading="36149" />
		<spawn npcId="23194" x="189247" y="-83821" z="-5960" heading="33030" />
		<spawn npcId="23194" x="189250" y="-80716" z="-6608" heading="29957" />
		<spawn npcId="23194" x="189272" y="-83639" z="-5960" heading="22453" />
		<spawn npcId="23194" x="189579" y="-83783" z="-5960" heading="1325" />
		<spawn npcId="23194" x="189634" y="-83800" z="-5960" heading="10508" />
		<spawn npcId="23194" x="189712" y="-81161" z="-6608" heading="8762" />
		<!-- Снайпер-Фантом -->
		<spawn npcId="23195" x="180860" y="-82933" z="-6592" heading="19666" />
		<spawn npcId="23195" x="180920" y="-84042" z="-6592" heading="48102" />
		<spawn npcId="23195" x="181251" y="-84059" z="-6592" heading="55523" />
		<spawn npcId="23195" x="183370" y="-83515" z="-5960" heading="27338" />
		<spawn npcId="23195" x="183507" y="-78151" z="-5960" heading="28289" />
		<spawn npcId="23195" x="183569" y="-77896" z="-5960" heading="52106" />
		<spawn npcId="23195" x="184722" y="-77846" z="-2728" heading="62346" />
		<spawn npcId="23195" x="184811" y="-78101" z="-2728" heading="25009" />
		<spawn npcId="23195" x="184917" y="-77859" z="-2728" heading="57125" />
		<spawn npcId="23195" x="186248" y="-80783" z="-5960" heading="27725" />
		<spawn npcId="23195" x="186274" y="-80685" z="-5960" heading="28343" />
		<spawn npcId="23195" x="186300" y="-78256" z="-6608" heading="45098" />
		<spawn npcId="23195" x="186434" y="-81193" z="-5960" heading="10557" />
		<spawn npcId="23195" x="186554" y="-80658" z="-5960" heading="20234" />
		<spawn npcId="23195" x="189140" y="-81013" z="-6608" heading="50334" />
		<spawn npcId="23195" x="189502" y="-80712" z="-6608" heading="46935" />
		<spawn npcId="23195" x="189730" y="-83678" z="-5960" heading="10347" />
		<!-- Заколдованный Маг-Фантом -->
		<spawn npcId="23196" x="180787" y="-82109" z="-6592" heading="15451" />
		<spawn npcId="23196" x="183818" y="-84266" z="-5960" heading="58780" />
		<spawn npcId="23196" x="183860" y="-84089" z="-5960" heading="697" />
		<spawn npcId="23196" x="186510" y="-83814" z="-5320" heading="31316" />
		<spawn npcId="23196" x="186750" y="-77840" z="-6608" heading="55335" />
		<spawn npcId="23196" x="189528" y="-83911" z="-5960" heading="39659" />
		<!-- Кошмар Безумия (Апостол Грез) -->
		<spawn npcId="23197" x="183510" y="-78234" z="-5960" heading="20488" />
		<spawn npcId="23197" x="189201" y="-83760" z="-5960" heading="48456" />
		<!-- Кошмар Безмолвия (Апостол Грез) -->
		<spawn npcId="23198" x="183896" y="-84060" z="-5960" heading="18035" />
		<spawn npcId="23198" x="186799" y="-81162" z="-5960" heading="63743" />
		<!-- Таинственный Ящик -->
		<spawn npcId="31468" x="182074" y="-85579" z="-7216" heading="32936" />
		<!-- Таинственный Ящик -->
		<spawn npcId="31483" x="175601" y="-81905" z="-7216" heading="49400" />
		<!-- Призрак Авантюриста -->
		<spawn npcId="31538" x="181611" y="-75293" z="-2728" heading="39536" />
		<!-- Управляющий Гробницы Завоевателей -->
		<spawn npcId="31921" x="181061" y="-85595" z="-7216" heading="32952" />
		<!-- Управляющий Гробницы Судей -->
		<spawn npcId="31924" x="175606" y="-82853" z="-7216" heading="49288" />
		<!-- Хранитель Портала Зала Баронов -->
		<spawn npcId="31925" x="182727" y="-85493" z="-7216" heading="32952" />
		<!-- Хранитель Портала Зала Виконтов -->
		<spawn npcId="31926" x="184547" y="-85479" z="-7216" heading="32952" />
		<!-- Хранитель Портала Зала Графов -->
		<spawn npcId="31927" x="186349" y="-85473" z="-7216" heading="32952" />
		<!-- Хранитель Портала Зала Маркизов -->
		<spawn npcId="31928" x="188154" y="-85463" z="-7216" heading="32952" />
		<!-- Хранитель Портала Зала Герцогов -->
		<spawn npcId="31929" x="189947" y="-85466" z="-7216" heading="32952" />
		<!-- Хранитель Портала Зала Баронов -->
		<spawn npcId="31930" x="180989" y="-88793" z="-7216" heading="32768" />
		<!-- Хранитель Портала Зала Виконтов -->
		<spawn npcId="31931" x="182779" y="-88793" z="-7216" heading="32768" />
		<!-- Хранитель Портала Зала Графов -->
		<spawn npcId="31932" x="184609" y="-88793" z="-7216" heading="32768" />
		<!-- Хранитель Портала Зала Маркизов -->
		<spawn npcId="31933" x="186412" y="-88793" z="-7216" heading="32768" />
		<!-- Хранитель Портала Зала Герцогов -->
		<spawn npcId="31934" x="188234" y="-88793" z="-7216" heading="32768" />
		<!-- Хранитель Портала Зала Баронов -->
		<spawn npcId="31935" x="173023" y="-85108" z="-7216" heading="49152" />
		<!-- Хранитель Портала Зала Виконтов -->
		<spawn npcId="31936" x="173101" y="-83280" z="-7216" heading="49288" />
		<!-- Хранитель Портала Зала Графов -->
		<spawn npcId="31937" x="173103" y="-81479" z="-7216" heading="49288" />
		<!-- Хранитель Портала Зала Маркизов -->
		<spawn npcId="31938" x="173086" y="-79698" z="-7216" heading="49288" />
		<!-- Хранитель Портала Зала Герцогов -->
		<spawn npcId="31939" x="173083" y="-77896" z="-7216" heading="49288" />
		<!-- Хранитель Портала Зала Баронов -->
		<spawn npcId="31940" x="175497" y="-81265" z="-7216" heading="49288" />
		<!-- Хранитель Портала Зала Виконтов -->
		<spawn npcId="31941" x="175495" y="-79468" z="-7216" heading="49288" />
		<!-- Хранитель Портала Зала Графов -->
		<spawn npcId="31942" x="175488" y="-77652" z="-7216" heading="49288" />
		<!-- Хранитель Портала Зала Маркизов -->
		<spawn npcId="31943" x="175489" y="-75856" z="-7216" heading="49288" />
		<!-- Хранитель Портала Зала Герцогов -->
		<spawn npcId="31944" x="175478" y="-74049" z="-7216" heading="49288" />
		<!-- Проводник Гробницы Императоров -->
		<spawn npcId="32011" x="181376" y="-81008" z="-2728" heading="16500" />
		<!-- Зения (Помощник Тетрарха) -->
		<spawn npcId="32140" x="186610" y="-75924" z="-2824" heading="9400" />
		<!-- Зиния - Миньоны -->
		<spawn npcId="33372" x="186569" y="-75928" z="-2824" heading="7980" />
		<spawn npcId="33372" x="186611" y="-75975" z="-2824" heading="8465" />
	</spawns>
</list>