<?xml version="1.0" encoding="utf-8"?>
<!DOCTYPE list SYSTEM "spawn.dtd">
<list>
	<spawns name="PrisonOfDarkness">
		<!-- Привратник Острова -->
		<spawn npcId="22257" x="140223" y="186871" z="-3720" heading="9809" />
		<spawn npcId="22257" x="140476" y="188250" z="-3712" heading="47211" />
		<spawn npcId="22257" x="141193" y="187493" z="-3760" heading="63866" />
		<spawn npcId="22257" x="141831" y="181869" z="-3624" heading="60276" />
		<spawn npcId="22257" x="142899" y="185859" z="-3720" heading="53635" />
		<spawn npcId="22257" x="143512" y="189817" z="-3760" heading="7124" />
		<spawn npcId="22257" x="144206" y="184820" z="-3760" heading="57956" />
		<spawn npcId="22257" x="144644" y="181328" z="-3480" heading="34540" />
		<spawn npcId="22257" x="147458" y="189583" z="-3728" heading="2772" />
		<spawn npcId="22257" x="148582" y="188250" z="-3696" heading="38223" />
		<spawn npcId="22257" x="148610" y="190721" z="-3736" heading="47362" />
		<spawn npcId="22257" x="148886" y="192822" z="-3728" heading="53092" />
		<spawn npcId="22257" x="148934" y="184623" z="-3768" heading="46545" />
		<spawn npcId="22257" x="149150" y="184685" z="-3768" heading="15194" />
		<spawn npcId="22257" x="149418" y="189197" z="-3752" heading="11321" />
		<spawn npcId="22257" x="150005" y="185126" z="-3728" heading="59491" />
		<spawn npcId="22257" x="150093" y="188134" z="-3720" heading="55351" />
		<spawn npcId="22257" x="150863" y="190279" z="-3768" heading="41184" />
		<spawn npcId="22257" x="151055" y="184808" z="-3736" heading="3766" />
		<spawn npcId="22257" x="151252" y="186628" z="-3760" heading="21266" />
		<spawn npcId="22257" x="151671" y="183169" z="-3632" heading="37702" />
		<spawn npcId="22257" x="152209" y="192903" z="-3728" heading="63788" />
		<spawn npcId="22257" x="152230" y="180319" z="-3488" heading="61480" />
		<spawn npcId="22257" x="153353" y="179729" z="-3472" heading="60877" />
		<spawn npcId="22257" x="153456" y="190615" z="-3680" heading="27555" />
		<spawn npcId="22257" x="153698" y="184523" z="-3728" heading="55517" />
		<spawn npcId="22257" x="153880" y="179532" z="-3472" heading="2766" />
		<spawn npcId="22257" x="154919" y="186647" z="-3720" heading="13229" />
		<spawn npcId="22257" x="154966" y="190667" z="-3744" heading="10448" />
		<spawn npcId="22257" x="155021" y="188734" z="-3712" heading="34311" />
		<spawn npcId="22257" x="155634" y="184238" z="-3736" heading="634" />
		<spawn npcId="22257" x="155977" y="190590" z="-3728" heading="62257" />
		<spawn npcId="22257" x="156551" y="186687" z="-3696" heading="47888" />
		<spawn npcId="22257" x="156716" y="187439" z="-3696" heading="10910" />
		<spawn npcId="22257" x="157120" y="187409" z="-3696" heading="13655" />
		<spawn npcId="22257" x="157325" y="183686" z="-3736" heading="46491" />
		<spawn npcId="22257" x="157455" y="185998" z="-3640" heading="20721" />
		<!-- Мираж Белых Песков -->
		<spawn npcId="22258" x="136446" y="183698" z="-3416" heading="29935" />
		<spawn npcId="22258" x="138345" y="187316" z="-3760" heading="62281" />
		<spawn npcId="22258" x="138980" y="182006" z="-3488" heading="27794" />
		<spawn npcId="22258" x="139651" y="188142" z="-3720" heading="4449" />
		<spawn npcId="22258" x="140168" y="188896" z="-3656" heading="4441" />
		<spawn npcId="22258" x="140591" y="186868" z="-3720" heading="2651" />
		<spawn npcId="22258" x="140880" y="184340" z="-3728" heading="23483" />
		<spawn npcId="22258" x="141549" y="184137" z="-3768" heading="57177" />
		<spawn npcId="22258" x="141919" y="190212" z="-3560" heading="31930" />
		<spawn npcId="22258" x="143011" y="183906" z="-3728" heading="31916" />
		<spawn npcId="22258" x="144131" y="181369" z="-3536" heading="29483" />
		<spawn npcId="22258" x="144740" y="182927" z="-3736" heading="14791" />
		<spawn npcId="22258" x="145397" y="184363" z="-3752" heading="55475" />
		<spawn npcId="22258" x="146155" y="189938" z="-3760" heading="56934" />
		<spawn npcId="22258" x="146551" y="182904" z="-3712" heading="13510" />
		<spawn npcId="22258" x="146891" y="189776" z="-3760" heading="29025" />
		<spawn npcId="22258" x="147022" y="188274" z="-3712" heading="49732" />
		<spawn npcId="22258" x="147410" y="184399" z="-3736" heading="63193" />
		<spawn npcId="22258" x="148943" y="190809" z="-3728" heading="7293" />
		<spawn npcId="22258" x="149006" y="190811" z="-3728" heading="16820" />
		<spawn npcId="22258" x="149016" y="185463" z="-3712" heading="33400" />
		<spawn npcId="22258" x="149171" y="191505" z="-3760" heading="52701" />
		<spawn npcId="22258" x="149547" y="189224" z="-3752" heading="118" />
		<spawn npcId="22258" x="150101" y="184461" z="-3752" heading="33348" />
		<spawn npcId="22258" x="150265" y="186146" z="-3664" heading="52309" />
		<spawn npcId="22258" x="150337" y="185477" z="-3728" heading="2190" />
		<spawn npcId="22258" x="150917" y="187698" z="-3760" heading="27743" />
		<spawn npcId="22258" x="151833" y="185569" z="-3760" heading="3890" />
		<spawn npcId="22258" x="152026" y="193116" z="-3720" heading="29111" />
		<spawn npcId="22258" x="152394" y="181380" z="-3528" heading="38480" />
		<spawn npcId="22258" x="152465" y="182355" z="-3560" heading="4160" />
		<spawn npcId="22258" x="152605" y="188075" z="-3712" heading="27065" />
		<spawn npcId="22258" x="153031" y="192842" z="-3728" heading="26339" />
		<spawn npcId="22258" x="153191" y="189630" z="-3752" heading="29213" />
		<spawn npcId="22258" x="153557" y="191580" z="-3728" heading="8677" />
		<spawn npcId="22258" x="153610" y="185717" z="-3728" heading="34941" />
		<spawn npcId="22258" x="153645" y="191045" z="-3688" heading="20835" />
		<spawn npcId="22258" x="154116" y="179356" z="-3472" heading="13481" />
		<spawn npcId="22258" x="154365" y="188998" z="-3720" heading="26093" />
		<spawn npcId="22258" x="154429" y="182770" z="-3680" heading="25976" />
		<spawn npcId="22258" x="154446" y="192665" z="-3848" heading="2427" />
		<spawn npcId="22258" x="154995" y="184424" z="-3728" heading="44508" />
		<spawn npcId="22258" x="155062" y="179546" z="-3408" heading="64586" />
		<spawn npcId="22258" x="155169" y="185857" z="-3760" heading="29944" />
		<spawn npcId="22258" x="155343" y="184109" z="-3744" heading="1165" />
		<spawn npcId="22258" x="156688" y="185525" z="-3720" heading="10052" />
		<spawn npcId="22258" x="156754" y="186747" z="-3688" heading="18295" />
		<spawn npcId="22258" x="157396" y="188089" z="-3760" heading="60122" />
		<spawn npcId="22258" x="157738" y="183341" z="-3752" heading="31025" />
		<!-- Мутный Коралл -->
		<spawn npcId="22259" x="136007" y="182327" z="-3480" heading="27772" />
		<spawn npcId="22259" x="136333" y="185664" z="-3788" heading="25331" />
		<spawn npcId="22259" x="137419" y="181757" z="-3424" heading="0" />
		<spawn npcId="22259" x="137490" y="187247" z="-3696" heading="24044" />
		<spawn npcId="22259" x="138452" y="187436" z="-3768" heading="1631" />
		<spawn npcId="22259" x="138633" y="182642" z="-3464" heading="1010" />
		<spawn npcId="22259" x="139571" y="187943" z="-3744" heading="52957" />
		<spawn npcId="22259" x="140215" y="186409" z="-3632" heading="34103" />
		<spawn npcId="22259" x="140946" y="189363" z="-3616" heading="18190" />
		<spawn npcId="22259" x="141096" y="183652" z="-3696" heading="18021" />
		<spawn npcId="22259" x="141176" y="187970" z="-3728" heading="55014" />
		<spawn npcId="22259" x="141283" y="187280" z="-3760" heading="59264" />
		<spawn npcId="22259" x="143335" y="181188" z="-3528" heading="23640" />
		<spawn npcId="22259" x="143792" y="181452" z="-3568" heading="57317" />
		<spawn npcId="22259" x="144776" y="185783" z="-3736" heading="38902" />
		<spawn npcId="22259" x="144919" y="186097" z="-3768" heading="29149" />
		<spawn npcId="22259" x="146220" y="184278" z="-3768" heading="35315" />
		<spawn npcId="22259" x="147597" y="188553" z="-3760" heading="48090" />
		<spawn npcId="22259" x="147621" y="185183" z="-3728" heading="39493" />
		<spawn npcId="22259" x="147888" y="185533" z="-3704" heading="10629" />
		<spawn npcId="22259" x="148443" y="188579" z="-3752" heading="33914" />
		<spawn npcId="22259" x="149040" y="191410" z="-3760" heading="27003" />
		<spawn npcId="22259" x="149626" y="189378" z="-3736" heading="45498" />
		<spawn npcId="22259" x="150995" y="190324" z="-3752" heading="27812" />
		<spawn npcId="22259" x="151699" y="180539" z="-3488" heading="24044" />
		<spawn npcId="22259" x="151754" y="186420" z="-3736" heading="29648" />
		<spawn npcId="22259" x="151799" y="188640" z="-3760" heading="16382" />
		<spawn npcId="22259" x="151832" y="182004" z="-3568" heading="43577" />
		<spawn npcId="22259" x="152436" y="187976" z="-3720" heading="65338" />
		<spawn npcId="22259" x="153278" y="188392" z="-3720" heading="36546" />
		<spawn npcId="22259" x="153278" y="191642" z="-3736" heading="31978" />
		<spawn npcId="22259" x="153570" y="180367" z="-3440" heading="16919" />
		<spawn npcId="22259" x="153782" y="183285" z="-3664" heading="17452" />
		<spawn npcId="22259" x="153847" y="189056" z="-3728" heading="42725" />
		<spawn npcId="22259" x="153973" y="181735" z="-3680" heading="20528" />
		<spawn npcId="22259" x="154095" y="192271" z="-3788" heading="58326" />
		<spawn npcId="22259" x="154439" y="193178" z="-3880" heading="25414" />
		<spawn npcId="22259" x="155176" y="190963" z="-3728" heading="29694" />
		<spawn npcId="22259" x="155180" y="184493" z="-3744" heading="30772" />
		<spawn npcId="22259" x="156827" y="184444" z="-3736" heading="0" />
		<spawn npcId="22259" x="156858" y="185390" z="-3736" heading="41191" />
		<spawn npcId="22259" x="157511" y="181296" z="-3600" heading="13943" />
		<spawn npcId="22259" x="157784" y="183994" z="-3768" heading="24435" />
		<!-- Клеопора -->
		<spawn npcId="22260" x="136926" y="186129" z="-3728" heading="62383" />
		<spawn npcId="22260" x="137147" y="182601" z="-3488" heading="62729" />
		<spawn npcId="22260" x="137371" y="183183" z="-3400" heading="226" />
		<spawn npcId="22260" x="137667" y="182368" z="-3488" heading="14189" />
		<spawn npcId="22260" x="137801" y="186889" z="-3704" heading="64143" />
		<spawn npcId="22260" x="138252" y="185406" z="-3616" heading="52800" />
		<spawn npcId="22260" x="139722" y="187540" z="-3768" heading="63174" />
		<spawn npcId="22260" x="139907" y="187486" z="-3760" heading="61382" />
		<spawn npcId="22260" x="140110" y="183564" z="-3688" heading="6275" />
		<spawn npcId="22260" x="141283" y="184072" z="-3744" heading="53217" />
		<spawn npcId="22260" x="141481" y="183942" z="-3768" heading="20475" />
		<spawn npcId="22260" x="142707" y="183424" z="-3696" heading="45058" />
		<spawn npcId="22260" x="143067" y="183028" z="-3736" heading="23278" />
		<spawn npcId="22260" x="145219" y="184989" z="-3728" heading="30562" />
		<spawn npcId="22260" x="149895" y="190062" z="-3720" heading="5078" />
		<spawn npcId="22260" x="149980" y="186009" z="-3648" heading="10539" />
		<spawn npcId="22260" x="150275" y="189145" z="-3768" heading="60153" />
		<spawn npcId="22260" x="150962" y="187902" z="-3768" heading="27066" />
		<spawn npcId="22260" x="150985" y="189680" z="-3704" heading="13145" />
		<spawn npcId="22260" x="151013" y="190706" z="-3760" heading="21696" />
		<spawn npcId="22260" x="151604" y="185613" z="-3760" heading="14158" />
		<spawn npcId="22260" x="151639" y="185350" z="-3760" heading="9509" />
		<spawn npcId="22260" x="152731" y="193670" z="-3736" heading="0" />
		<spawn npcId="22260" x="152750" y="186560" z="-3688" heading="27154" />
		<spawn npcId="22260" x="152838" y="188498" z="-3728" heading="39793" />
		<spawn npcId="22260" x="153816" y="182252" z="-3696" heading="26718" />
		<spawn npcId="22260" x="154587" y="185772" z="-3720" heading="2678" />
		<spawn npcId="22260" x="154673" y="185049" z="-3736" heading="26936" />
		<spawn npcId="22260" x="155255" y="185833" z="-3760" heading="52990" />
		<spawn npcId="22260" x="155412" y="189555" z="-3728" heading="52425" />
		<spawn npcId="22260" x="155482" y="191124" z="-3712" heading="36868" />
		<spawn npcId="22260" x="155786" y="182644" z="-3640" heading="57461" />
		<spawn npcId="22260" x="155838" y="185850" z="-3720" heading="26637" />
		<spawn npcId="22260" x="158337" y="185701" z="-3384" heading="47921" />
		<!-- Сейшелла -->
		<spawn npcId="22261" x="136411" y="182707" z="-3472" heading="56547" />
		<spawn npcId="22261" x="137139" y="174881" z="-3240" heading="45455" />
		<spawn npcId="22261" x="137649" y="176624" z="-3320" heading="60683" />
		<spawn npcId="22261" x="138330" y="172822" z="-3096" heading="47347" />
		<spawn npcId="22261" x="138378" y="172839" z="-3104" heading="32767" />
		<spawn npcId="22261" x="138486" y="181736" z="-3416" heading="23779" />
		<spawn npcId="22261" x="138708" y="185913" z="-3576" heading="29220" />
		<spawn npcId="22261" x="139120" y="171649" z="-2952" heading="30411" />
		<spawn npcId="22261" x="139702" y="184597" z="-3680" heading="61450" />
		<spawn npcId="22261" x="139976" y="186462" z="-3640" heading="12760" />
		<spawn npcId="22261" x="140052" y="178857" z="-3584" heading="11850" />
		<spawn npcId="22261" x="140220" y="182723" z="-3568" heading="54115" />
		<spawn npcId="22261" x="140394" y="184360" z="-3720" heading="11661" />
		<spawn npcId="22261" x="140606" y="172197" z="-2880" heading="30534" />
		<spawn npcId="22261" x="140619" y="181811" z="-3664" heading="10698" />
		<spawn npcId="22261" x="142747" y="169933" z="-3192" heading="13425" />
		<spawn npcId="22261" x="143014" y="174319" z="-3160" heading="59725" />
		<spawn npcId="22261" x="143397" y="184538" z="-3720" heading="20540" />
		<spawn npcId="22261" x="143545" y="174660" z="-3208" heading="63255" />
		<spawn npcId="22261" x="143742" y="178015" z="-3208" heading="6661" />
		<spawn npcId="22261" x="144317" y="184354" z="-3768" heading="1972" />
		<spawn npcId="22261" x="144927" y="185912" z="-3752" heading="17016" />
		<spawn npcId="22261" x="145370" y="186020" z="-3744" heading="56652" />
		<spawn npcId="22261" x="146239" y="184460" z="-3744" heading="37310" />
		<spawn npcId="22261" x="154202" y="178699" z="-3464" heading="43002" />
		<spawn npcId="22261" x="154248" y="186707" z="-3720" heading="60814" />
		<spawn npcId="22261" x="154356" y="184420" z="-3736" heading="11008" />
		<spawn npcId="22261" x="154430" y="177295" z="-3504" heading="62582" />
		<spawn npcId="22261" x="155778" y="178749" z="-3472" heading="14151" />
		<spawn npcId="22261" x="158271" y="182804" z="-3720" heading="0" />
		<spawn npcId="22261" x="158809" y="173249" z="-3360" heading="14258" />
		<spawn npcId="22261" x="158943" y="171887" z="-3416" heading="64236" />
		<spawn npcId="22261" x="160343" y="173686" z="-3472" heading="53681" />
		<spawn npcId="22261" x="160343" y="177690" z="-3320" heading="57890" />
		<!-- Наяда -->
		<spawn npcId="22262" x="136070" y="173552" z="-3240" heading="52409" />
		<spawn npcId="22262" x="137167" y="177288" z="-3360" heading="12275" />
		<spawn npcId="22262" x="138584" y="176410" z="-3360" heading="6134" />
		<spawn npcId="22262" x="138654" y="173339" z="-3136" heading="54837" />
		<spawn npcId="22262" x="138706" y="173025" z="-3104" heading="61196" />
		<spawn npcId="22262" x="139885" y="172078" z="-2912" heading="51289" />
		<spawn npcId="22262" x="140224" y="176689" z="-3336" heading="52683" />
		<spawn npcId="22262" x="140688" y="176314" z="-3288" heading="63866" />
		<spawn npcId="22262" x="140728" y="180131" z="-3592" heading="6362" />
		<spawn npcId="22262" x="141886" y="169472" z="-3096" heading="59492" />
		<spawn npcId="22262" x="142774" y="174150" z="-3048" heading="33243" />
		<spawn npcId="22262" x="143063" y="174687" z="-3144" heading="57661" />
		<spawn npcId="22262" x="143168" y="170712" z="-3184" heading="32767" />
		<spawn npcId="22262" x="144236" y="177748" z="-3216" heading="43471" />
		<spawn npcId="22262" x="154014" y="181841" z="-3680" heading="52608" />
		<spawn npcId="22262" x="154823" y="181531" z="-3656" heading="853" />
		<spawn npcId="22262" x="156703" y="171131" z="-3464" heading="2814" />
		<spawn npcId="22262" x="156813" y="181332" z="-3608" heading="54600" />
		<spawn npcId="22262" x="157805" y="169738" z="-3584" heading="3556" />
		<spawn npcId="22262" x="158112" y="179872" z="-3464" heading="20274" />
		<spawn npcId="22262" x="158233" y="179549" z="-3448" heading="26008" />
		<spawn npcId="22262" x="158237" y="173926" z="-3336" heading="29394" />
		<spawn npcId="22262" x="158438" y="179536" z="-3448" heading="24239" />
		<spawn npcId="22262" x="158942" y="173184" z="-3360" heading="5231" />
		<spawn npcId="22262" x="160386" y="173453" z="-3504" heading="6192" />
		<spawn npcId="22262" x="161095" y="173508" z="-3536" heading="32152" />
		<!-- Соннератия -->
		<spawn npcId="22263" x="136713" y="174583" z="-3248" heading="42078" />
		<spawn npcId="22263" x="137471" y="173652" z="-3184" heading="21801" />
		<spawn npcId="22263" x="138251" y="169965" z="-2896" heading="40887" />
		<spawn npcId="22263" x="138505" y="176741" z="-3360" heading="20794" />
		<spawn npcId="22263" x="138591" y="176349" z="-3344" heading="52784" />
		<spawn npcId="22263" x="138609" y="170166" z="-2904" heading="4835" />
		<spawn npcId="22263" x="138665" y="165974" z="-2808" heading="42629" />
		<spawn npcId="22263" x="138838" y="177070" z="-3360" heading="20088" />
		<spawn npcId="22263" x="138859" y="164592" z="-2864" heading="8135" />
		<spawn npcId="22263" x="139655" y="161895" z="-2880" heading="23901" />
		<spawn npcId="22263" x="139916" y="161026" z="-2888" heading="20606" />
		<spawn npcId="22263" x="140109" y="165200" z="-2768" heading="62787" />
		<spawn npcId="22263" x="140197" y="172143" z="-2880" heading="26765" />
		<spawn npcId="22263" x="140609" y="160669" z="-2904" heading="28710" />
		<spawn npcId="22263" x="140874" y="159558" z="-2896" heading="36621" />
		<spawn npcId="22263" x="140931" y="155776" z="-2904" heading="57457" />
		<spawn npcId="22263" x="140950" y="169292" z="-3024" heading="47895" />
		<spawn npcId="22263" x="141279" y="178875" z="-3568" heading="41183" />
		<spawn npcId="22263" x="141415" y="179858" z="-3576" heading="2574" />
		<spawn npcId="22263" x="141450" y="179362" z="-3528" heading="4827" />
		<spawn npcId="22263" x="141765" y="171896" z="-2816" heading="33715" />
		<spawn npcId="22263" x="141781" y="170411" z="-2952" heading="54411" />
		<spawn npcId="22263" x="142000" y="175074" z="-3176" heading="13481" />
		<spawn npcId="22263" x="142713" y="164603" z="-2600" heading="59886" />
		<spawn npcId="22263" x="142747" y="177785" z="-3192" heading="1435" />
		<spawn npcId="22263" x="142911" y="165925" z="-2744" heading="49679" />
		<spawn npcId="22263" x="142975" y="178100" z="-3216" heading="19438" />
		<spawn npcId="22263" x="143388" y="178381" z="-3160" heading="28213" />
		<spawn npcId="22263" x="144010" y="174803" z="-3224" heading="40961" />
		<spawn npcId="22263" x="144904" y="165079" z="-2512" heading="61054" />
		<spawn npcId="22263" x="146611" y="165756" z="-2720" heading="15217" />
		<spawn npcId="22263" x="149198" y="159936" z="-3184" heading="20648" />
		<spawn npcId="22263" x="149236" y="160240" z="-3144" heading="2888" />
		<spawn npcId="22263" x="149749" y="159715" z="-3184" heading="5404" />
		<spawn npcId="22263" x="150126" y="158857" z="-3256" heading="40632" />
		<spawn npcId="22263" x="150698" y="155018" z="-3672" heading="61745" />
		<spawn npcId="22263" x="151027" y="154865" z="-3664" heading="57008" />
		<spawn npcId="22263" x="151578" y="158411" z="-3400" heading="7587" />
		<spawn npcId="22263" x="151891" y="154621" z="-3672" heading="106" />
		<spawn npcId="22263" x="151923" y="157883" z="-3400" heading="273" />
		<spawn npcId="22263" x="151999" y="148088" z="-3208" heading="0" />
		<spawn npcId="22263" x="152071" y="151183" z="-3488" heading="20190" />
		<spawn npcId="22263" x="152325" y="150566" z="-3448" heading="0" />
		<spawn npcId="22263" x="152585" y="148189" z="-3240" heading="0" />
		<spawn npcId="22263" x="152747" y="148778" z="-3264" heading="19872" />
		<spawn npcId="22263" x="152759" y="155823" z="-3680" heading="6950" />
		<spawn npcId="22263" x="152833" y="155082" z="-3664" heading="37101" />
		<spawn npcId="22263" x="152885" y="154518" z="-3672" heading="22649" />
		<spawn npcId="22263" x="152936" y="153904" z="-3648" heading="56601" />
		<spawn npcId="22263" x="153173" y="155781" z="-3672" heading="19940" />
		<spawn npcId="22263" x="153253" y="157398" z="-3520" heading="3230" />
		<spawn npcId="22263" x="153621" y="147529" z="-3224" heading="12474" />
		<spawn npcId="22263" x="153653" y="151285" z="-3504" heading="25359" />
		<spawn npcId="22263" x="153796" y="150464" z="-3432" heading="65217" />
		<spawn npcId="22263" x="153852" y="150041" z="-3384" heading="51047" />
		<spawn npcId="22263" x="153967" y="148374" z="-3264" heading="2728" />
		<spawn npcId="22263" x="154063" y="177733" z="-3528" heading="14635" />
		<spawn npcId="22263" x="154231" y="177223" z="-3536" heading="16387" />
		<spawn npcId="22263" x="154258" y="151347" z="-3584" heading="0" />
		<spawn npcId="22263" x="154469" y="155562" z="-3680" heading="9446" />
		<spawn npcId="22263" x="154791" y="155286" z="-3696" heading="53238" />
		<spawn npcId="22263" x="154966" y="154480" z="-3680" heading="41331" />
		<spawn npcId="22263" x="155234" y="154475" z="-3680" heading="22779" />
		<spawn npcId="22263" x="155933" y="149737" z="-3664" heading="58573" />
		<spawn npcId="22263" x="156045" y="175163" z="-3200" heading="54059" />
		<spawn npcId="22263" x="156144" y="148642" z="-3664" heading="50733" />
		<spawn npcId="22263" x="156255" y="170863" z="-3464" heading="10309" />
		<spawn npcId="22263" x="156296" y="169017" z="-3368" heading="31353" />
		<spawn npcId="22263" x="156598" y="151317" z="-3640" heading="58797" />
		<spawn npcId="22263" x="156618" y="152726" z="-3560" heading="35095" />
		<spawn npcId="22263" x="156774" y="149778" z="-3616" heading="38960" />
		<spawn npcId="22263" x="157011" y="179686" z="-3504" heading="6487" />
		<spawn npcId="22263" x="157587" y="170029" z="-3536" heading="32293" />
		<spawn npcId="22263" x="157677" y="151442" z="-3336" heading="55449" />
		<spawn npcId="22263" x="158246" y="175162" z="-3256" heading="2786" />
		<spawn npcId="22263" x="158282" y="147608" z="-3152" heading="35324" />
		<spawn npcId="22263" x="158446" y="151736" z="-3296" heading="16915" />
		<spawn npcId="22263" x="158774" y="173326" z="-3360" heading="39544" />
		<spawn npcId="22263" x="159101" y="152266" z="-3392" heading="0" />
		<spawn npcId="22263" x="159157" y="174746" z="-3304" heading="35305" />
		<!-- Касталия -->
		<spawn npcId="22264" x="136364" y="173617" z="-3232" heading="3055" />
		<spawn npcId="22264" x="136543" y="173953" z="-3248" heading="50417" />
		<spawn npcId="22264" x="136642" y="177684" z="-3360" heading="20196" />
		<spawn npcId="22264" x="136905" y="165071" z="-2680" heading="41183" />
		<spawn npcId="22264" x="137094" y="176537" z="-3352" heading="49469" />
		<spawn npcId="22264" x="137278" y="169633" z="-2848" heading="15433" />
		<spawn npcId="22264" x="137949" y="166990" z="-2768" heading="11934" />
		<spawn npcId="22264" x="138083" y="172109" z="-3080" heading="19226" />
		<spawn npcId="22264" x="138083" y="178350" z="-3360" heading="19514" />
		<spawn npcId="22264" x="139347" y="170749" z="-2912" heading="23643" />
		<spawn npcId="22264" x="139850" y="163471" z="-2816" heading="64023" />
		<spawn npcId="22264" x="140356" y="164272" z="-2824" heading="32293" />
		<spawn npcId="22264" x="140871" y="167308" z="-2680" heading="61087" />
		<spawn npcId="22264" x="140903" y="176186" z="-3272" heading="65166" />
		<spawn npcId="22264" x="140939" y="179436" z="-3584" heading="44176" />
		<spawn npcId="22264" x="140964" y="176414" z="-3280" heading="20156" />
		<spawn npcId="22264" x="141000" y="158172" z="-2736" heading="0" />
		<spawn npcId="22264" x="141222" y="179314" z="-3560" heading="7743" />
		<spawn npcId="22264" x="141228" y="161128" z="-2832" heading="30106" />
		<spawn npcId="22264" x="141265" y="161696" z="-2800" heading="40479" />
		<spawn npcId="22264" x="141267" y="169249" z="-3040" heading="41853" />
		<spawn npcId="22264" x="141572" y="179124" z="-3520" heading="50944" />
		<spawn npcId="22264" x="143226" y="174731" z="-3088" heading="27252" />
		<spawn npcId="22264" x="143231" y="164746" z="-2600" heading="61642" />
		<spawn npcId="22264" x="143233" y="165709" z="-2720" heading="40479" />
		<spawn npcId="22264" x="143328" y="168148" z="-2680" heading="44107" />
		<spawn npcId="22264" x="143571" y="168469" z="-2704" heading="16304" />
		<spawn npcId="22264" x="143665" y="174572" z="-3256" heading="28324" />
		<spawn npcId="22264" x="143917" y="178606" z="-3184" heading="2902" />
		<spawn npcId="22264" x="145013" y="166543" z="-2680" heading="45475" />
		<spawn npcId="22264" x="146505" y="165571" z="-2720" heading="30492" />
		<spawn npcId="22264" x="149102" y="159829" z="-3160" heading="40645" />
		<spawn npcId="22264" x="149207" y="159923" z="-3184" heading="64056" />
		<spawn npcId="22264" x="149553" y="159863" z="-3168" heading="50450" />
		<spawn npcId="22264" x="149846" y="159410" z="-3216" heading="16171" />
		<spawn npcId="22264" x="151723" y="158339" z="-3400" heading="3481" />
		<spawn npcId="22264" x="151763" y="149992" z="-3320" heading="35759" />
		<spawn npcId="22264" x="151923" y="149063" z="-3232" heading="0" />
		<spawn npcId="22264" x="152505" y="149482" z="-3336" heading="0" />
		<spawn npcId="22264" x="152667" y="147703" z="-3224" heading="0" />
		<spawn npcId="22264" x="152669" y="151301" z="-3488" heading="57336" />
		<spawn npcId="22264" x="153105" y="149950" z="-3376" heading="32057" />
		<spawn npcId="22264" x="153327" y="148862" z="-3280" heading="39807" />
		<spawn npcId="22264" x="153378" y="150069" z="-3376" heading="11618" />
		<spawn npcId="22264" x="153425" y="150404" z="-3424" heading="37147" />
		<spawn npcId="22264" x="153697" y="177704" z="-3536" heading="3809" />
		<spawn npcId="22264" x="153859" y="148187" z="-3240" heading="0" />
		<spawn npcId="22264" x="154423" y="151508" z="-3624" heading="57196" />
		<spawn npcId="22264" x="154965" y="155860" z="-3696" heading="12944" />
		<spawn npcId="22264" x="155154" y="157278" z="-3672" heading="56190" />
		<spawn npcId="22264" x="155372" y="149294" z="-3760" heading="57956" />
		<spawn npcId="22264" x="155676" y="178264" z="-3464" heading="396" />
		<spawn npcId="22264" x="155737" y="156735" z="-3664" heading="1375" />
		<spawn npcId="22264" x="155782" y="155860" z="-3720" heading="7967" />
		<spawn npcId="22264" x="155883" y="154755" z="-3688" heading="62281" />
		<spawn npcId="22264" x="155943" y="179188" z="-3456" heading="18613" />
		<spawn npcId="22264" x="156164" y="155835" z="-3712" heading="33006" />
		<spawn npcId="22264" x="156347" y="149237" z="-3632" heading="52982" />
		<spawn npcId="22264" x="156590" y="156728" z="-3584" heading="27684" />
		<spawn npcId="22264" x="156930" y="149992" z="-3584" heading="31743" />
		<spawn npcId="22264" x="157131" y="149524" z="-3560" heading="8219" />
		<spawn npcId="22264" x="157311" y="155537" z="-3752" heading="18132" />
		<spawn npcId="22264" x="157348" y="153209" z="-3496" heading="55647" />
		<spawn npcId="22264" x="157390" y="171101" z="-3472" heading="64849" />
		<spawn npcId="22264" x="157419" y="157107" z="-3536" heading="47417" />
		<spawn npcId="22264" x="157558" y="151432" z="-3384" heading="41072" />
		<spawn npcId="22264" x="157704" y="170775" z="-3472" heading="51153" />
		<spawn npcId="22264" x="157829" y="175105" z="-3256" heading="19150" />
		<spawn npcId="22264" x="157900" y="155323" z="-3752" heading="63519" />
		<spawn npcId="22264" x="158259" y="152684" z="-3480" heading="24426" />
		<spawn npcId="22264" x="158522" y="171652" z="-3432" heading="45947" />
		<spawn npcId="22264" x="158530" y="155612" z="-3752" heading="60913" />
		<spawn npcId="22264" x="158564" y="152991" z="-3496" heading="60119" />
		<spawn npcId="22264" x="158779" y="155469" z="-3752" heading="16304" />
		<spawn npcId="22264" x="159200" y="175994" z="-3312" heading="63135" />
		<spawn npcId="22264" x="160037" y="154917" z="-3752" heading="46234" />
		<spawn npcId="22264" x="160248" y="152219" z="-3440" heading="44280" />
		<spawn npcId="22264" x="160792" y="154451" z="-3752" heading="38047" />
		<spawn npcId="22264" x="161214" y="173515" z="-3536" heading="44204" />
		<!-- Хризоколла -->
		<spawn npcId="22265" x="136719" y="165640" z="-2496" heading="22532" />
		<spawn npcId="22265" x="137167" y="166463" z="-2760" heading="20395" />
		<spawn npcId="22265" x="138174" y="172674" z="-3096" heading="42894" />
		<spawn npcId="22265" x="138440" y="166440" z="-2816" heading="52260" />
		<spawn npcId="22265" x="138489" y="170005" z="-2904" heading="50088" />
		<spawn npcId="22265" x="139945" y="162952" z="-2832" heading="11171" />
		<spawn npcId="22265" x="140281" y="160647" z="-2888" heading="21363" />
		<spawn npcId="22265" x="140710" y="171777" z="-2904" heading="39158" />
		<spawn npcId="22265" x="140742" y="171377" z="-2904" heading="12414" />
		<spawn npcId="22265" x="140773" y="161180" z="-2880" heading="45705" />
		<spawn npcId="22265" x="140987" y="156108" z="-2888" heading="58279" />
		<spawn npcId="22265" x="141839" y="166993" z="-2720" heading="31353" />
		<spawn npcId="22265" x="142068" y="170260" z="-3048" heading="8628" />
		<spawn npcId="22265" x="142317" y="166574" z="-2736" heading="16735" />
		<spawn npcId="22265" x="142882" y="170613" z="-3176" heading="48802" />
		<spawn npcId="22265" x="143156" y="167724" z="-2696" heading="13157" />
		<spawn npcId="22265" x="143323" y="167789" z="-2672" heading="45778" />
		<spawn npcId="22265" x="143842" y="167043" z="-2728" heading="58913" />
		<spawn npcId="22265" x="144030" y="168771" z="-2696" heading="51953" />
		<spawn npcId="22265" x="144436" y="166318" z="-2720" heading="52453" />
		<spawn npcId="22265" x="144477" y="164544" z="-2560" heading="44500" />
		<spawn npcId="22265" x="145847" y="164798" z="-2536" heading="2480" />
		<spawn npcId="22265" x="147477" y="164893" z="-2760" heading="54459" />
		<spawn npcId="22265" x="149684" y="166272" z="-2776" heading="32886" />
		<spawn npcId="22265" x="150133" y="165938" z="-2760" heading="15486" />
		<spawn npcId="22265" x="150783" y="158098" z="-3320" heading="19891" />
		<spawn npcId="22265" x="150935" y="154783" z="-3664" heading="27931" />
		<spawn npcId="22265" x="151024" y="166259" z="-2568" heading="6395" />
		<spawn npcId="22265" x="151290" y="154538" z="-3360" heading="0" />
		<spawn npcId="22265" x="151775" y="154417" z="-3672" heading="2405" />
		<spawn npcId="22265" x="151776" y="150734" z="-3448" heading="0" />
		<spawn npcId="22265" x="151923" y="148913" z="-3232" heading="0" />
		<spawn npcId="22265" x="151951" y="154232" z="-3680" heading="11959" />
		<spawn npcId="22265" x="152169" y="149263" z="-3272" heading="0" />
		<spawn npcId="22265" x="152227" y="148238" z="-3232" heading="0" />
		<spawn npcId="22265" x="152484" y="156738" z="-3592" heading="41457" />
		<spawn npcId="22265" x="152783" y="153952" z="-3656" heading="24823" />
		<spawn npcId="22265" x="152913" y="148189" z="-3224" heading="0" />
		<spawn npcId="22265" x="153037" y="149796" z="-3368" heading="36566" />
		<spawn npcId="22265" x="153320" y="157460" z="-3496" heading="0" />
		<spawn npcId="22265" x="153357" y="150171" z="-3392" heading="54397" />
		<spawn npcId="22265" x="153538" y="155821" z="-3672" heading="65448" />
		<spawn npcId="22265" x="153759" y="150661" z="-3448" heading="46372" />
		<spawn npcId="22265" x="153797" y="148016" z="-3232" heading="0" />
		<spawn npcId="22265" x="153824" y="153631" z="-3664" heading="64965" />
		<spawn npcId="22265" x="154127" y="149289" z="-3336" heading="0" />
		<spawn npcId="22265" x="154273" y="155602" z="-3680" heading="46314" />
		<spawn npcId="22265" x="154385" y="155832" z="-3664" heading="56910" />
		<spawn npcId="22265" x="154845" y="168690" z="-3104" heading="4442" />
		<spawn npcId="22265" x="154911" y="169082" z="-3136" heading="22642" />
		<spawn npcId="22265" x="155117" y="154199" z="-3664" heading="58642" />
		<spawn npcId="22265" x="155260" y="154491" z="-3680" heading="60803" />
		<spawn npcId="22265" x="155286" y="150734" z="-3768" heading="43020" />
		<spawn npcId="22265" x="155540" y="150919" z="-3776" heading="42668" />
		<spawn npcId="22265" x="155844" y="149495" z="-3712" heading="20626" />
		<spawn npcId="22265" x="156108" y="152285" z="-3624" heading="29467" />
		<spawn npcId="22265" x="156201" y="150418" z="-3648" heading="37205" />
		<spawn npcId="22265" x="156481" y="148781" z="-3632" heading="36429" />
		<spawn npcId="22265" x="157220" y="153231" z="-3504" heading="57977" />
		<spawn npcId="22265" x="158670" y="153001" z="-3488" heading="13807" />
		<spawn npcId="22265" x="158863" y="151919" z="-3312" heading="59356" />
		<spawn npcId="22265" x="159050" y="152886" z="-3472" heading="42503" />
		<spawn npcId="22265" x="160109" y="151787" z="-3384" heading="62442" />
		<!-- Пифия -->
		<spawn npcId="22266" x="136806" y="164788" z="-2632" heading="4822" />
		<spawn npcId="22266" x="137324" y="165807" z="-2696" heading="45590" />
		<spawn npcId="22266" x="138190" y="167144" z="-2800" heading="27535" />
		<spawn npcId="22266" x="138762" y="162405" z="-2864" heading="41574" />
		<spawn npcId="22266" x="140268" y="162779" z="-2856" heading="18106" />
		<spawn npcId="22266" x="140363" y="164487" z="-2808" heading="55041" />
		<spawn npcId="22266" x="140543" y="164439" z="-2800" heading="46536" />
		<spawn npcId="22266" x="140675" y="162334" z="-2728" heading="17257" />
		<spawn npcId="22266" x="140951" y="157511" z="-2880" heading="16026" />
		<spawn npcId="22266" x="142406" y="168294" z="-2576" heading="20528" />
		<spawn npcId="22266" x="143082" y="165292" z="-2536" heading="634" />
		<spawn npcId="22266" x="143175" y="168637" z="-2608" heading="5385" />
		<spawn npcId="22266" x="143219" y="168502" z="-2656" heading="13111" />
		<spawn npcId="22266" x="144380" y="164365" z="-2552" heading="4073" />
		<spawn npcId="22266" x="144450" y="165808" z="-2696" heading="31685" />
		<spawn npcId="22266" x="146982" y="165600" z="-2736" heading="54385" />
		<spawn npcId="22266" x="147256" y="164606" z="-2768" heading="16383" />
		<spawn npcId="22266" x="148677" y="165255" z="-2792" heading="56197" />
		<spawn npcId="22266" x="149877" y="166227" z="-2776" heading="39028" />
		<spawn npcId="22266" x="151206" y="166752" z="-2768" heading="40348" />
		<spawn npcId="22266" x="151771" y="148463" z="-3192" heading="0" />
		<spawn npcId="22266" x="152003" y="151040" z="-3480" heading="5090" />
		<spawn npcId="22266" x="152085" y="149117" z="-3256" heading="0" />
		<spawn npcId="22266" x="152175" y="147973" z="-3216" heading="0" />
		<spawn npcId="22266" x="152890" y="149883" z="-3384" heading="14331" />
		<spawn npcId="22266" x="153247" y="148862" z="-3272" heading="63967" />
		<spawn npcId="22266" x="153787" y="168060" z="-2920" heading="8975" />
		<spawn npcId="22266" x="153797" y="147275" z="-3216" heading="0" />
		<spawn npcId="22266" x="153884" y="168077" z="-2928" heading="63302" />
		<spawn npcId="22266" x="153921" y="147503" z="-3216" heading="0" />
		<spawn npcId="22266" x="154021" y="151132" z="-3512" heading="5927" />
		<spawn npcId="22266" x="154495" y="149768" z="-3312" heading="8975" />
		<spawn npcId="22266" x="154785" y="156659" z="-3664" heading="42189" />
		<spawn npcId="22266" x="155327" y="155084" z="-3720" heading="65102" />
		<spawn npcId="22266" x="155581" y="150096" z="-3776" heading="36474" />
		<spawn npcId="22266" x="155590" y="154778" z="-3696" heading="30142" />
		<spawn npcId="22266" x="155595" y="150907" z="-3768" heading="30110" />
		<spawn npcId="22266" x="155680" y="156761" z="-3664" heading="63033" />
		<spawn npcId="22266" x="155773" y="155972" z="-3696" heading="7490" />
		<spawn npcId="22266" x="155877" y="149126" z="-3696" heading="17719" />
		<spawn npcId="22266" x="155892" y="157117" z="-3664" heading="61642" />
		<spawn npcId="22266" x="155987" y="155801" z="-3720" heading="53459" />
		<spawn npcId="22266" x="156066" y="152186" z="-3624" heading="24127" />
		<spawn npcId="22266" x="156976" y="149447" z="-3592" heading="58746" />
		<spawn npcId="22266" x="157016" y="157131" z="-3552" heading="30049" />
		<spawn npcId="22266" x="157227" y="152466" z="-3528" heading="18783" />
		<spawn npcId="22266" x="157241" y="156681" z="-3432" heading="36825" />
		<spawn npcId="22266" x="157688" y="155167" z="-3752" heading="33348" />
		<spawn npcId="22266" x="157693" y="155521" z="-3752" heading="3055" />
		<spawn npcId="22266" x="158498" y="153299" z="-3448" heading="3479" />
		<spawn npcId="22266" x="158509" y="155127" z="-3752" heading="57941" />
		<spawn npcId="22266" x="158918" y="154894" z="-3752" heading="52683" />
		<spawn npcId="22266" x="159710" y="155464" z="-3752" heading="63144" />
		<spawn npcId="22266" x="160229" y="154968" z="-3752" heading="14103" />
		<spawn npcId="22266" x="160498" y="152390" z="-3480" heading="39740" />
		<!-- Дракон Темных Вод -->
		<spawn npcId="22267" x="151248" y="155216" z="-3680" heading="0" delay="310" />
		<spawn npcId="22267" x="151888" y="148528" z="-3208" heading="0" delay="310" />
		<spawn npcId="22267" x="152160" y="154496" z="-3680" heading="0" delay="310" />
		<spawn npcId="22267" x="152272" y="147728" z="-3208" heading="0" delay="310" />
		<spawn npcId="22267" x="152336" y="150096" z="-3408" heading="0" delay="310" />
		<spawn npcId="22267" x="152464" y="149216" z="-3304" heading="0" delay="310" />
		<spawn npcId="22267" x="152464" y="151104" z="-3480" heading="0" delay="310" />
		<spawn npcId="22267" x="152487" y="157607" z="-3464" heading="12051" delay="310" />
		<spawn npcId="22267" x="152864" y="155936" z="-3672" heading="33339" delay="310" />
		<spawn npcId="22267" x="153248" y="153792" z="-3656" heading="38253" delay="310" />
		<spawn npcId="22267" x="153728" y="147872" z="-3224" heading="0" delay="310" />
		<spawn npcId="22267" x="153792" y="148912" z="-3320" heading="0" delay="310" />
		<spawn npcId="22267" x="153888" y="149744" z="-3352" heading="0" delay="310" />
		<spawn npcId="22267" x="153952" y="150800" z="-3472" heading="0" delay="310" />
		<spawn npcId="22267" x="154224" y="155600" z="-3680" heading="10900" delay="310" />
		<spawn npcId="22267" x="154988" y="151821" z="-3704" heading="2805" delay="310" />
		<spawn npcId="22267" x="155104" y="154144" z="-3664" heading="0" delay="310" />
		<spawn npcId="22267" x="155152" y="155904" z="-3680" heading="0" delay="310" />
		<spawn npcId="22267" x="155648" y="148800" z="-3736" heading="0" delay="310" />
		<spawn npcId="22267" x="155696" y="156944" z="-3664" heading="0" delay="310" />
		<spawn npcId="22267" x="155888" y="155280" z="-3760" heading="0" delay="310" />
		<spawn npcId="22267" x="156272" y="150288" z="-3648" heading="0" delay="310" />
		<spawn npcId="22267" x="156752" y="149344" z="-3616" heading="29450" delay="310" />
		<spawn npcId="22267" x="156800" y="151504" z="-3632" heading="0" delay="310" />
		<spawn npcId="22267" x="156911" y="157989" z="-3512" heading="45282" delay="310" />
		<spawn npcId="22267" x="157136" y="152800" z="-3528" heading="0" delay="310" />
		<spawn npcId="22267" x="157264" y="155472" z="-3752" heading="0" delay="310" />
		<spawn npcId="22267" x="158544" y="155424" z="-3752" heading="0" delay="310" />
		<spawn npcId="22267" x="158640" y="152672" z="-3448" heading="0" delay="310" />
		<spawn npcId="22267" x="160064" y="155056" z="-3752" heading="0" delay="310" />
		<spawn npcId="22267" x="160080" y="152320" z="-3440" heading="29922" delay="310" />
		<!-- Коробка с Дарами Евы -->
		<spawn npcId="32342" x="145996" y="171051" z="-3720" heading="0" />
		<spawn npcId="32342" x="145996" y="172149" z="-4232" heading="0" />
		<spawn npcId="32342" x="145996" y="176541" z="-3984" heading="0" />
		<spawn npcId="32342" x="146458" y="170502" z="-3752" heading="0" />
		<spawn npcId="32342" x="146458" y="171051" z="-3912" heading="0" />
		<spawn npcId="32342" x="146920" y="169404" z="-4048" heading="0" />
		<spawn npcId="32342" x="146920" y="171600" z="-4440" heading="0" />
		<spawn npcId="32342" x="146920" y="174345" z="-5000" heading="0" />
		<spawn npcId="32342" x="147382" y="173796" z="-4952" heading="0" />
		<spawn npcId="32342" x="147382" y="175443" z="-4896" heading="0" />
		<spawn npcId="32342" x="147844" y="175443" z="-4976" heading="0" />
		<spawn npcId="32342" x="147844" y="175992" z="-4848" heading="0" />
		<spawn npcId="32342" x="149230" y="175992" z="-4856" heading="0" />
		<spawn npcId="32342" x="149692" y="171600" z="-4856" heading="0" />
		<spawn npcId="32342" x="149692" y="175443" z="-4856" heading="0" />
		<spawn npcId="32342" x="150154" y="171600" z="-4760" heading="0" />
		<spawn npcId="32342" x="150154" y="175443" z="-4800" heading="0" />
		<spawn npcId="32342" x="150616" y="169953" z="-4344" heading="0" />
		<spawn npcId="32342" x="150616" y="172698" z="-4432" heading="0" />
		<spawn npcId="32342" x="150616" y="175443" z="-4768" heading="0" />
		<spawn npcId="32342" x="150616" y="176541" z="-4312" heading="0" />
		<spawn npcId="32342" x="150616" y="177639" z="-3944" heading="0" />
		<spawn npcId="32342" x="151078" y="171051" z="-4568" heading="0" />
		<spawn npcId="32342" x="151078" y="174894" z="-4768" heading="0" />
		<spawn npcId="32342" x="151078" y="177090" z="-4112" heading="0" />
		<spawn npcId="32342" x="151540" y="176541" z="-4200" heading="0" />
		<spawn npcId="32342" x="152002" y="173247" z="-4720" heading="0" />
		<spawn npcId="32342" x="152002" y="174894" z="-4600" heading="0" />
		<spawn npcId="32342" x="152002" y="175443" z="-4480" heading="0" />
		<spawn npcId="32342" x="152002" y="175992" z="-4256" heading="0" />
		<spawn npcId="32342" x="152464" y="173796" z="-4360" heading="0" />
		<spawn npcId="32342" x="152464" y="175992" z="-4160" heading="0" />
		<spawn npcId="32342" x="152464" y="177090" z="-3704" heading="0" />
		<spawn npcId="32342" x="152926" y="175443" z="-3968" heading="0" />
		<spawn npcId="32342" x="152926" y="176541" z="-3776" heading="0" />
		<spawn npcId="32342" x="153388" y="172698" z="-3880" heading="0" />
		<!-- Ригнос -->
		<spawn npcId="32349" x="159312" y="183904" z="-3680" heading="34248" />
		<!-- Слуга Гермункуса (Хранитель Пространства) -->
		<spawn npcId="33569" x="149792" y="173648" z="-952" heading="44968" />
	</spawns>
</list>