<?xml version="1.0" encoding="utf-8"?>
<!DOCTYPE list SYSTEM "spawn.dtd">
<list>
	<spawns name="TowerOfInsolence">
		<!-- Леди Эльморедена -->
		<spawn npcId="20977" x="113207" y="14315" z="-640" heading="61865" />
		<spawn npcId="20977" x="115143" y="17882" z="-640" heading="41672" />
		<!-- Рыцарь Батина -->
		<spawn npcId="21076" x="112730" y="17234" z="-3608" heading="43564" />
		<spawn npcId="21076" x="113081" y="15202" z="-2120" heading="45797" />
		<spawn npcId="21076" x="113326" y="17279" z="-5096" heading="6511" />
		<spawn npcId="21076" x="113482" y="14929" z="-3608" heading="31422" />
		<spawn npcId="21076" x="113759" y="14669" z="-5096" heading="25729" />
		<spawn npcId="21076" x="115142" y="16153" z="-2120" heading="19739" />
		<spawn npcId="21076" x="115175" y="16062" z="-3608" heading="42733" />
		<spawn npcId="21076" x="115261" y="17800" z="-3608" heading="13181" />
		<spawn npcId="21076" x="115649" y="17251" z="-5096" heading="23831" />
		<spawn npcId="21076" x="115853" y="14859" z="-3608" heading="393" />
		<spawn npcId="21076" x="116067" y="14395" z="-5096" heading="13241" />
		<spawn npcId="21076" x="116178" y="15258" z="-2120" heading="46849" />
		<spawn npcId="21076" x="116412" y="16924" z="-2120" heading="60411" />
		<!-- Маг Батина -->
		<spawn npcId="21077" x="112624" y="17277" z="-3608" heading="43704" />
		<spawn npcId="21077" x="112975" y="15159" z="-2120" heading="45797" />
		<spawn npcId="21077" x="113210" y="17267" z="-5096" heading="53051" />
		<spawn npcId="21077" x="113448" y="15034" z="-3608" heading="31353" />
		<spawn npcId="21077" x="113650" y="14695" z="-5096" heading="62232" />
		<spawn npcId="21077" x="115132" y="16168" z="-3608" heading="17834" />
		<spawn npcId="21077" x="115248" y="16109" z="-2120" heading="19658" />
		<spawn npcId="21077" x="115306" y="17907" z="-3608" heading="13027" />
		<spawn npcId="21077" x="115694" y="17358" z="-5096" heading="23890" />
		<spawn npcId="21077" x="115887" y="14958" z="-3608" heading="23320" />
		<spawn npcId="21077" x="116048" y="14351" z="-5096" heading="47321" />
		<spawn npcId="21077" x="116233" y="15244" z="-2120" heading="16383" />
		<spawn npcId="21077" x="116324" y="16955" z="-2120" heading="59013" />
		<!-- Высохший Дух -->
		<spawn npcId="23044" x="112836" y="15388" z="-5096" heading="24146" />
		<spawn npcId="23044" x="112985" y="17255" z="-5096" heading="34066" />
		<spawn npcId="23044" x="113067" y="14809" z="-5096" heading="9427" />
		<spawn npcId="23044" x="113165" y="15287" z="-5096" heading="44314" />
		<spawn npcId="23044" x="113193" y="14750" z="-5096" heading="8253" />
		<spawn npcId="23044" x="113518" y="14438" z="-5096" heading="46973" />
		<spawn npcId="23044" x="113692" y="17774" z="-5096" heading="987" />
		<spawn npcId="23044" x="113703" y="17143" z="-5096" heading="49732" />
		<spawn npcId="23044" x="113973" y="18308" z="-5096" heading="40726" />
		<spawn npcId="23044" x="115275" y="17597" z="-5096" heading="15083" />
		<spawn npcId="23044" x="115286" y="18290" z="-5096" heading="27115" />
		<spawn npcId="23044" x="115410" y="14983" z="-5096" heading="14632" />
		<spawn npcId="23044" x="115421" y="14917" z="-5096" heading="8027" />
		<spawn npcId="23044" x="115677" y="17354" z="-5096" heading="1973" />
		<spawn npcId="23044" x="115801" y="17686" z="-5096" heading="3328" />
		<spawn npcId="23044" x="116210" y="14475" z="-5096" heading="13993" />
		<spawn npcId="23044" x="116352" y="16765" z="-5096" heading="58885" />
		<spawn npcId="23044" x="116641" y="15069" z="-5096" heading="36742" />
		<!-- Крылья Жестокости -->
		<spawn npcId="23045" x="112488" y="15413" z="-2120" heading="59796" />
		<spawn npcId="23045" x="112629" y="14969" z="-2120" heading="49550" />
		<spawn npcId="23045" x="112805" y="14821" z="-3608" heading="56963" />
		<spawn npcId="23045" x="112916" y="17043" z="-3608" heading="7610" />
		<spawn npcId="23045" x="113257" y="16979" z="-3608" heading="51396" />
		<spawn npcId="23045" x="113361" y="15534" z="-3608" heading="29694" />
		<spawn npcId="23045" x="114139" y="14325" z="-2120" heading="6216" />
		<spawn npcId="23045" x="114157" y="16729" z="-2120" heading="2930" />
		<spawn npcId="23045" x="114848" y="16337" z="-3608" heading="47516" />
		<spawn npcId="23045" x="114882" y="15854" z="-3608" heading="16570" />
		<spawn npcId="23045" x="115153" y="15481" z="-2120" heading="15206" />
		<spawn npcId="23045" x="115227" y="14229" z="-3608" heading="23095" />
		<spawn npcId="23045" x="115568" y="17179" z="-3608" heading="1762" />
		<spawn npcId="23045" x="115582" y="14127" z="-3608" heading="40541" />
		<spawn npcId="23045" x="115974" y="16885" z="-3608" heading="1876" />
		<spawn npcId="23045" x="116130" y="17109" z="-3608" heading="56132" />
		<spawn npcId="23045" x="116156" y="17209" z="-2120" heading="20911" />
		<spawn npcId="23045" x="116219" y="14844" z="-2120" heading="26055" />
		<spawn npcId="23045" x="116492" y="17046" z="-2120" heading="64387" />
		<spawn npcId="23045" x="116655" y="15334" z="-2120" heading="29773" />
		<!-- Рыцарь Барона -->
		<spawn npcId="23046" x="112540" y="16893" z="-3608" heading="32168" />
		<spawn npcId="23046" x="113093" y="16712" z="-3608" heading="32611" />
		<spawn npcId="23046" x="113159" y="14999" z="-2120" heading="36420" />
		<spawn npcId="23046" x="113277" y="14435" z="-3608" heading="2425" />
		<spawn npcId="23046" x="113731" y="15222" z="-3608" heading="15755" />
		<spawn npcId="23046" x="114142" y="14481" z="-2120" heading="26021" />
		<spawn npcId="23046" x="114641" y="16079" z="-3608" heading="38490" />
		<spawn npcId="23046" x="114757" y="15527" z="-2120" heading="7670" />
		<spawn npcId="23046" x="114795" y="16190" z="-3608" heading="48304" />
		<spawn npcId="23046" x="115182" y="14342" z="-2120" heading="14301" />
		<spawn npcId="23046" x="115238" y="17866" z="-3608" heading="2907" />
		<spawn npcId="23046" x="115389" y="17229" z="-2120" heading="23641" />
		<spawn npcId="23046" x="115484" y="16510" z="-2120" heading="21872" />
		<spawn npcId="23046" x="115776" y="15446" z="-3608" heading="52172" />
		<spawn npcId="23046" x="115808" y="16668" z="-2120" heading="34470" />
		<spawn npcId="23046" x="115817" y="15195" z="-3608" heading="49934" />
		<spawn npcId="23046" x="115888" y="17156" z="-3608" heading="63513" />
		<spawn npcId="23046" x="115947" y="17557" z="-3608" heading="10557" />
		<spawn npcId="23046" x="116069" y="15227" z="-2120" heading="9337" />
		<spawn npcId="23046" x="116218" y="14978" z="-3608" heading="53957" />
		<spawn npcId="23046" x="116333" y="15612" z="-2120" heading="26540" />
		<!-- Терестиан -->
		<spawn npcId="23047" x="112743" y="17118" z="-3608" heading="56635" />
		<spawn npcId="23047" x="112924" y="14633" z="-3608" heading="59211" />
		<spawn npcId="23047" x="113020" y="17437" z="-5096" heading="7845" />
		<spawn npcId="23047" x="113141" y="16675" z="-5096" heading="13295" />
		<spawn npcId="23047" x="113194" y="15311" z="-5096" heading="29944" />
		<spawn npcId="23047" x="113474" y="14666" z="-5096" heading="53502" />
		<spawn npcId="23047" x="113585" y="15068" z="-5096" heading="19891" />
		<spawn npcId="23047" x="113689" y="15070" z="-3608" heading="59393" />
		<spawn npcId="23047" x="113845" y="17399" z="-3608" heading="11460" />
		<spawn npcId="23047" x="113924" y="17740" z="-3608" heading="20194" />
		<spawn npcId="23047" x="113933" y="14056" z="-3608" heading="35649" />
		<spawn npcId="23047" x="114070" y="18308" z="-5096" heading="34347" />
		<spawn npcId="23047" x="114301" y="16119" z="-3608" heading="20447" />
		<spawn npcId="23047" x="114692" y="16367" z="-3608" heading="11928" />
		<spawn npcId="23047" x="114805" y="15669" z="-3608" heading="44040" />
		<spawn npcId="23047" x="115169" y="14912" z="-3608" heading="17956" />
		<spawn npcId="23047" x="115329" y="14828" z="-3608" heading="23696" />
		<spawn npcId="23047" x="115508" y="17808" z="-3608" heading="2110" />
		<spawn npcId="23047" x="115573" y="16983" z="-3608" heading="60793" />
		<spawn npcId="23047" x="115609" y="18197" z="-5096" heading="27187" />
		<spawn npcId="23047" x="116284" y="17286" z="-5096" heading="55329" />
		<spawn npcId="23047" x="116332" y="15492" z="-5096" heading="13844" />
		<spawn npcId="23047" x="116378" y="17356" z="-3608" heading="36207" />
		<spawn npcId="23047" x="116458" y="14963" z="-5096" heading="53901" />
		<spawn npcId="23047" x="116562" y="16639" z="-5096" heading="848" />
		<spawn npcId="23047" x="116573" y="15070" z="-3608" heading="47650" />
		<spawn npcId="23047" x="116666" y="15170" z="-5096" heading="40291" />
		<!-- Злой Дух Шила -->
		<spawn npcId="23048" x="112741" y="16944" z="-3608" heading="41228" />
		<spawn npcId="23048" x="113318" y="15056" z="-2120" heading="47243" />
		<spawn npcId="23048" x="113352" y="17208" z="-3608" heading="54702" />
		<spawn npcId="23048" x="113586" y="18051" z="-3608" heading="3841" />
		<spawn npcId="23048" x="113695" y="15720" z="-2120" heading="33087" />
		<spawn npcId="23048" x="113836" y="14389" z="-3608" heading="7097" />
		<spawn npcId="23048" x="113859" y="15413" z="-3608" heading="15107" />
		<spawn npcId="23048" x="113897" y="16548" z="-2120" heading="11119" />
		<spawn npcId="23048" x="113903" y="14109" z="-2120" heading="56448" />
		<spawn npcId="23048" x="114162" y="14074" z="-2120" heading="54528" />
		<spawn npcId="23048" x="114308" y="15728" z="-3608" heading="8209" />
		<spawn npcId="23048" x="114358" y="15779" z="-2120" heading="29010" />
		<spawn npcId="23048" x="114554" y="16077" z="-3608" heading="64429" />
		<spawn npcId="23048" x="114693" y="15873" z="-3608" heading="18442" />
		<spawn npcId="23048" x="114857" y="16847" z="-2120" heading="14137" />
		<spawn npcId="23048" x="115378" y="14832" z="-3608" heading="20565" />
		<spawn npcId="23048" x="115430" y="16902" z="-3608" heading="21162" />
		<spawn npcId="23048" x="115528" y="14848" z="-3608" heading="51461" />
		<spawn npcId="23048" x="115554" y="14043" z="-2120" heading="47430" />
		<spawn npcId="23048" x="115605" y="14568" z="-2120" heading="8101" />
		<spawn npcId="23048" x="115742" y="17067" z="-2120" heading="15236" />
		<spawn npcId="23048" x="115796" y="17317" z="-2120" heading="18959" />
		<spawn npcId="23048" x="115991" y="17319" z="-3608" heading="27174" />
		<spawn npcId="23048" x="116105" y="17018" z="-2120" heading="10747" />
		<spawn npcId="23048" x="116871" y="15407" z="-2120" heading="6040" />
		<!-- Дух Рыцаря -->
		<spawn npcId="23049" x="112624" y="16846" z="-5096" heading="22625" />
		<spawn npcId="23049" x="112680" y="17211" z="-5096" heading="10814" />
		<spawn npcId="23049" x="112701" y="15286" z="-5096" heading="28398" />
		<spawn npcId="23049" x="112889" y="15039" z="-5096" heading="42714" />
		<spawn npcId="23049" x="113129" y="17187" z="-5096" heading="38974" />
		<spawn npcId="23049" x="113336" y="17359" z="-5096" heading="16121" />
		<spawn npcId="23049" x="113564" y="14578" z="-5096" heading="57785" />
		<spawn npcId="23049" x="113786" y="14320" z="-5096" heading="65143" />
		<spawn npcId="23049" x="114158" y="14339" z="-5096" heading="132" />
		<spawn npcId="23049" x="115285" y="14875" z="-5096" heading="37720" />
		<spawn npcId="23049" x="115518" y="13951" z="-5096" heading="15419" />
		<spawn npcId="23049" x="115579" y="15142" z="-5096" heading="40961" />
		<spawn npcId="23049" x="115818" y="17483" z="-5096" heading="2195" />
		<spawn npcId="23049" x="115933" y="17185" z="-5096" heading="45304" />
		<spawn npcId="23049" x="116260" y="17085" z="-5096" heading="10252" />
		<spawn npcId="23049" x="116327" y="17639" z="-5096" heading="56110" />
		<spawn npcId="23049" x="116376" y="15066" z="-5096" heading="31214" />
		<spawn npcId="23049" x="116697" y="16867" z="-5096" heading="12488" />
		<!-- Дух Рыцаря Преторианской Гвардии -->
		<spawn npcId="23050" x="112471" y="15381" z="-5096" heading="56181" />
		<spawn npcId="23050" x="112786" y="15123" z="-3608" heading="30306" />
		<spawn npcId="23050" x="112799" y="17302" z="-3608" heading="33679" />
		<spawn npcId="23050" x="113069" y="15012" z="-5096" heading="42285" />
		<spawn npcId="23050" x="113217" y="15417" z="-3608" heading="11474" />
		<spawn npcId="23050" x="113487" y="16591" z="-3608" heading="6192" />
		<spawn npcId="23050" x="113544" y="14784" z="-3608" heading="56667" />
		<spawn npcId="23050" x="113557" y="17272" z="-5096" heading="45323" />
		<spawn npcId="23050" x="113586" y="14659" z="-5096" heading="1079" />
		<spawn npcId="23050" x="113675" y="17685" z="-5096" heading="44331" />
		<spawn npcId="23050" x="113780" y="17144" z="-3608" heading="9939" />
		<spawn npcId="23050" x="113857" y="17614" z="-3608" heading="45365" />
		<spawn npcId="23050" x="113864" y="14460" z="-5096" heading="19904" />
		<spawn npcId="23050" x="113975" y="18075" z="-5096" heading="4894" />
		<spawn npcId="23050" x="114226" y="16056" z="-3608" heading="63853" />
		<spawn npcId="23050" x="114425" y="15611" z="-3608" heading="45498" />
		<spawn npcId="23050" x="114915" y="16589" z="-3608" heading="7405" />
		<spawn npcId="23050" x="114990" y="15842" z="-3608" heading="2630" />
		<spawn npcId="23050" x="115164" y="14968" z="-3608" heading="3816" />
		<spawn npcId="23050" x="115432" y="17892" z="-3608" heading="6648" />
		<spawn npcId="23050" x="115626" y="16764" z="-3608" heading="48286" />
		<spawn npcId="23050" x="115735" y="15326" z="-3608" heading="19857" />
		<spawn npcId="23050" x="115758" y="14767" z="-5096" heading="12132" />
		<spawn npcId="23050" x="115773" y="14691" z="-3608" heading="44588" />
		<spawn npcId="23050" x="115817" y="14237" z="-5096" heading="54280" />
		<spawn npcId="23050" x="115880" y="16792" z="-3608" heading="3149" />
		<spawn npcId="23050" x="116194" y="17694" z="-5096" heading="13786" />
		<spawn npcId="23050" x="116273" y="16602" z="-5096" heading="21798" />
		<spawn npcId="23050" x="116336" y="17106" z="-5096" heading="62759" />
		<spawn npcId="23050" x="116500" y="15467" z="-3608" heading="53208" />
		<spawn npcId="23050" x="116517" y="16631" z="-5096" heading="23883" />
		<spawn npcId="23050" x="116702" y="15188" z="-5096" heading="56282" />
		<!-- Прислужник Барона -->
		<spawn npcId="23051" x="111943" y="16039" z="-640" heading="13964" />
		<spawn npcId="23051" x="112602" y="15037" z="-640" heading="44635" />
		<spawn npcId="23051" x="112654" y="16881" z="-640" heading="9582" />
		<spawn npcId="23051" x="112754" y="15925" z="-640" heading="19117" />
		<spawn npcId="23051" x="112790" y="15084" z="-640" heading="15835" />
		<spawn npcId="23051" x="112799" y="17228" z="-640" heading="6500" />
		<spawn npcId="23051" x="113665" y="14775" z="-640" heading="2544" />
		<spawn npcId="23051" x="113795" y="18046" z="-640" heading="52926" />
		<spawn npcId="23051" x="113843" y="18145" z="-640" heading="17207" />
		<spawn npcId="23051" x="113856" y="13827" z="-640" heading="57029" />
		<spawn npcId="23051" x="114019" y="16342" z="928" heading="40684" />
		<spawn npcId="23051" x="115234" y="14117" z="-640" heading="47100" />
		<spawn npcId="23051" x="115341" y="17875" z="-640" heading="39005" />
		<spawn npcId="23051" x="115428" y="14066" z="-640" heading="60004" />
		<spawn npcId="23051" x="115755" y="17461" z="-640" heading="59073" />
		<spawn npcId="23051" x="115931" y="17099" z="-640" heading="31687" />
		<spawn npcId="23051" x="116129" y="15364" z="-640" heading="30867" />
		<spawn npcId="23051" x="116347" y="15568" z="-640" heading="37437" />
		<spawn npcId="23051" x="116903" y="16222" z="-640" heading="65519" />
		<spawn npcId="23051" x="116912" y="17005" z="-640" heading="60634" />
		<spawn npcId="23051" x="117367" y="16265" z="-640" heading="23248" />
		<!-- Жестокий Беглец -->
		<spawn npcId="23053" x="112219" y="15829" z="-640" heading="62434" />
		<spawn npcId="23053" x="112242" y="15157" z="-640" heading="54442" />
		<spawn npcId="23053" x="112362" y="16138" z="-640" heading="23853" />
		<spawn npcId="23053" x="112549" y="16845" z="-640" heading="40707" />
		<spawn npcId="23053" x="112742" y="16184" z="-640" heading="52782" />
		<spawn npcId="23053" x="112826" y="16837" z="-640" heading="60050" />
		<spawn npcId="23053" x="112972" y="14983" z="-640" heading="30439" />
		<spawn npcId="23053" x="113104" y="16544" z="-640" heading="42960" />
		<spawn npcId="23053" x="113187" y="14947" z="-640" heading="43578" />
		<spawn npcId="23053" x="113299" y="14279" z="-640" heading="39683" />
		<spawn npcId="23053" x="113364" y="16937" z="928" heading="34903" />
		<spawn npcId="23053" x="113470" y="17916" z="-640" heading="30736" />
		<spawn npcId="23053" x="113683" y="18012" z="-640" heading="29228" />
		<spawn npcId="23053" x="113694" y="17790" z="-640" heading="6214" />
		<spawn npcId="23053" x="113772" y="17519" z="928" heading="60050" />
		<spawn npcId="23053" x="113791" y="17079" z="928" heading="58476" />
		<spawn npcId="23053" x="113852" y="14753" z="-640" heading="12721" />
		<spawn npcId="23053" x="114050" y="14628" z="-640" heading="7566" />
		<spawn npcId="23053" x="114501" y="16545" z="-640" heading="64366" />
		<spawn npcId="23053" x="114520" y="17364" z="928" heading="17473" />
		<spawn npcId="23053" x="114552" y="16446" z="-640" heading="47430" />
		<spawn npcId="23053" x="114583" y="17050" z="928" heading="32477" />
		<spawn npcId="23053" x="114658" y="16449" z="-640" heading="50450" />
		<spawn npcId="23053" x="114750" y="15497" z="-640" heading="64661" />
		<spawn npcId="23053" x="114796" y="15483" z="-640" heading="29298" />
		<spawn npcId="23053" x="114855" y="15748" z="928" heading="56115" />
		<spawn npcId="23053" x="114904" y="15483" z="-640" heading="2150" />
		<spawn npcId="23053" x="115181" y="14032" z="-640" heading="50211" />
		<spawn npcId="23053" x="115187" y="14776" z="-640" heading="64374" />
		<spawn npcId="23053" x="115249" y="17806" z="-640" heading="17554" />
		<spawn npcId="23053" x="115323" y="17629" z="-640" heading="34941" />
		<spawn npcId="23053" x="115355" y="16452" z="928" heading="16383" />
		<spawn npcId="23053" x="115529" y="17272" z="-640" heading="47122" />
		<spawn npcId="23053" x="115799" y="16451" z="928" heading="25594" />
		<spawn npcId="23053" x="115824" y="14301" z="-640" heading="64267" />
		<spawn npcId="23053" x="115911" y="15748" z="928" heading="49539" />
		<spawn npcId="23053" x="116003" y="15933" z="-640" heading="51465" />
		<spawn npcId="23053" x="116015" y="16044" z="-640" heading="19097" />
		<spawn npcId="23053" x="116290" y="16625" z="-640" heading="62823" />
		<spawn npcId="23053" x="116315" y="14634" z="-640" heading="2058" />
		<spawn npcId="23053" x="116448" y="15472" z="-640" heading="58114" />
		<spawn npcId="23053" x="116455" y="16844" z="-640" heading="5184" />
		<spawn npcId="23053" x="116778" y="15242" z="-640" heading="63933" />
		<spawn npcId="23053" x="116990" y="17290" z="-640" heading="2661" />
		<spawn npcId="23053" x="117132" y="15978" z="-640" heading="32405" />
		<!-- Рыцарь Темных Сил -->
		<spawn npcId="23054" x="112273" y="14845" z="-640" heading="4362" />
		<spawn npcId="23054" x="112819" y="16557" z="-640" heading="33451" />
		<spawn npcId="23054" x="113009" y="15964" z="-640" heading="9073" />
		<spawn npcId="23054" x="113583" y="14226" z="-640" heading="18259" />
		<spawn npcId="23054" x="113803" y="16925" z="928" heading="29431" />
		<spawn npcId="23054" x="113894" y="17032" z="-640" heading="27340" />
		<spawn npcId="23054" x="113979" y="17478" z="928" heading="50502" />
		<spawn npcId="23054" x="114877" y="17673" z="928" heading="57477" />
		<spawn npcId="23054" x="114883" y="17243" z="928" heading="50266" />
		<spawn npcId="23054" x="115240" y="14392" z="-640" heading="11046" />
		<spawn npcId="23054" x="115552" y="16144" z="928" heading="8656" />
		<spawn npcId="23054" x="115631" y="15444" z="928" heading="32534" />
		<spawn npcId="23054" x="115827" y="15641" z="-640" heading="11380" />
		<spawn npcId="23054" x="116160" y="17767" z="-640" heading="1413" />
		<spawn npcId="23054" x="116779" y="16793" z="-640" heading="59067" />
		<spawn npcId="23054" x="116934" y="16253" z="-640" heading="6469" />
		<!-- Жрец Темных Сил -->
		<spawn npcId="23055" x="112375" y="15083" z="-640" heading="3686" />
		<spawn npcId="23055" x="112564" y="16092" z="-640" heading="4554" />
		<spawn npcId="23055" x="112584" y="16872" z="-640" heading="28927" />
		<spawn npcId="23055" x="113198" y="16248" z="928" heading="11559" />
		<spawn npcId="23055" x="113622" y="15980" z="928" heading="57862" />
		<spawn npcId="23055" x="114027" y="17164" z="-640" heading="4085" />
		<spawn npcId="23055" x="114088" y="14282" z="-640" heading="53103" />
		<spawn npcId="23055" x="114528" y="16801" z="928" heading="53115" />
		<spawn npcId="23055" x="114766" y="17475" z="928" heading="42933" />
		<spawn npcId="23055" x="115384" y="14142" z="-640" heading="48320" />
		<spawn npcId="23055" x="115909" y="16384" z="-640" heading="39439" />
		<spawn npcId="23055" x="116046" y="16300" z="928" heading="12421" />
		<spawn npcId="23055" x="116222" y="16552" z="928" heading="6228" />
		<spawn npcId="23055" x="116244" y="17559" z="-640" heading="31403" />
		<spawn npcId="23055" x="116280" y="14549" z="-640" heading="45120" />
		<spawn npcId="23055" x="117309" y="15824" z="-640" heading="57100" />
		<!-- Королева Вампиров -->
		<spawn npcId="23056" x="113081" y="15342" z="-2120" heading="23738" />
		<spawn npcId="23056" x="113192" y="15478" z="-2120" heading="40470" />
		<spawn npcId="23056" x="113474" y="14422" z="-2120" heading="56021" />
		<spawn npcId="23056" x="114030" y="16190" z="-2120" heading="49196" />
		<spawn npcId="23056" x="114197" y="16416" z="-2120" heading="33330" />
		<spawn npcId="23056" x="115121" y="16473" z="-2120" heading="18664" />
		<spawn npcId="23056" x="115592" y="17054" z="-2120" heading="56875" />
		<spawn npcId="23056" x="115794" y="14972" z="-2120" heading="44020" />
		<spawn npcId="23056" x="116041" y="16503" z="-2120" heading="1963" />
		<spawn npcId="23056" x="116145" y="16617" z="-2120" heading="44718" />
		<spawn npcId="23056" x="116147" y="17246" z="-2120" heading="47974" />
		<spawn npcId="23056" x="116459" y="15315" z="-2120" heading="38446" />
		<spawn npcId="23056" x="116565" y="15261" z="-2120" heading="4223" />
		<!-- Глупый Раб -->
		<spawn npcId="23057" x="112426" y="15868" z="-640" heading="55021" />
		<spawn npcId="23057" x="112588" y="15219" z="-2120" heading="38001" />
		<spawn npcId="23057" x="112671" y="16175" z="-640" heading="29215" />
		<spawn npcId="23057" x="112852" y="16900" z="-640" heading="62387" />
		<spawn npcId="23057" x="112976" y="15324" z="-640" heading="58269" />
		<spawn npcId="23057" x="113035" y="16045" z="928" heading="8027" />
		<spawn npcId="23057" x="113112" y="14565" z="-2120" heading="58607" />
		<spawn npcId="23057" x="113220" y="16489" z="-640" heading="26559" />
		<spawn npcId="23057" x="113261" y="15360" z="-640" heading="58458" />
		<spawn npcId="23057" x="113282" y="14553" z="-2120" heading="52591" />
		<spawn npcId="23057" x="113384" y="14503" z="-640" heading="20328" />
		<spawn npcId="23057" x="113509" y="14371" z="-640" heading="36332" />
		<spawn npcId="23057" x="113592" y="17049" z="928" heading="3355" />
		<spawn npcId="23057" x="113929" y="17507" z="-640" heading="16318" />
		<spawn npcId="23057" x="114049" y="17219" z="-640" heading="35050" />
		<spawn npcId="23057" x="114400" y="15637" z="-2120" heading="64796" />
		<spawn npcId="23057" x="114460" y="15768" z="928" heading="39533" />
		<spawn npcId="23057" x="114726" y="16512" z="-640" heading="34834" />
		<spawn npcId="23057" x="114808" y="16617" z="-640" heading="10522" />
		<spawn npcId="23057" x="114811" y="15445" z="-640" heading="61081" />
		<spawn npcId="23057" x="114835" y="15227" z="928" heading="785" />
		<spawn npcId="23057" x="115066" y="15597" z="-640" heading="32246" />
		<spawn npcId="23057" x="115151" y="18166" z="-2120" heading="60817" />
		<spawn npcId="23057" x="115354" y="14228" z="-640" heading="43609" />
		<spawn npcId="23057" x="115358" y="16358" z="928" heading="58465" />
		<spawn npcId="23057" x="115412" y="16496" z="-2120" heading="62676" />
		<spawn npcId="23057" x="115485" y="14358" z="-640" heading="54689" />
		<spawn npcId="23057" x="115550" y="17939" z="-640" heading="60993" />
		<spawn npcId="23057" x="115575" y="15073" z="-2120" heading="325" />
		<spawn npcId="23057" x="115596" y="17921" z="-640" heading="43928" />
		<spawn npcId="23057" x="115635" y="14729" z="-2120" heading="4806" />
		<spawn npcId="23057" x="115684" y="15869" z="-2120" heading="27187" />
		<spawn npcId="23057" x="115874" y="17975" z="-2120" heading="63557" />
		<spawn npcId="23057" x="115941" y="15947" z="928" heading="29201" />
		<spawn npcId="23057" x="116049" y="16120" z="-640" heading="14542" />
		<spawn npcId="23057" x="116065" y="15287" z="-640" heading="15851" />
		<spawn npcId="23057" x="116323" y="14845" z="-2120" heading="6096" />
		<spawn npcId="23057" x="116399" y="16711" z="-640" heading="40964" />
		<spawn npcId="23057" x="116435" y="16949" z="-2120" heading="8038" />
		<spawn npcId="23057" x="116518" y="15358" z="-640" heading="35487" />
		<spawn npcId="23057" x="117152" y="15816" z="-640" heading="37052" />
		<spawn npcId="23057" x="117238" y="16767" z="-640" heading="29219" />
		<!-- Воитель Платинового Клана -->
		<spawn npcId="23058" x="113020" y="16134" z="1944" heading="4773" />
		<spawn npcId="23058" x="113410" y="16999" z="1944" heading="39427" />
		<spawn npcId="23058" x="113425" y="16892" z="1944" heading="27013" />
		<spawn npcId="23058" x="113582" y="16046" z="1944" heading="63857" />
		<spawn npcId="23058" x="113615" y="17255" z="1944" heading="40423" />
		<spawn npcId="23058" x="113646" y="17193" z="1944" heading="10512" />
		<spawn npcId="23058" x="113755" y="16429" z="1944" heading="27931" />
		<spawn npcId="23058" x="113763" y="15969" z="1944" heading="29935" />
		<spawn npcId="23058" x="114222" y="16399" z="1944" heading="60328" />
		<spawn npcId="23058" x="114399" y="14310" z="1944" heading="62863" />
		<spawn npcId="23058" x="114524" y="17728" z="1944" heading="32611" />
		<spawn npcId="23058" x="114699" y="17621" z="1944" heading="4601" />
		<spawn npcId="23058" x="114712" y="15823" z="1944" heading="43729" />
		<spawn npcId="23058" x="114809" y="15118" z="1944" heading="57271" />
		<spawn npcId="23058" x="114861" y="16081" z="1944" heading="4991" />
		<spawn npcId="23058" x="114972" y="15586" z="1944" heading="63372" />
		<spawn npcId="23058" x="114973" y="16986" z="1944" heading="7596" />
		<spawn npcId="23058" x="115173" y="17161" z="1944" heading="51607" />
		<spawn npcId="23058" x="115559" y="15014" z="1944" heading="4319" />
		<spawn npcId="23058" x="115729" y="16406" z="1944" heading="15807" />
		<spawn npcId="23058" x="115853" y="15286" z="1944" heading="32375" />
		<spawn npcId="23058" x="115921" y="14784" z="1944" heading="58032" />
		<spawn npcId="23058" x="115921" y="15300" z="1944" heading="27931" />
		<spawn npcId="23058" x="116079" y="16006" z="1944" heading="26808" />
		<spawn npcId="23058" x="116109" y="17087" z="1944" heading="61855" />
		<spawn npcId="23058" x="116119" y="16855" z="1944" heading="63290" />
		<spawn npcId="23058" x="116265" y="16082" z="1944" heading="20378" />
		<spawn npcId="23058" x="116312" y="16601" z="1944" heading="9629" />
		<!-- Стрелок Платинового Клана -->
		<spawn npcId="23059" x="112860" y="15481" z="2952" heading="58068" />
		<spawn npcId="23059" x="112901" y="15708" z="1944" heading="65509" />
		<spawn npcId="23059" x="113098" y="16281" z="2952" heading="3709" />
		<spawn npcId="23059" x="113347" y="16417" z="1944" heading="37512" />
		<spawn npcId="23059" x="113368" y="16842" z="1944" heading="65327" />
		<spawn npcId="23059" x="113642" y="16483" z="1944" heading="37675" />
		<spawn npcId="23059" x="113650" y="18512" z="2952" heading="14592" />
		<spawn npcId="23059" x="113684" y="17263" z="1944" heading="52504" />
		<spawn npcId="23059" x="113850" y="17350" z="1944" heading="52465" />
		<spawn npcId="23059" x="114271" y="15604" z="2992" heading="11547" />
		<spawn npcId="23059" x="114350" y="15516" z="2992" heading="58818" />
		<spawn npcId="23059" x="114350" y="17723" z="2952" heading="18278" />
		<spawn npcId="23059" x="114366" y="17605" z="1944" heading="51938" />
		<spawn npcId="23059" x="114391" y="15429" z="2992" heading="62710" />
		<spawn npcId="23059" x="114393" y="18467" z="2952" heading="9169" />
		<spawn npcId="23059" x="114439" y="15750" z="1944" heading="46403" />
		<spawn npcId="23059" x="114567" y="17587" z="1944" heading="62853" />
		<spawn npcId="23059" x="114681" y="14444" z="1944" heading="52411" />
		<spawn npcId="23059" x="114754" y="17505" z="2952" heading="29493" />
		<spawn npcId="23059" x="114829" y="14843" z="1944" heading="21841" />
		<spawn npcId="23059" x="114877" y="16522" z="1944" heading="36347" />
		<spawn npcId="23059" x="114981" y="18294" z="2952" heading="24477" />
		<spawn npcId="23059" x="115033" y="16359" z="1944" heading="46699" />
		<spawn npcId="23059" x="115275" y="15165" z="2952" heading="46782" />
		<spawn npcId="23059" x="115294" y="14809" z="2952" heading="20158" />
		<spawn npcId="23059" x="115451" y="17737" z="1944" heading="22719" />
		<spawn npcId="23059" x="115856" y="15028" z="1944" heading="57654" />
		<spawn npcId="23059" x="115858" y="14939" z="1944" heading="15073" />
		<spawn npcId="23059" x="115901" y="17065" z="1944" heading="6176" />
		<spawn npcId="23059" x="116004" y="15497" z="1944" heading="53102" />
		<spawn npcId="23059" x="116083" y="15674" z="1944" heading="36043" />
		<spawn npcId="23059" x="116175" y="15671" z="1944" heading="56017" />
		<!-- Воин Платинового Клана -->
		<spawn npcId="23060" x="112857" y="15773" z="1944" heading="35274" />
		<spawn npcId="23060" x="112907" y="16159" z="2952" heading="4694" />
		<spawn npcId="23060" x="113151" y="16042" z="2952" heading="63857" />
		<spawn npcId="23060" x="113175" y="15558" z="2952" heading="19623" />
		<spawn npcId="23060" x="113202" y="15552" z="2952" heading="33912" />
		<spawn npcId="23060" x="113512" y="16881" z="1944" heading="60701" />
		<spawn npcId="23060" x="113615" y="17453" z="1944" heading="33255" />
		<spawn npcId="23060" x="113783" y="16462" z="1944" heading="58384" />
		<spawn npcId="23060" x="114044" y="14806" z="2952" heading="11501" />
		<spawn npcId="23060" x="114134" y="15861" z="2992" heading="15627" />
		<spawn npcId="23060" x="114159" y="15900" z="2992" heading="27689" />
		<spawn npcId="23060" x="114168" y="17228" z="2952" heading="2807" />
		<spawn npcId="23060" x="114177" y="15660" z="1944" heading="12719" />
		<spawn npcId="23060" x="114247" y="14515" z="1944" heading="43808" />
		<spawn npcId="23060" x="114249" y="15703" z="2992" heading="32350" />
		<spawn npcId="23060" x="114266" y="14848" z="2952" heading="16383" />
		<spawn npcId="23060" x="114272" y="15965" z="2992" heading="51623" />
		<spawn npcId="23060" x="114313" y="14583" z="1944" heading="63061" />
		<spawn npcId="23060" x="114347" y="18334" z="2952" heading="272" />
		<spawn npcId="23060" x="114412" y="17330" z="2952" heading="12233" />
		<spawn npcId="23060" x="114499" y="17540" z="2952" heading="60701" />
		<spawn npcId="23060" x="114521" y="14304" z="2952" heading="61917" />
		<spawn npcId="23060" x="114533" y="15663" z="2992" heading="61848" />
		<spawn npcId="23060" x="114552" y="14691" z="2952" heading="39953" />
		<spawn npcId="23060" x="114624" y="17209" z="1944" heading="60537" />
		<spawn npcId="23060" x="114789" y="16098" z="1944" heading="13193" />
		<spawn npcId="23060" x="114836" y="17037" z="1944" heading="44549" />
		<spawn npcId="23060" x="114895" y="18167" z="2952" heading="12154" />
		<spawn npcId="23060" x="114908" y="16106" z="2992" heading="48996" />
		<spawn npcId="23060" x="114931" y="16145" z="1944" heading="4882" />
		<spawn npcId="23060" x="114961" y="18678" z="2952" heading="2479" />
		<spawn npcId="23060" x="115245" y="18315" z="2952" heading="48389" />
		<spawn npcId="23060" x="115501" y="15268" z="1944" heading="27699" />
		<spawn npcId="23060" x="115585" y="15424" z="2952" heading="23324" />
		<spawn npcId="23060" x="115660" y="15643" z="1944" heading="61297" />
		<spawn npcId="23060" x="115663" y="16934" z="1944" heading="32767" />
		<spawn npcId="23060" x="115667" y="17147" z="1944" heading="4710" />
		<spawn npcId="23060" x="115760" y="14766" z="1944" heading="22373" />
		<spawn npcId="23060" x="115861" y="16053" z="1944" heading="64569" />
		<spawn npcId="23060" x="115929" y="15238" z="2952" heading="20576" />
		<spawn npcId="23060" x="116180" y="15319" z="2952" heading="9521" />
		<!-- Шаман Платинового Клана -->
		<spawn npcId="23061" x="113241" y="15375" z="2952" heading="10925" />
		<spawn npcId="23061" x="113257" y="16454" z="2952" heading="27245" />
		<spawn npcId="23061" x="113344" y="14944" z="3960" heading="57567" />
		<spawn npcId="23061" x="113886" y="14643" z="3960" heading="44038" />
		<spawn npcId="23061" x="114127" y="15605" z="2992" heading="4694" />
		<spawn npcId="23061" x="114317" y="14478" z="2952" heading="43106" />
		<spawn npcId="23061" x="114426" y="15988" z="3960" heading="62320" />
		<spawn npcId="23061" x="114476" y="15972" z="2992" heading="24182" />
		<spawn npcId="23061" x="114561" y="15073" z="3960" heading="28585" />
		<spawn npcId="23061" x="114600" y="15982" z="2992" heading="888" />
		<spawn npcId="23061" x="114632" y="17403" z="2952" heading="12895" />
		<spawn npcId="23061" x="114650" y="17263" z="3960" heading="42139" />
		<spawn npcId="23061" x="114686" y="17324" z="2952" heading="8950" />
		<spawn npcId="23061" x="114901" y="15784" z="3960" heading="24280" />
		<spawn npcId="23061" x="114908" y="18540" z="2952" heading="64066" />
		<spawn npcId="23061" x="114978" y="17809" z="3960" heading="4085" />
		<spawn npcId="23061" x="115048" y="18568" z="2952" heading="13293" />
		<spawn npcId="23061" x="115326" y="15006" z="2952" heading="39785" />
		<spawn npcId="23061" x="115327" y="14352" z="3960" heading="5073" />
		<spawn npcId="23061" x="115443" y="15577" z="3960" heading="9378" />
		<spawn npcId="23061" x="115599" y="14645" z="2952" heading="34684" />
		<spawn npcId="23061" x="115932" y="16685" z="3960" heading="21466" />
		<spawn npcId="23061" x="116010" y="15847" z="3960" heading="59991" />
		<!-- Владыка Платинового Клана -->
		<spawn npcId="23062" x="113061" y="15798" z="3960" heading="2826" />
		<spawn npcId="23062" x="113289" y="15236" z="3960" heading="44475" />
		<spawn npcId="23062" x="114014" y="16075" z="2992" heading="210" />
		<spawn npcId="23062" x="114177" y="15232" z="3960" heading="50089" />
		<spawn npcId="23062" x="114181" y="15470" z="2992" heading="40629" />
		<spawn npcId="23062" x="114333" y="17494" z="2952" heading="58322" />
		<spawn npcId="23062" x="114367" y="14715" z="3960" heading="6162" />
		<spawn npcId="23062" x="114419" y="16398" z="3960" heading="6506" />
		<spawn npcId="23062" x="114738" y="18603" z="2952" heading="7300" />
		<spawn npcId="23062" x="114917" y="16081" z="3960" heading="28818" />
		<spawn npcId="23062" x="115014" y="15895" z="3960" heading="2182" />
		<spawn npcId="23062" x="115041" y="17235" z="3960" heading="35829" />
		<spawn npcId="23062" x="115068" y="16914" z="3960" heading="3521" />
		<spawn npcId="23062" x="115288" y="14610" z="3960" heading="39591" />
		<spawn npcId="23062" x="115511" y="14552" z="3960" heading="21347" />
		<spawn npcId="23062" x="115715" y="16103" z="3960" heading="21064" />
		<spawn npcId="23062" x="115807" y="15314" z="2952" heading="48458" />
		<spawn npcId="23062" x="115849" y="15383" z="3960" heading="24907" />
		<spawn npcId="23062" x="115973" y="16983" z="3960" heading="7765" />
		<spawn npcId="23062" x="116132" y="16700" z="3960" heading="27884" />
		<!-- Рыцарь Радуги -->
		<spawn npcId="23063" x="113295" y="16310" z="4976" heading="8817" />
		<spawn npcId="23063" x="113298" y="15489" z="3960" heading="44163" />
		<spawn npcId="23063" x="113540" y="15775" z="4976" heading="54878" />
		<spawn npcId="23063" x="113781" y="17556" z="4976" heading="31727" />
		<spawn npcId="23063" x="113991" y="14641" z="3960" heading="15248" />
		<spawn npcId="23063" x="114019" y="14814" z="4976" heading="39371" />
		<spawn npcId="23063" x="114437" y="16388" z="3960" heading="57919" />
		<spawn npcId="23063" x="114527" y="15617" z="3960" heading="4406" />
		<spawn npcId="23063" x="114591" y="16940" z="4976" heading="20357" />
		<spawn npcId="23063" x="114598" y="14674" z="3960" heading="3663" />
		<spawn npcId="23063" x="114695" y="17250" z="3960" heading="20125" />
		<spawn npcId="23063" x="114822" y="15117" z="4976" heading="28755" />
		<spawn npcId="23063" x="114858" y="17066" z="3960" heading="36289" />
		<spawn npcId="23063" x="115060" y="14331" z="3960" heading="42255" />
		<spawn npcId="23063" x="115205" y="16182" z="4976" heading="10687" />
		<spawn npcId="23063" x="115224" y="17316" z="4976" heading="45797" />
		<spawn npcId="23063" x="115390" y="17353" z="4976" heading="20207" />
		<spawn npcId="23063" x="115482" y="15811" z="3960" heading="38069" />
		<spawn npcId="23063" x="115763" y="15117" z="3960" heading="55280" />
		<spawn npcId="23063" x="115889" y="15274" z="4976" heading="33636" />
		<spawn npcId="23063" x="116049" y="15063" z="4976" heading="8191" />
		<spawn npcId="23063" x="116081" y="16175" z="4976" heading="58987" />
		<spawn npcId="23063" x="116177" y="15565" z="4976" heading="7065" />
		<spawn npcId="23063" x="116222" y="16700" z="3960" heading="10780" />
		<spawn npcId="23063" x="116299" y="16159" z="4976" heading="47430" />
		<!-- Боец Радуги -->
		<spawn npcId="23064" x="112032" y="16737" z="5984" heading="54689" />
		<spawn npcId="23064" x="112277" y="16106" z="5984" heading="26060" />
		<spawn npcId="23064" x="113231" y="13885" z="5984" heading="17272" />
		<spawn npcId="23064" x="113260" y="17181" z="4976" heading="37047" />
		<spawn npcId="23064" x="113301" y="15680" z="4976" heading="49985" />
		<spawn npcId="23064" x="113587" y="18239" z="5984" heading="18432" />
		<spawn npcId="23064" x="114027" y="17536" z="4976" heading="15125" />
		<spawn npcId="23064" x="114068" y="15986" z="4976" heading="1687" />
		<spawn npcId="23064" x="114591" y="16854" z="4976" heading="7745" />
		<spawn npcId="23064" x="114726" y="15040" z="4976" heading="5979" />
		<spawn npcId="23064" x="114801" y="18639" z="5984" heading="13402" />
		<spawn npcId="23064" x="114825" y="16207" z="5984" heading="53199" />
		<spawn npcId="23064" x="114974" y="15791" z="5984" heading="20761" />
		<spawn npcId="23064" x="115131" y="16247" z="5984" heading="28094" />
		<spawn npcId="23064" x="115169" y="15120" z="4976" heading="26055" />
		<spawn npcId="23064" x="115660" y="14925" z="4976" heading="1049" />
		<spawn npcId="23064" x="115689" y="15917" z="4976" heading="53044" />
		<spawn npcId="23064" x="115696" y="14104" z="5984" heading="38481" />
		<spawn npcId="23064" x="115826" y="15324" z="4976" heading="43231" />
		<spawn npcId="23064" x="116000" y="15513" z="4976" heading="47339" />
		<spawn npcId="23064" x="116473" y="14044" z="5984" heading="44502" />
		<spawn npcId="23064" x="116733" y="17205" z="5984" heading="38315" />
		<spawn npcId="23064" x="116774" y="17575" z="5984" heading="36246" />
		<spawn npcId="23064" x="117107" y="15389" z="5984" heading="3852" />
		<!-- Разоритель Радуги -->
		<spawn npcId="23065" x="112059" y="15887" z="5984" heading="7076" />
		<spawn npcId="23065" x="112263" y="17239" z="5984" heading="16699" />
		<spawn npcId="23065" x="113064" y="18152" z="5984" heading="26152" />
		<spawn npcId="23065" x="113095" y="14046" z="5984" heading="20752" />
		<spawn npcId="23065" x="113418" y="15561" z="4976" heading="12298" />
		<spawn npcId="23065" x="113428" y="16673" z="4976" heading="62853" />
		<spawn npcId="23065" x="113667" y="17173" z="4976" heading="27332" />
		<spawn npcId="23065" x="113840" y="18476" z="5984" heading="26943" />
		<spawn npcId="23065" x="114123" y="17506" z="4976" heading="32767" />
		<spawn npcId="23065" x="114202" y="13317" z="5984" heading="4946" />
		<spawn npcId="23065" x="114301" y="16058" z="5984" heading="49701" />
		<spawn npcId="23065" x="114575" y="17053" z="4976" heading="57310" />
		<spawn npcId="23065" x="114609" y="16234" z="5984" heading="36931" />
		<spawn npcId="23065" x="114783" y="18759" z="5984" heading="3090" />
		<spawn npcId="23065" x="115250" y="13876" z="5984" heading="8710" />
		<spawn npcId="23065" x="115462" y="17500" z="4976" heading="26306" />
		<spawn npcId="23065" x="115778" y="14079" z="5984" heading="20531" />
		<spawn npcId="23065" x="116136" y="17543" z="5984" heading="45338" />
		<spawn npcId="23065" x="116144" y="14005" z="5984" heading="38283" />
		<spawn npcId="23065" x="117042" y="15457" z="5984" heading="5648" />
		<spawn npcId="23065" x="117216" y="16657" z="5984" heading="2326" />
		<!-- Жрец Радуги -->
		<spawn npcId="23066" x="112099" y="16460" z="5984" heading="35576" />
		<spawn npcId="23066" x="112607" y="16877" z="5984" heading="12023" />
		<spawn npcId="23066" x="113026" y="17403" z="5984" heading="61231" />
		<spawn npcId="23066" x="113168" y="16809" z="4976" heading="3681" />
		<spawn npcId="23066" x="113426" y="14225" z="5984" heading="24317" />
		<spawn npcId="23066" x="113476" y="16391" z="7992" heading="19497" />
		<spawn npcId="23066" x="113541" y="17240" z="6992" heading="20661" />
		<spawn npcId="23066" x="113597" y="17120" z="4976" heading="11075" />
		<spawn npcId="23066" x="113613" y="17305" z="6992" heading="58727" />
		<spawn npcId="23066" x="113629" y="14740" z="6992" heading="56459" />
		<spawn npcId="23066" x="113667" y="16555" z="7992" heading="39686" />
		<spawn npcId="23066" x="113716" y="15070" z="4976" heading="49153" />
		<spawn npcId="23066" x="113811" y="15051" z="6992" heading="47042" />
		<spawn npcId="23066" x="113972" y="18378" z="5984" heading="64071" />
		<spawn npcId="23066" x="114182" y="17665" z="4976" heading="36347" />
		<spawn npcId="23066" x="114438" y="18274" z="6992" heading="45515" />
		<spawn npcId="23066" x="114459" y="15987" z="7992" heading="64135" />
		<spawn npcId="23066" x="114556" y="16809" z="7992" heading="13201" />
		<spawn npcId="23066" x="114561" y="15714" z="5984" heading="31233" />
		<spawn npcId="23066" x="114580" y="15100" z="7992" heading="14975" />
		<spawn npcId="23066" x="114584" y="18148" z="6992" heading="8964" />
		<spawn npcId="23066" x="114781" y="18470" z="5984" heading="22497" />
		<spawn npcId="23066" x="114908" y="14010" z="6992" heading="6025" />
		<spawn npcId="23066" x="114964" y="16263" z="7992" heading="25419" />
		<spawn npcId="23066" x="114981" y="13448" z="5984" heading="42120" />
		<spawn npcId="23066" x="115002" y="15260" z="4976" heading="14386" />
		<spawn npcId="23066" x="115099" y="16004" z="4976" heading="49649" />
		<spawn npcId="23066" x="115100" y="15159" z="4976" heading="64961" />
		<spawn npcId="23066" x="115247" y="14172" z="6992" heading="21728" />
		<spawn npcId="23066" x="115359" y="16377" z="6992" heading="36602" />
		<spawn npcId="23066" x="115367" y="15093" z="6992" heading="54736" />
		<spawn npcId="23066" x="115391" y="16711" z="6992" heading="37977" />
		<spawn npcId="23066" x="115499" y="15568" z="7992" heading="8937" />
		<spawn npcId="23066" x="115561" y="14572" z="4976" heading="3968" />
		<spawn npcId="23066" x="115943" y="13927" z="5984" heading="2314" />
		<spawn npcId="23066" x="116010" y="14437" z="6992" heading="33809" />
		<spawn npcId="23066" x="116144" y="14062" z="5984" heading="14923" />
		<spawn npcId="23066" x="116157" y="15592" z="4976" heading="47371" />
		<spawn npcId="23066" x="116263" y="17344" z="5984" heading="52312" />
		<spawn npcId="23066" x="116282" y="15935" z="4976" heading="49674" />
		<spawn npcId="23066" x="116887" y="17262" z="5984" heading="57836" />
		<spawn npcId="23066" x="116933" y="14922" z="5984" heading="58922" />
		<!-- Судья Радуги -->
		<spawn npcId="23067" x="112830" y="14752" z="6992" heading="58583" />
		<spawn npcId="23067" x="113251" y="15218" z="6992" heading="32885" />
		<spawn npcId="23067" x="113303" y="17142" z="6992" heading="25865" />
		<spawn npcId="23067" x="113597" y="16889" z="6992" heading="9351" />
		<spawn npcId="23067" x="113778" y="15989" z="7992" heading="62346" />
		<spawn npcId="23067" x="113796" y="15306" z="6992" heading="19657" />
		<spawn npcId="23067" x="113921" y="17169" z="6992" heading="12021" />
		<spawn npcId="23067" x="114085" y="17885" z="6992" heading="32593" />
		<spawn npcId="23067" x="114137" y="15189" z="6992" heading="57345" />
		<spawn npcId="23067" x="114162" y="15980" z="7992" heading="2639" />
		<spawn npcId="23067" x="114192" y="17949" z="6992" heading="1397" />
		<spawn npcId="23067" x="114532" y="18161" z="6992" heading="20958" />
		<spawn npcId="23067" x="114595" y="16778" z="7992" heading="34947" />
		<spawn npcId="23067" x="114711" y="16027" z="7992" heading="6370" />
		<spawn npcId="23067" x="114752" y="14866" z="7992" heading="61589" />
		<spawn npcId="23067" x="114890" y="15617" z="7992" heading="35576" />
		<spawn npcId="23067" x="114891" y="16886" z="7992" heading="52509" />
		<spawn npcId="23067" x="114894" y="14574" z="6992" heading="26891" />
		<spawn npcId="23067" x="115052" y="14584" z="6992" heading="53833" />
		<spawn npcId="23067" x="115138" y="16605" z="6992" heading="23585" />
		<spawn npcId="23067" x="115146" y="14202" z="6992" heading="64024" />
		<spawn npcId="23067" x="115233" y="16663" z="6992" heading="8357" />
		<spawn npcId="23067" x="115519" y="16633" z="6992" heading="8191" />
		<spawn npcId="23067" x="115606" y="15570" z="7992" heading="33636" />
		<spawn npcId="23067" x="115755" y="15272" z="6992" heading="22589" />
		<spawn npcId="23067" x="115911" y="14871" z="6992" heading="47331" />
		<spawn npcId="23067" x="116003" y="14925" z="6992" heading="52692" />
		<!-- Снайпер Радуги -->
		<spawn npcId="23068" x="111965" y="15714" z="5984" heading="11273" />
		<spawn npcId="23068" x="111973" y="16844" z="5984" heading="42804" />
		<spawn npcId="23068" x="112658" y="14586" z="5984" heading="46358" />
		<spawn npcId="23068" x="113173" y="14910" z="6992" heading="14026" />
		<spawn npcId="23068" x="113361" y="17342" z="6992" heading="20546" />
		<spawn npcId="23068" x="113380" y="14771" z="6992" heading="63573" />
		<spawn npcId="23068" x="113468" y="15774" z="7992" heading="7565" />
		<spawn npcId="23068" x="113490" y="18483" z="5984" heading="26682" />
		<spawn npcId="23068" x="113492" y="15967" z="7992" heading="56732" />
		<spawn npcId="23068" x="113785" y="16966" z="6992" heading="42258" />
		<spawn npcId="23068" x="113905" y="16976" z="6992" heading="14978" />
		<spawn npcId="23068" x="113908" y="18048" z="6992" heading="14255" />
		<spawn npcId="23068" x="114285" y="15310" z="7992" heading="55201" />
		<spawn npcId="23068" x="114295" y="17920" z="6992" heading="40291" />
		<spawn npcId="23068" x="114307" y="18664" z="5984" heading="16030" />
		<spawn npcId="23068" x="114320" y="15665" z="6992" heading="62977" />
		<spawn npcId="23068" x="114353" y="15454" z="6992" heading="13433" />
		<spawn npcId="23068" x="114491" y="17967" z="6992" heading="15516" />
		<spawn npcId="23068" x="114504" y="14273" z="6992" heading="60817" />
		<spawn npcId="23068" x="114514" y="16048" z="7992" heading="54222" />
		<spawn npcId="23068" x="114637" y="16931" z="7992" heading="57940" />
		<spawn npcId="23068" x="114685" y="16054" z="5984" heading="21453" />
		<spawn npcId="23068" x="114701" y="14072" z="6992" heading="59243" />
		<spawn npcId="23068" x="114731" y="16104" z="7992" heading="48343" />
		<spawn npcId="23068" x="114779" y="15718" z="7992" heading="53729" />
		<spawn npcId="23068" x="114923" y="15860" z="5984" heading="21453" />
		<spawn npcId="23068" x="114953" y="14008" z="6992" heading="56443" />
		<spawn npcId="23068" x="114983" y="16441" z="6992" heading="43595" />
		<spawn npcId="23068" x="115196" y="16194" z="6992" heading="6618" />
		<spawn npcId="23068" x="115407" y="14826" z="6992" heading="59660" />
		<spawn npcId="23068" x="115430" y="13435" z="5984" heading="62153" />
		<spawn npcId="23068" x="115466" y="16365" z="6992" heading="935" />
		<spawn npcId="23068" x="115645" y="15916" z="7992" heading="42547" />
		<spawn npcId="23068" x="115759" y="14721" z="6992" heading="17265" />
		<spawn npcId="23068" x="116016" y="14480" z="5984" heading="51792" />
		<spawn npcId="23068" x="116156" y="14398" z="6992" heading="8500" />
		<spawn npcId="23068" x="116295" y="17606" z="5984" heading="25253" />
		<spawn npcId="23068" x="116986" y="17281" z="5984" heading="24207" />
		<spawn npcId="23068" x="117125" y="15089" z="5984" heading="60230" />
		<!-- Воин Владимира -->
		<spawn npcId="23069" x="113663" y="17063" z="-5096" heading="24913" />
		<spawn npcId="23069" x="113666" y="15166" z="-5096" heading="9646" />
		<spawn npcId="23069" x="113921" y="15457" z="-3608" heading="19145" />
		<spawn npcId="23069" x="114046" y="16810" z="-3608" heading="24093" />
		<spawn npcId="23069" x="115523" y="16934" z="-5096" heading="47596" />
		<!-- Воин Раджуоса -->
		<spawn npcId="23070" x="113856" y="16614" z="-640" heading="27688" />
		<spawn npcId="23070" x="113932" y="15313" z="-640" heading="54070" />
		<spawn npcId="23070" x="114566" y="16054" z="-2120" heading="50948" />
		<spawn npcId="23070" x="115252" y="16758" z="-640" heading="20414" />
		<spawn npcId="23070" x="115330" y="15329" z="-640" heading="14636" />
		<!-- Бистиан -->
		<spawn npcId="23071" x="114144" y="14648" z="3960" heading="867" />
		<spawn npcId="23071" x="114496" y="16048" z="2992" heading="867" />
		<spawn npcId="23071" x="114714" y="14624" z="1944" heading="867" />
		<spawn npcId="23071" x="114758" y="17560" z="1944" heading="867" />
		<spawn npcId="23071" x="115270" y="17212" z="3960" heading="867" />
		<!-- Бирестиан -->
		<spawn npcId="23072" x="114100" y="14754" z="3960" heading="9399" />
		<spawn npcId="23072" x="114452" y="16154" z="2992" heading="9399" />
		<spawn npcId="23072" x="114670" y="14730" z="1944" heading="9399" />
		<spawn npcId="23072" x="114714" y="17666" z="1944" heading="9399" />
		<spawn npcId="23072" x="115226" y="17318" z="3960" heading="9399" />
		<!-- Кен Бистиан -->
		<spawn npcId="23073" x="113994" y="14648" z="3960" heading="62493" />
		<spawn npcId="23073" x="114346" y="16048" z="2992" heading="20250" />
		<spawn npcId="23073" x="114564" y="14624" z="1944" heading="27248" />
		<spawn npcId="23073" x="114608" y="17560" z="1944" heading="22167" />
		<spawn npcId="23073" x="115120" y="17212" z="3960" heading="9708" />
		<!-- Воин-Хранитель Радуги -->
		<spawn npcId="23074" x="112210" y="16462" z="5984" heading="32434" />
		<spawn npcId="23074" x="113802" y="16066" z="4976" heading="61770" />
		<spawn npcId="23074" x="114176" y="18478" z="5984" heading="6959" />
		<spawn npcId="23074" x="114686" y="16052" z="5984" heading="23381" />
		<spawn npcId="23074" x="115666" y="16002" z="4976" heading="18269" />
		<spawn npcId="23074" x="116031" y="14066" z="5984" heading="60223" />
		<!-- Рыцарь-Хранитель Радуги -->
		<spawn npcId="23075" x="114458" y="17974" z="6992" heading="41537" />
		<spawn npcId="23075" x="114548" y="16022" z="7992" heading="19566" />
		<spawn npcId="23075" x="114844" y="14352" z="6992" heading="37412" />
		<!-- Батин -->
		<spawn npcId="23101" x="112624" y="17128" z="-3608" heading="43516" />
		<spawn npcId="23101" x="113088" y="15160" z="-2120" heading="15702" />
		<spawn npcId="23101" x="113268" y="17149" z="-5096" heading="60701" />
		<spawn npcId="23101" x="113547" y="14922" z="-3608" heading="62089" />
		<spawn npcId="23101" x="113756" y="14589" z="-5096" heading="62089" />
		<spawn npcId="23101" x="115156" y="17907" z="-3608" heading="45796" />
		<spawn npcId="23101" x="115224" y="16197" z="-2120" heading="12160" />
		<spawn npcId="23101" x="115282" y="16168" z="-3608" heading="14629" />
		<spawn npcId="23101" x="115544" y="17358" z="-5096" heading="23890" />
		<spawn npcId="23101" x="115854" y="15009" z="-3608" heading="393" />
		<spawn npcId="23101" x="116072" y="15152" z="-2120" heading="42174" />
		<spawn npcId="23101" x="116173" y="14289" z="-5096" heading="12159" />
		<spawn npcId="23101" x="116500" y="17010" z="-2120" heading="58921" />
		<!-- Леди Эльморедена -->
		<spawn npcId="23104" x="113040" y="16558" z="928" heading="64421" />
		<spawn npcId="23104" x="116324" y="16226" z="928" heading="30580" />
		<!-- Латник Псоглавов -->
		<spawn npcId="23108" x="113981" y="15789" z="2992" heading="2807" />
		<spawn npcId="23108" x="114238" y="15767" z="3960" heading="33186" />
		<spawn npcId="23108" x="114336" y="15059" z="3960" heading="30891" />
		<spawn npcId="23108" x="114751" y="16477" z="1944" heading="35022" />
		<spawn npcId="23108" x="114910" y="17105" z="2952" heading="57493" />
		<spawn npcId="23108" x="115178" y="17071" z="3960" heading="54661" />
		<spawn npcId="23108" x="115303" y="15216" z="2952" heading="19651" />
		<spawn npcId="23108" x="115625" y="15138" z="3960" heading="32090" />
		<!-- Воин Невольник -->
		<spawn npcId="23109" x="113990" y="15715" z="2992" heading="18381" />
		<spawn npcId="23109" x="114344" y="15873" z="3960" heading="28784" />
		<spawn npcId="23109" x="114760" y="17105" z="2952" heading="52000" />
		<spawn npcId="23109" x="115018" y="16502" z="1944" heading="34965" />
		<spawn npcId="23109" x="115071" y="16965" z="3960" heading="22313" />
		<spawn npcId="23109" x="115408" y="15109" z="2952" heading="34249" />
		<spawn npcId="23109" x="115731" y="15244" z="3960" heading="32090" />
		<!-- Стрелок Невольник -->
		<spawn npcId="23110" x="113950" y="15803" z="2992" heading="18442" />
		<spawn npcId="23110" x="114388" y="15767" z="3960" heading="33095" />
		<spawn npcId="23110" x="114804" y="17211" z="2952" heading="50374" />
		<spawn npcId="23110" x="114856" y="16370" z="1944" heading="35035" />
		<spawn npcId="23110" x="115177" y="16921" z="3960" heading="22129" />
		<spawn npcId="23110" x="115349" y="15223" z="2952" heading="33400" />
		<spawn npcId="23110" x="115775" y="15138" z="3960" heading="31945" />
		<!-- Ангел Радуги -->
		<spawn npcId="23111" x="113145" y="15205" z="4976" heading="27309" />
		<spawn npcId="23111" x="113245" y="15164" z="6992" heading="62071" />
		<spawn npcId="23111" x="114137" y="17570" z="6992" heading="32925" />
		<spawn npcId="23111" x="114732" y="17361" z="4976" heading="53522" />
		<spawn npcId="23111" x="115904" y="16342" z="4976" heading="36300" />
		<!-- Император Радуги -->
		<spawn npcId="25818" x="114375" y="17951" z="6992" heading="63835" />
		<!-- Лекарь Радуги -->
		<spawn npcId="25819" x="114288" y="17844" z="6992" heading="50237" />
		<!-- Богиня Радуги -->
		<spawn npcId="25820" x="114618" y="16072" z="7992" heading="22255" />
		<!-- Кернон  (Квестовый Монстр) -->
		<spawn npcId="27473" x="113535" y="16727" z="3960" heading="3856" />
		<!-- Талиадон (Квестовый Монстр) -->
		<spawn npcId="27474" x="113641" y="16833" z="3960" heading="27751" />
		<!-- Вемск (Квестовый Монстр) -->
		<spawn npcId="27475" x="113535" y="16876" z="3960" heading="31405" />
		<spawn npcId="27475" x="113685" y="16727" z="3960" heading="34971" />
		<!-- Длиннорогий Голконда (Квестовый Монстр) -->
		<spawn npcId="27476" x="116550" y="16241" z="6992" heading="35651" />
		<!-- Лорд Смерти Халлет (Квестовый Монстр) -->
		<spawn npcId="27477" x="112950" y="16968" z="-2120" heading="18556" />
		<!-- Мистик Смерти Крициан (Квестовый Монстр) -->
		<spawn npcId="27478" x="112800" y="16968" z="-2120" heading="50028" />
		<spawn npcId="27478" x="112950" y="17117" z="-2120" heading="52568" />
		<spawn npcId="27478" x="113056" y="17074" z="-2120" heading="58177" />
		<!-- Боец Смерти Харик (Квестовый Монстр) -->
		<spawn npcId="27479" x="112844" y="17074" z="-2120" heading="48416" />
		<!-- Кеплон (Исследователь) -->
		<spawn npcId="30949" x="114204" y="13428" z="-5096" heading="412" />
		<!-- Окли (Исследователь) -->
		<spawn npcId="30950" x="114112" y="20042" z="928" heading="50148" />
		<!-- Питгон (Исследователь) -->
		<spawn npcId="30951" x="118644" y="16680" z="5984" heading="42000" />
		<!-- Пространственный Водоворот 1 -->
		<spawn npcId="30952" x="114184" y="13342" z="-5096" heading="228" />
		<!-- Пространственный Водоворот 2 -->
		<spawn npcId="30953" x="114048" y="20048" z="928" heading="49444" />
		<!-- Пространственный Водоворот 3 -->
		<spawn npcId="30954" x="118600" y="16724" z="5984" heading="42000" />
		<!-- Ангельский Вихрь -->
		<spawn npcId="31862" x="112624" y="14032" z="10072" heading="0" />
		<!-- Энде -->
		<spawn npcId="33357" x="114240" y="13304" z="-5096" heading="15912" />
		<!-- Куори -->
		<spawn npcId="33358" x="114308" y="13294" z="-5096" heading="15912" />
	</spawns>
</list>