<?xml version="1.0" encoding="utf-8"?>
<!DOCTYPE list SYSTEM "spawn.dtd">
<list>
	<spawns name="New">
	<spawn npcId="30870" x="147840" y="26628" z="-2200" heading="15539" /><!-- Кертис (Начальник Стражи) -->
	<spawn npcId="33359" x="148465" y="27156" z="-2200" heading="47755" /><!-- Кери (Привратник Снабженческого Холла) -->
	<spawn npcId="33685" x="147571" y="26817" z="-2200" heading="49811" /><!-- Таинственный Лакей --> 
	<spawn npcId="36613" x="146737" y="25913" z="-2008" heading="47220" /><!-- Герольд Аден -->
	<spawn npcId="36611" x="83312" y="147907" z="-3400" heading="16384" /><!-- Герольд Гиран	-->
	<spawn npcId="33128" x="83784" y="148121" z="-3392" heading="31078" /><!-- Гием (Член Делегации Магмельда) -->
	<spawn npcId="33685" x="82167" y="147521" z="-3464" heading="14661" /><!-- Таинственный Лакей -->
	<spawn npcId="33685" x="-84817" y="151093" z="-3120" heading="64246" /><!-- null -->
	<spawn npcId="33685" x="-15128" y="122147" z="-3072" heading="64246" /><!-- null -->
	<spawn npcId="36609" x="-14512" y="124162" z="-3120" heading="0" /><!-- null -->
	<spawn npcId="33359" x="-14764" y="122994" z="-3112" heading="0" /><!-- Кери (Привратник Снабженческого Холла) -->
	<spawn npcId="33359" x="81388" y="149728" z="-3464" heading="49000" /><!-- Кери (Привратник Снабженческого Холла) -->
	<spawn npcId="33685" x="147385" y="-55290" z="-2728" heading="51838" /><!-- null -->
	<spawn npcId="33359" x="149224" y="-55886" z="-2776" heading="48000" /><!-- Кери (Привратник Снабженческого Холла) -->
	<spawn npcId="36615" x="147923" y="-55141" z="-2728" heading="48000" /><!-- null -->
	<spawn npcId="33685" x="112435" y="220185" z="-3592" heading="47729" /><!-- null -->
	<spawn npcId="36614" x="111449" y="219419" z="-3544" heading="49756" /><!-- null -->
	<spawn npcId="33685" x="116045" y="77812" z="-2680" heading="49811" /><!-- null -->
	<spawn npcId="36612" x="82986" y="53222" z="-1488" heading="31000" /><!-- null -->
	<spawn npcId="33685" x="82787" y="53121" z="-1488" heading="16737" /><!-- null -->
	<spawn npcId="33130" x="42168" y="-48402" z="-800" heading="3996" /><!-- Лайкгос (Член Делегации Магмельда) -->
	<spawn npcId="33359" x="42971" y="-47746" z="-792" heading="33000" /><!-- Кери (Привратник Снабженческого Холла) -->
	<spawn npcId="33715" x="43541" y="-47510" z="-792" heading="33783" /><!-- null -->
	<spawn npcId="36616" x="43893" y="-47668" z="-792" heading="50000" /><!-- null -->
	<spawn npcId="33685" x="36116" y="-48266" z="-1096" heading="1022" /><!-- null -->
	<spawn npcId="30535" x="85572" y="-142477" z="-1336" heading="60060" /><!-- Филар (Старейшина) -->
	<spawn npcId="33359" x="85752" y="-142799" z="-1336" heading="15000" /><!-- Кери (Привратник Снабженческого Холла) -->
	<spawn npcId="33685" x="87645" y="-143402" z="-1288" heading="15238" /><!-- null -->
	<spawn npcId="36617" x="87132" y="-143482" z="-1288" heading="16000" /><!-- null -->
	<spawn npcId="30539" x="87770" y="-143197" z="-1288" heading="20384" /><!-- Чичерин (Жрица Земли) -->
	<spawn npcId="36610" x="15800" y="142834" z="-2696" heading="15000" /><!-- null -->
	<spawn npcId="33685" x="16234" y="144192" z="-2984" heading="59279" /><!-- null -->
	<spawn npcId="30537" x="87700" y="-143253" z="-1288" heading="17472" /><!-- Дайчир (Жрец Земли) -->
	</spawns>
	
</list>