<?xml version="1.0" encoding="utf-8"?>
<!DOCTYPE list SYSTEM "spawn.dtd">
<list>
	<spawns name="PlainsOfLizardmens">
		<!-- Разведчик Ящеров Тантаар -->
		<spawn npcId="22768" x="80819" y="80715" z="-3384" heading="62031" />
		<spawn npcId="22768" x="80977" y="80522" z="-3387" heading="6806" />
		<spawn npcId="22768" x="84170" y="94125" z="-3465" heading="22774" />
		<spawn npcId="22768" x="84388" y="78952" z="-3680" heading="60961" />
		<spawn npcId="22768" x="84823" y="75111" z="-3644" heading="17035" />
		<spawn npcId="22768" x="84995" y="79334" z="-3662" heading="34948" />
		<spawn npcId="22768" x="85082" y="75863" z="-3659" heading="34745" />
		<spawn npcId="22768" x="85091" y="92943" z="-3360" heading="0" />
		<spawn npcId="22768" x="85543" y="73682" z="-3576" heading="0" />
		<spawn npcId="22768" x="85959" y="77716" z="-3552" heading="48561" />
		<spawn npcId="22768" x="85966" y="80010" z="-3656" heading="0" />
		<spawn npcId="22768" x="86326" y="91899" z="-3152" heading="25748" />
		<spawn npcId="22768" x="86629" y="92670" z="-3180" heading="26434" />
		<spawn npcId="22768" x="86655" y="73798" z="-3520" heading="59026" />
		<spawn npcId="22768" x="87765" y="92288" z="-3144" heading="56348" />
		<spawn npcId="22768" x="88050" y="79583" z="-3392" heading="64763" />
		<spawn npcId="22768" x="90678" y="90285" z="-3376" heading="57051" />
		<spawn npcId="22768" x="91171" y="78886" z="-3216" heading="43826" />
		<spawn npcId="22768" x="91180" y="75145" z="-3328" heading="27684" />
		<spawn npcId="22768" x="91191" y="75969" z="-3187" heading="542" />
		<spawn npcId="22768" x="91309" y="84191" z="-3640" heading="34751" />
		<spawn npcId="22768" x="91496" y="86119" z="-3584" heading="15906" />
		<spawn npcId="22768" x="91578" y="90976" z="-3384" heading="11618" />
		<spawn npcId="22768" x="91732" y="86578" z="-3560" heading="46226" />
		<spawn npcId="22768" x="92500" y="83631" z="-3673" heading="22003" />
		<spawn npcId="22768" x="93700" y="79354" z="-3315" heading="29727" />
		<spawn npcId="22768" x="93860" y="88864" z="-3536" heading="28902" />
		<spawn npcId="22768" x="94075" y="90197" z="-3470" heading="40525" />
		<spawn npcId="22768" x="94109" y="79751" z="-3332" heading="30566" />
		<!-- Воин Ящеров Тантаар -->
		<spawn npcId="22769" x="80941" y="81354" z="-3336" heading="52738" />
		<spawn npcId="22769" x="81148" y="82648" z="-3194" heading="53319" />
		<spawn npcId="22769" x="81229" y="82095" z="-3248" heading="64253" />
		<spawn npcId="22769" x="82050" y="77453" z="-3616" heading="10662" />
		<spawn npcId="22769" x="83158" y="75164" z="-3632" heading="33081" />
		<spawn npcId="22769" x="83509" y="75721" z="-3664" heading="33759" />
		<spawn npcId="22769" x="83745" y="94248" z="-3416" heading="63231" />
		<spawn npcId="22769" x="83760" y="81523" z="-3616" heading="63873" />
		<spawn npcId="22769" x="83948" y="77671" z="-3720" heading="60621" />
		<spawn npcId="22769" x="84286" y="93552" z="-3439" heading="62531" />
		<spawn npcId="22769" x="84483" y="79572" z="-3713" heading="28226" />
		<spawn npcId="22769" x="84794" y="94814" z="-3457" heading="8919" />
		<spawn npcId="22769" x="85037" y="79741" z="-3664" heading="41329" />
		<spawn npcId="22769" x="85087" y="77838" z="-3536" heading="0" />
		<spawn npcId="22769" x="85873" y="77107" z="-3632" heading="33903" />
		<spawn npcId="22769" x="85993" y="78008" z="-3536" heading="22748" />
		<spawn npcId="22769" x="86146" y="92202" z="-3152" heading="8191" />
		<spawn npcId="22769" x="86167" y="74460" z="-3528" heading="33214" />
		<spawn npcId="22769" x="87287" y="74098" z="-3480" heading="5297" />
		<spawn npcId="22769" x="87798" y="90149" z="-3264" heading="8869" />
		<spawn npcId="22769" x="88944" y="91557" z="-3240" heading="14661" />
		<spawn npcId="22769" x="89301" y="75171" z="-3342" heading="15054" />
		<spawn npcId="22769" x="90009" y="92847" z="-3278" heading="55332" />
		<spawn npcId="22769" x="90404" y="75503" z="-3272" heading="5398" />
		<spawn npcId="22769" x="90412" y="77148" z="-3224" heading="10824" />
		<spawn npcId="22769" x="90494" y="76025" z="-3202" heading="50602" />
		<spawn npcId="22769" x="90637" y="78908" z="-3208" heading="40614" />
		<spawn npcId="22769" x="90842" y="90022" z="-3408" heading="27971" />
		<spawn npcId="22769" x="90974" y="90557" z="-3368" heading="11065" />
		<spawn npcId="22769" x="91131" y="91384" z="-3360" heading="57726" />
		<spawn npcId="22769" x="91149" y="88335" z="-3440" heading="37312" />
		<spawn npcId="22769" x="91859" y="86108" z="-3592" heading="47723" />
		<spawn npcId="22769" x="92006" y="76608" z="-3184" heading="43577" />
		<spawn npcId="22769" x="92164" y="85266" z="-3648" heading="6981" />
		<spawn npcId="22769" x="92201" y="84532" z="-3676" heading="55157" />
		<spawn npcId="22769" x="93011" y="86476" z="-3532" heading="34531" />
		<spawn npcId="22769" x="93629" y="89182" z="-3559" heading="41447" />
		<spawn npcId="22769" x="93636" y="79793" z="-3332" heading="31654" />
		<spawn npcId="22769" x="93665" y="80452" z="-3333" heading="40463" />
		<spawn npcId="22769" x="93687" y="90022" z="-3481" heading="46911" />
		<!-- Наемник Ящеров Тантаар -->
		<spawn npcId="22770" x="80731" y="77176" z="-3468" heading="726" />
		<spawn npcId="22770" x="80905" y="82160" z="-3248" heading="54788" />
		<spawn npcId="22770" x="81250" y="80994" z="-3359" heading="60534" />
		<spawn npcId="22770" x="81581" y="79126" z="-3507" heading="4135" />
		<spawn npcId="22770" x="81606" y="82490" z="-3168" heading="60144" />
		<spawn npcId="22770" x="82611" y="76423" z="-3656" heading="16224" />
		<spawn npcId="22770" x="83357" y="78524" z="-3736" heading="24239" />
		<spawn npcId="22770" x="83482" y="93772" z="-3376" heading="48207" />
		<spawn npcId="22770" x="83908" y="75695" z="-3680" heading="28405" />
		<spawn npcId="22770" x="83951" y="76430" z="-3698" heading="8655" />
		<spawn npcId="22770" x="83994" y="94572" z="-3416" heading="22285" />
		<spawn npcId="22770" x="84505" y="94067" z="-3456" heading="34666" />
		<spawn npcId="22770" x="84610" y="93696" z="-3441" heading="7707" />
		<spawn npcId="22770" x="84947" y="78474" z="-3640" heading="63307" />
		<spawn npcId="22770" x="86238" y="91153" z="-3136" heading="44581" />
		<spawn npcId="22770" x="86731" y="79365" z="-3512" heading="64938" />
		<spawn npcId="22770" x="86732" y="81110" z="-3614" heading="32214" />
		<spawn npcId="22770" x="86835" y="81322" z="-3586" heading="29353" />
		<spawn npcId="22770" x="86871" y="73351" z="-3504" heading="28037" />
		<spawn npcId="22770" x="86993" y="91859" z="-3144" heading="60063" />
		<spawn npcId="22770" x="87218" y="91486" z="-3184" heading="21503" />
		<spawn npcId="22770" x="87286" y="78224" z="-3464" heading="42464" />
		<spawn npcId="22770" x="87677" y="74430" z="-3432" heading="39351" />
		<spawn npcId="22770" x="87878" y="72318" z="-3432" heading="35639" />
		<spawn npcId="22770" x="87902" y="76296" z="-3400" heading="4054" />
		<spawn npcId="22770" x="88264" y="92799" z="-3152" heading="31109" />
		<spawn npcId="22770" x="88396" y="73976" z="-3376" heading="44627" />
		<spawn npcId="22770" x="89025" y="91059" z="-3312" heading="45184" />
		<spawn npcId="22770" x="89498" y="80820" z="-3480" heading="31470" />
		<spawn npcId="22770" x="90060" y="79509" z="-3294" heading="49346" />
		<spawn npcId="22770" x="90512" y="88172" z="-3384" heading="21857" />
		<spawn npcId="22770" x="90573" y="92009" z="-3296" heading="59535" />
		<spawn npcId="22770" x="90593" y="77498" z="-3216" heading="0" />
		<spawn npcId="22770" x="90674" y="88541" z="-3416" heading="14465" />
		<spawn npcId="22770" x="90853" y="75705" z="-3224" heading="33361" />
		<spawn npcId="22770" x="91487" y="90139" z="-3440" heading="0" />
		<spawn npcId="22770" x="91530" y="80013" z="-3352" heading="1918" />
		<spawn npcId="22770" x="91692" y="85313" z="-3656" heading="62731" />
		<spawn npcId="22770" x="91789" y="74624" z="-3344" heading="8923" />
		<spawn npcId="22770" x="91804" y="90989" z="-3392" heading="49394" />
		<spawn npcId="22770" x="91967" y="81327" z="-3470" heading="44405" />
		<spawn npcId="22770" x="91973" y="89776" z="-3460" heading="59969" />
		<spawn npcId="22770" x="91976" y="84922" z="-3684" heading="48747" />
		<spawn npcId="22770" x="92077" y="87464" z="-3528" heading="40961" />
		<spawn npcId="22770" x="92144" y="88251" z="-3512" heading="52310" />
		<spawn npcId="22770" x="92189" y="83650" z="-3680" heading="15740" />
		<spawn npcId="22770" x="92279" y="74542" z="-3336" heading="50216" />
		<spawn npcId="22770" x="92914" y="79396" z="-3293" heading="35637" />
		<spawn npcId="22770" x="93221" y="80277" z="-3328" heading="9457" />
		<spawn npcId="22770" x="93788" y="83742" z="-3568" heading="13829" />
		<spawn npcId="22770" x="93859" y="84541" z="-3576" heading="22549" />
		<spawn npcId="22770" x="94116" y="78137" z="-3312" heading="37209" />
		<spawn npcId="22770" x="95142" y="91513" z="-3344" heading="50220" />
		<!-- Берсерк Ящеров Тантаар -->
		<spawn npcId="22771" x="80747" y="81780" z="-3260" heading="49151" />
		<spawn npcId="22771" x="80793" y="81038" z="-3378" heading="49398" />
		<spawn npcId="22771" x="81071" y="82417" z="-3228" heading="53066" />
		<spawn npcId="22771" x="81300" y="76597" z="-3549" heading="59969" />
		<spawn npcId="22771" x="81409" y="78824" z="-3483" heading="3429" />
		<spawn npcId="22771" x="82981" y="78245" z="-3712" heading="11498" />
		<spawn npcId="22771" x="82982" y="76026" z="-3648" heading="8658" />
		<spawn npcId="22771" x="83034" y="75668" z="-3624" heading="20063" />
		<spawn npcId="22771" x="84032" y="80928" z="-3640" heading="44780" />
		<spawn npcId="22771" x="84053" y="75775" z="-3672" heading="62622" />
		<spawn npcId="22771" x="84383" y="93822" z="-3460" heading="34078" />
		<spawn npcId="22771" x="84581" y="93017" z="-3368" heading="2316" />
		<spawn npcId="22771" x="84849" y="93718" z="-3429" heading="2777" />
		<spawn npcId="22771" x="84889" y="95473" z="-3432" heading="40328" />
		<spawn npcId="22771" x="85618" y="73610" z="-3576" heading="25340" />
		<spawn npcId="22771" x="86602" y="79726" z="-3536" heading="60774" />
		<spawn npcId="22771" x="86913" y="91401" z="-3160" heading="31776" />
		<spawn npcId="22771" x="87301" y="91154" z="-3259" heading="49464" />
		<spawn npcId="22771" x="87310" y="79764" z="-3464" heading="0" />
		<spawn npcId="22771" x="87360" y="92871" z="-3144" heading="39807" />
		<spawn npcId="22771" x="87597" y="77681" z="-3464" heading="52526" />
		<spawn npcId="22771" x="87698" y="79336" z="-3448" heading="12748" />
		<spawn npcId="22771" x="87733" y="91177" z="-3292" heading="59999" />
		<spawn npcId="22771" x="87787" y="73399" z="-3440" heading="16383" />
		<spawn npcId="22771" x="88151" y="81385" z="-3456" heading="13678" />
		<spawn npcId="22771" x="88266" y="89761" z="-3152" heading="62763" />
		<spawn npcId="22771" x="88328" y="72809" z="-3440" heading="6769" />
		<spawn npcId="22771" x="88759" y="76959" z="-3288" heading="31044" />
		<spawn npcId="22771" x="89236" y="75594" z="-3317" heading="12661" />
		<spawn npcId="22771" x="89706" y="80159" z="-3392" heading="5251" />
		<spawn npcId="22771" x="90727" y="92676" z="-3352" heading="50505" />
		<spawn npcId="22771" x="90761" y="75216" z="-3320" heading="26169" />
		<spawn npcId="22771" x="90927" y="92090" z="-3352" heading="50038" />
		<spawn npcId="22771" x="91096" y="88159" z="-3432" heading="13443" />
		<spawn npcId="22771" x="91102" y="89220" z="-3440" heading="14324" />
		<spawn npcId="22771" x="91235" y="88278" z="-3440" heading="16547" />
		<spawn npcId="22771" x="91271" y="83645" z="-3646" heading="42696" />
		<spawn npcId="22771" x="91283" y="79466" z="-3272" heading="28272" />
		<spawn npcId="22771" x="91368" y="92364" z="-3368" heading="10057" />
		<spawn npcId="22771" x="91640" y="79001" z="-3240" heading="3122" />
		<spawn npcId="22771" x="91904" y="81929" z="-3536" heading="41344" />
		<spawn npcId="22771" x="92125" y="91079" z="-3408" heading="43411" />
		<spawn npcId="22771" x="92281" y="87166" z="-3560" heading="10592" />
		<spawn npcId="22771" x="92359" y="85948" z="-3611" heading="48058" />
		<spawn npcId="22771" x="92556" y="79147" z="-3292" heading="21091" />
		<spawn npcId="22771" x="92713" y="74933" z="-3344" heading="55783" />
		<spawn npcId="22771" x="93222" y="76126" z="-3312" heading="33258" />
		<spawn npcId="22771" x="93277" y="89314" z="-3560" heading="16001" />
		<spawn npcId="22771" x="93387" y="85183" z="-3648" heading="50057" />
		<spawn npcId="22771" x="93418" y="84299" z="-3617" heading="26986" />
		<spawn npcId="22771" x="93455" y="79273" z="-3282" heading="28707" />
		<spawn npcId="22771" x="93497" y="78381" z="-3200" heading="12323" />
		<spawn npcId="22771" x="93533" y="82987" z="-3544" heading="32782" />
		<!-- Стрелок Ящеров Тантаар -->
		<spawn npcId="22772" x="81182" y="80679" z="-3376" heading="58383" />
		<spawn npcId="22772" x="81618" y="80254" z="-3478" heading="11351" />
		<spawn npcId="22772" x="81755" y="82934" z="-3147" heading="42843" />
		<spawn npcId="22772" x="81836" y="82710" z="-3162" heading="45868" />
		<spawn npcId="22772" x="81904" y="77698" z="-3591" heading="5083" />
		<spawn npcId="22772" x="82134" y="76791" z="-3637" heading="907" />
		<spawn npcId="22772" x="82360" y="76147" z="-3641" heading="14207" />
		<spawn npcId="22772" x="82407" y="76854" z="-3675" heading="13788" />
		<spawn npcId="22772" x="82478" y="79670" z="-3624" heading="42725" />
		<spawn npcId="22772" x="82646" y="76024" z="-3616" heading="64493" />
		<spawn npcId="22772" x="84166" y="94474" z="-3432" heading="33832" />
		<spawn npcId="22772" x="84243" y="80701" z="-3677" heading="8653" />
		<spawn npcId="22772" x="84618" y="75445" z="-3648" heading="56595" />
		<spawn npcId="22772" x="84875" y="80449" z="-3725" heading="5414" />
		<spawn npcId="22772" x="85172" y="93668" z="-3403" heading="30697" />
		<spawn npcId="22772" x="85180" y="93919" z="-3400" heading="59930" />
		<spawn npcId="22772" x="85589" y="76716" z="-3672" heading="57008" />
		<spawn npcId="22772" x="85650" y="73425" z="-3568" heading="62377" />
		<spawn npcId="22772" x="85717" y="94806" z="-3397" heading="41508" />
		<spawn npcId="22772" x="86067" y="94273" z="-3317" heading="53872" />
		<spawn npcId="22772" x="86226" y="78986" z="-3536" heading="41294" />
		<spawn npcId="22772" x="86595" y="77439" z="-3536" heading="47623" />
		<spawn npcId="22772" x="86616" y="77150" z="-3576" heading="24352" />
		<spawn npcId="22772" x="86938" y="92252" z="-3149" heading="58176" />
		<spawn npcId="22772" x="86998" y="92951" z="-3167" heading="6363" />
		<spawn npcId="22772" x="87070" y="92502" z="-3152" heading="53245" />
		<spawn npcId="22772" x="87130" y="91668" z="-3161" heading="3709" />
		<spawn npcId="22772" x="87185" y="72704" z="-3448" heading="16861" />
		<spawn npcId="22772" x="87706" y="78447" z="-3448" heading="0" />
		<spawn npcId="22772" x="87898" y="74991" z="-3360" heading="4976" />
		<spawn npcId="22772" x="88072" y="92193" z="-3152" heading="10582" />
		<spawn npcId="22772" x="88342" y="75261" z="-3316" heading="17993" />
		<spawn npcId="22772" x="88712" y="80052" z="-3376" heading="39431" />
		<spawn npcId="22772" x="89671" y="75221" z="-3334" heading="7210" />
		<spawn npcId="22772" x="89678" y="91472" z="-3256" heading="8191" />
		<spawn npcId="22772" x="89756" y="81904" z="-3568" heading="2478" />
		<spawn npcId="22772" x="90201" y="82796" z="-3550" heading="463" />
		<spawn npcId="22772" x="90238" y="79086" z="-3236" heading="55832" />
		<spawn npcId="22772" x="90458" y="88078" z="-3368" heading="30011" />
		<spawn npcId="22772" x="90547" y="90870" z="-3360" heading="23792" />
		<spawn npcId="22772" x="90791" y="88185" z="-3400" heading="2323" />
		<spawn npcId="22772" x="90895" y="90982" z="-3368" heading="29136" />
		<spawn npcId="22772" x="91091" y="86073" z="-3536" heading="26261" />
		<spawn npcId="22772" x="91502" y="88459" z="-3440" heading="7855" />
		<spawn npcId="22772" x="91585" y="82716" z="-3602" heading="14961" />
		<spawn npcId="22772" x="91709" y="84406" z="-3688" heading="62952" />
		<spawn npcId="22772" x="91813" y="83795" z="-3669" heading="9059" />
		<spawn npcId="22772" x="91823" y="75730" z="-3186" heading="62792" />
		<spawn npcId="22772" x="91978" y="90661" z="-3406" heading="49151" />
		<spawn npcId="22772" x="92188" y="90873" z="-3422" heading="44679" />
		<spawn npcId="22772" x="92251" y="81209" z="-3471" heading="43694" />
		<spawn npcId="22772" x="92286" y="85033" z="-3664" heading="52683" />
		<spawn npcId="22772" x="92628" y="75624" z="-3299" heading="308" />
		<spawn npcId="22772" x="92723" y="81141" z="-3421" heading="46070" />
		<spawn npcId="22772" x="92875" y="87343" z="-3563" heading="26414" />
		<spawn npcId="22772" x="92975" y="91282" z="-3440" heading="56233" />
		<spawn npcId="22772" x="93038" y="88427" z="-3304" heading="0" />
		<spawn npcId="22772" x="93090" y="83501" z="-3613" heading="28799" />
		<spawn npcId="22772" x="93114" y="76440" z="-3340" heading="14691" />
		<spawn npcId="22772" x="93201" y="81845" z="-3456" heading="38028" />
		<spawn npcId="22772" x="93335" y="74790" z="-3368" heading="5835" />
		<spawn npcId="22772" x="93491" y="88852" z="-3565" heading="46249" />
		<spawn npcId="22772" x="93921" y="79440" z="-3331" heading="25636" />
		<spawn npcId="22772" x="94043" y="76396" z="-3328" heading="43020" />
		<spawn npcId="22772" x="94093" y="80173" z="-3328" heading="12400" />
		<!-- Маг Ящеров Тантаар -->
		<spawn npcId="22773" x="84492" y="94336" z="-3464" heading="55752" />
		<spawn npcId="22773" x="84917" y="94645" z="-3456" heading="8191" />
		<spawn npcId="22773" x="85223" y="94883" z="-3440" heading="20718" />
		<spawn npcId="22773" x="86554" y="73823" z="-3520" heading="27898" />
		<spawn npcId="22773" x="86587" y="74559" z="-3512" heading="36125" />
		<spawn npcId="22773" x="86593" y="73458" z="-3504" heading="18688" />
		<spawn npcId="22773" x="86979" y="93666" z="-3184" heading="21680" />
		<spawn npcId="22773" x="87481" y="92012" z="-3152" heading="25901" />
		<spawn npcId="22773" x="87915" y="92793" z="-3136" heading="22578" />
		<spawn npcId="22773" x="88053" y="90307" z="-3280" heading="10620" />
		<spawn npcId="22773" x="88059" y="91682" z="-3205" heading="54134" />
		<spawn npcId="22773" x="88134" y="77811" z="-3408" heading="12141" />
		<spawn npcId="22773" x="88362" y="77498" z="-3376" heading="46318" />
		<spawn npcId="22773" x="88385" y="77354" z="-3360" heading="59511" />
		<spawn npcId="22773" x="88562" y="91600" z="-3243" heading="47477" />
		<spawn npcId="22773" x="88647" y="75521" z="-3304" heading="14259" />
		<spawn npcId="22773" x="89320" y="91017" z="-3312" heading="58825" />
		<spawn npcId="22773" x="90431" y="92178" z="-3272" heading="13519" />
		<spawn npcId="22773" x="90536" y="79206" z="-3251" heading="8655" />
		<spawn npcId="22773" x="90972" y="88101" z="-3424" heading="26614" />
		<spawn npcId="22773" x="91048" y="90357" z="-3392" heading="47277" />
		<spawn npcId="22773" x="91255" y="79091" z="-3224" heading="60355" />
		<spawn npcId="22773" x="91294" y="81388" z="-3472" heading="53792" />
		<spawn npcId="22773" x="91326" y="78712" z="-3208" heading="38852" />
		<spawn npcId="22773" x="91462" y="90393" z="-3424" heading="3968" />
		<spawn npcId="22773" x="91482" y="81231" z="-3456" heading="57339" />
		<spawn npcId="22773" x="91593" y="81221" z="-3456" heading="30577" />
		<spawn npcId="22773" x="91863" y="88156" z="-3480" heading="35050" />
		<spawn npcId="22773" x="92238" y="90680" z="-3428" heading="59624" />
		<spawn npcId="22773" x="92929" y="87720" z="-3565" heading="32767" />
		<!-- Призыватель Ящеров Тантаар -->
		<spawn npcId="22774" x="79568" y="80105" z="-3360" heading="49827" />
		<spawn npcId="22774" x="81187" y="77223" z="-3509" heading="1207" />
		<spawn npcId="22774" x="81273" y="82794" z="-3167" heading="56021" />
		<spawn npcId="22774" x="81824" y="82341" z="-3202" heading="48097" />
		<spawn npcId="22774" x="82069" y="76558" z="-3642" heading="10237" />
		<spawn npcId="22774" x="82528" y="78392" z="-3656" heading="59141" />
		<spawn npcId="22774" x="84061" y="75930" z="-3688" heading="168" />
		<spawn npcId="22774" x="84666" y="94971" z="-3438" heading="45124" />
		<spawn npcId="22774" x="84691" y="95506" z="-3408" heading="945" />
		<spawn npcId="22774" x="84972" y="80980" z="-3685" heading="58536" />
		<spawn npcId="22774" x="85316" y="95163" z="-3439" heading="41232" />
		<spawn npcId="22774" x="85342" y="75610" z="-3664" heading="15051" />
		<spawn npcId="22774" x="86309" y="78753" z="-3520" heading="19465" />
		<spawn npcId="22774" x="86527" y="91547" z="-3144" heading="19961" />
		<spawn npcId="22774" x="87014" y="79918" z="-3504" heading="25833" />
		<spawn npcId="22774" x="87020" y="80005" z="-3504" heading="13690" />
		<spawn npcId="22774" x="87288" y="78343" z="-3464" heading="35762" />
		<spawn npcId="22774" x="87522" y="93271" z="-3144" heading="2370" />
		<spawn npcId="22774" x="87706" y="78447" z="-3448" heading="0" />
		<spawn npcId="22774" x="87973" y="72640" z="-3432" heading="53819" />
		<spawn npcId="22774" x="87986" y="75510" z="-3344" heading="23137" />
		<spawn npcId="22774" x="89871" y="90204" z="-3320" heading="13428" />
		<spawn npcId="22774" x="90078" y="91446" z="-3280" heading="62194" />
		<spawn npcId="22774" x="90411" y="80718" z="-3440" heading="0" />
		<spawn npcId="22774" x="90577" y="91317" z="-3344" heading="13035" />
		<spawn npcId="22774" x="90646" y="87158" z="-3408" heading="1312" />
		<spawn npcId="22774" x="91221" y="90655" z="-3384" heading="38984" />
		<spawn npcId="22774" x="91479" y="85063" z="-3674" heading="63317" />
		<spawn npcId="22774" x="91763" y="90127" z="-3440" heading="22013" />
		<spawn npcId="22774" x="91775" y="79624" z="-3325" heading="5099" />
		<spawn npcId="22774" x="92341" y="77225" z="-3304" heading="8034" />
		<spawn npcId="22774" x="92350" y="86311" z="-3601" heading="47344" />
		<spawn npcId="22774" x="92448" y="88204" z="-3552" heading="11377" />
		<spawn npcId="22774" x="92502" y="91209" z="-3441" heading="43202" />
		<spawn npcId="22774" x="92553" y="84533" z="-3672" heading="26828" />
		<spawn npcId="22774" x="92970" y="85893" z="-3608" heading="43864" />
		<spawn npcId="22774" x="93557" y="78824" z="-3232" heading="22551" />
		<spawn npcId="22774" x="93702" y="77535" z="-3278" heading="7775" />
		<spawn npcId="22774" x="93997" y="79567" z="-3332" heading="26490" />
		<spawn npcId="22774" x="94164" y="76127" z="-3328" heading="17271" />
		<spawn npcId="22774" x="94985" y="88116" z="-3488" heading="6027" />
	</spawns>
</list>