<?xml version="1.0" encoding="utf-8"?>
<!DOCTYPE list SYSTEM "spawn.dtd">
<list>
	<spawns name="PrisonOfDarkness">
		<!-- Фантом Мечник Новичок -->
		<spawn npcId="22965" x="173207" y="142392" z="-11896" heading="245" />
		<spawn npcId="22965" x="173207" y="142557" z="-11896" heading="4524" />
		<spawn npcId="22965" x="173346" y="143371" z="-11896" heading="8562" />
		<spawn npcId="22965" x="173594" y="143770" z="-11896" heading="16834" />
		<spawn npcId="22965" x="173806" y="144450" z="-11896" heading="12411" />
		<spawn npcId="22965" x="173809" y="141562" z="-11864" heading="10088" />
		<spawn npcId="22965" x="173809" y="141947" z="-11824" heading="6095" />
		<spawn npcId="22965" x="174371" y="140758" z="-11896" heading="53272" />
		<spawn npcId="22965" x="174599" y="141008" z="-11840" heading="588" />
		<spawn npcId="22965" x="174612" y="144768" z="-11896" heading="62619" />
		<spawn npcId="22965" x="175199" y="140565" z="-11896" heading="29624" />
		<spawn npcId="22965" x="175251" y="141009" z="-11808" heading="6937" />
		<spawn npcId="22965" x="176073" y="144306" z="-11816" heading="8606" />
		<spawn npcId="22965" x="176073" y="144356" z="-11816" heading="58435" />
		<spawn npcId="22965" x="176363" y="140841" z="-11880" heading="22124" />
		<spawn npcId="22965" x="176471" y="141205" z="-11824" heading="59845" />
		<spawn npcId="22965" x="176943" y="141947" z="-11808" heading="1548" />
		<spawn npcId="22965" x="177273" y="142065" z="-11840" heading="19679" />
		<spawn npcId="22965" x="177390" y="143946" z="-11896" heading="62135" />
		<spawn npcId="22965" x="177446" y="143886" z="-11896" heading="14873" />
		<spawn npcId="22965" x="177456" y="142710" z="-11856" heading="25796" />
		<spawn npcId="22965" x="177752" y="142554" z="-11896" heading="19837" />
		<!-- Фантом Маг Новичок -->
		<spawn npcId="22966" x="173222" y="143542" z="-11896" heading="6079" />
		<spawn npcId="22966" x="173407" y="142667" z="-11880" heading="32111" />
		<spawn npcId="22966" x="173650" y="141947" z="-11856" heading="53989" />
		<spawn npcId="22966" x="173718" y="144226" z="-11896" heading="48229" />
		<spawn npcId="22966" x="173767" y="142447" z="-11816" heading="63930" />
		<spawn npcId="22966" x="173862" y="141232" z="-11888" heading="46954" />
		<spawn npcId="22966" x="174314" y="141258" z="-11832" heading="3511" />
		<spawn npcId="22966" x="174426" y="144450" z="-11864" heading="670" />
		<spawn npcId="22966" x="174656" y="141058" z="-11832" heading="11172" />
		<spawn npcId="22966" x="174984" y="144344" z="-11816" heading="56372" />
		<spawn npcId="22966" x="175511" y="141083" z="-11808" heading="60048" />
		<spawn npcId="22966" x="175563" y="140454" z="-11896" heading="55623" />
		<spawn npcId="22966" x="176305" y="144656" z="-11880" heading="62015" />
		<spawn npcId="22966" x="176711" y="144306" z="-11856" heading="57130" />
		<spawn npcId="22966" x="176741" y="140997" z="-11888" heading="31096" />
		<spawn npcId="22966" x="176795" y="140997" z="-11896" heading="50546" />
		<spawn npcId="22966" x="176886" y="143646" z="-11808" heading="61603" />
		<spawn npcId="22966" x="176943" y="141829" z="-11808" heading="14498" />
		<spawn npcId="22966" x="177110" y="143946" z="-11864" heading="57912" />
		<spawn npcId="22966" x="177160" y="142970" z="-11816" heading="40396" />
		<spawn npcId="22966" x="177218" y="141239" z="-11896" heading="23321" />
		<spawn npcId="22966" x="177456" y="142866" z="-11856" heading="27771" />
		<!-- Опытный Фантом Мечник -->
		<spawn npcId="22967" x="174269" y="143481" z="-11808" heading="28791" />
		<spawn npcId="22967" x="174483" y="142387" z="-11776" heading="13858" />
		<spawn npcId="22967" x="174538" y="142175" z="-11776" heading="26040" />
		<spawn npcId="22967" x="174569" y="143163" z="-11776" heading="62338" />
		<spawn npcId="22967" x="175544" y="143548" z="-11768" heading="46836" />
		<spawn npcId="22967" x="175583" y="141524" z="-11776" heading="15324" />
		<spawn npcId="22967" x="175712" y="141954" z="-11768" heading="17323" />
		<spawn npcId="22967" x="175892" y="143466" z="-11760" heading="55256" />
		<spawn npcId="22967" x="176123" y="141962" z="-11776" heading="7441" />
		<spawn npcId="22967" x="176216" y="143046" z="-11768" heading="59320" />
		<spawn npcId="22967" x="176618" y="141962" z="-11792" heading="48902" />
		<spawn npcId="22967" x="176799" y="143202" z="-11792" heading="55524" />
		<!-- Опытный Мечник Преторианцев -->
		<spawn npcId="22968" x="174169" y="143057" z="-11776" heading="24641" />
		<spawn npcId="22968" x="174483" y="142122" z="-11776" heading="53613" />
		<spawn npcId="22968" x="174813" y="141804" z="-11776" heading="9221" />
		<spawn npcId="22968" x="174869" y="143322" z="-11760" heading="18764" />
		<spawn npcId="22968" x="175067" y="141610" z="-11776" heading="46714" />
		<spawn npcId="22968" x="175153" y="141782" z="-11768" heading="47519" />
		<spawn npcId="22968" x="175602" y="143999" z="-11776" heading="8519" />
		<spawn npcId="22968" x="175718" y="144163" z="-11808" heading="55031" />
		<spawn npcId="22968" x="176068" y="142170" z="-11768" heading="22871" />
		<spawn npcId="22968" x="176322" y="143514" z="-11776" heading="26776" />
		<spawn npcId="22968" x="176343" y="141650" z="-11792" heading="18310" />
		<spawn npcId="22968" x="176640" y="143098" z="-11776" heading="1786" />
		<!-- Фантом Стражник -->
		<spawn npcId="22969" x="173407" y="143162" z="-11880" heading="35378" />
		<spawn npcId="22969" x="173650" y="142112" z="-11840" heading="24747" />
		<spawn npcId="22969" x="173656" y="143941" z="-11896" heading="63623" />
		<spawn npcId="22969" x="174116" y="144450" z="-11896" heading="27288" />
		<spawn npcId="22969" x="174200" y="141158" z="-11856" heading="41150" />
		<spawn npcId="22969" x="175251" y="140935" z="-11816" heading="59750" />
		<spawn npcId="22969" x="176471" y="140581" z="-11896" heading="61336" />
		<spawn npcId="22969" x="176479" y="144356" z="-11840" heading="20825" />
		<spawn npcId="22969" x="176886" y="143946" z="-11824" heading="50570" />
		<spawn npcId="22969" x="177163" y="142065" z="-11816" heading="23751" />
		<spawn npcId="22969" x="177308" y="142918" z="-11824" heading="35816" />
		<!-- Фантом Воин-Маг -->
		<spawn npcId="22970" x="174043" y="142281" z="-11816" heading="42531" />
		<spawn npcId="22970" x="174869" y="143216" z="-11768" heading="60061" />
		<spawn npcId="22970" x="175602" y="143466" z="-11768" heading="58470" />
		<spawn npcId="22970" x="175798" y="141223" z="-11816" heading="49030" />
		<spawn npcId="22970" x="176216" y="142942" z="-11768" heading="29353" />
		<spawn npcId="22970" x="176508" y="141910" z="-11776" heading="32377" />
		<!-- Пушка -->
		<spawn npcId="32939" x="175882" y="143122" z="-11768" heading="11476" />
		<!-- Пушка -->
		<spawn npcId="32940" x="175975" y="142257" z="-11768" heading="60752" />
		<!-- Пушка -->
		<spawn npcId="32941" x="175024" y="142216" z="-11768" heading="40952" />
		<!-- Пушка -->
		<spawn npcId="32942" x="175076" y="143197" z="-11768" heading="25000" />
		<!-- Надгробие Спасии -->
		<spawn npcId="32945" x="175476" y="143259" z="-11752" heading="16420" />
		<!-- Опера -->
		<spawn npcId="32946" x="175467" y="148287" z="-11648" heading="49462" />
		<!--  -->
		<spawn npcId="32948" x="175466" y="142727" z="-11314" heading="16384" />
	</spawns>
</list>