<?xml version="1.0" encoding="utf-8"?>
<!DOCTYPE list SYSTEM "spawn.dtd">
<list>
	<spawns name="RuinsOfDespair">
		<!-- Сундук с Сокровищами -->
		<spawn npcId="18266" x="-1085" y="176786" z="-3661" heading="36711" />
		<spawn npcId="18266" x="-11501" y="161497" z="-2332" heading="0" />
		<spawn npcId="18266" x="-11528" y="162021" z="-2368" heading="0" />
		<spawn npcId="18266" x="-12430" y="163979" z="-2683" heading="15009" />
		<spawn npcId="18266" x="-15094" y="163989" z="-2869" heading="0" />
		<spawn npcId="18266" x="-15530" y="142351" z="-3898" heading="65416" />
		<spawn npcId="18266" x="-1568" y="167001" z="-3195" heading="816" />
		<spawn npcId="18266" x="-15770" y="142797" z="-3936" heading="0" />
		<spawn npcId="18266" x="-16062" y="138830" z="-3988" heading="0" />
		<spawn npcId="18266" x="-16264" y="138474" z="-3988" heading="0" />
		<spawn npcId="18266" x="-16274" y="142975" z="-3936" heading="0" />
		<spawn npcId="18266" x="-16312" y="196863" z="-4042" heading="0" />
		<spawn npcId="18266" x="-16375" y="143153" z="-3936" heading="0" />
		<spawn npcId="18266" x="-16454" y="140518" z="-3875" heading="58443" />
		<spawn npcId="18266" x="-16614" y="196685" z="-4042" heading="0" />
		<spawn npcId="18266" x="-16678" y="143687" z="-3936" heading="0" />
		<spawn npcId="18266" x="-16816" y="197397" z="-4042" heading="0" />
		<spawn npcId="18266" x="-16983" y="142143" z="-3896" heading="29424" />
		<spawn npcId="18266" x="-17101" y="138639" z="-3864" heading="11588" />
		<spawn npcId="18266" x="-18238" y="196939" z="-4198" heading="32915" />
		<spawn npcId="18266" x="-18310" y="198848" z="-4198" heading="13344" />
		<spawn npcId="18266" x="-18395" y="144548" z="-3847" heading="18981" />
		<spawn npcId="18266" x="-18412" y="164005" z="-3233" heading="0" />
		<spawn npcId="18266" x="-18534" y="141760" z="-3896" heading="42633" />
		<spawn npcId="18266" x="-18998" y="145285" z="-3760" heading="47665" />
		<spawn npcId="18266" x="-19618" y="161610" z="-1736" heading="0" />
		<spawn npcId="18266" x="-19637" y="200799" z="-3988" heading="15648" />
		<spawn npcId="18266" x="-19900" y="198084" z="-4198" heading="40197" />
		<spawn npcId="18266" x="-19920" y="161788" z="-1872" heading="0" />
		<spawn npcId="18266" x="-20025" y="142922" z="-3882" heading="59204" />
		<spawn npcId="18266" x="-20075" y="138673" z="-3896" heading="17211" />
		<spawn npcId="18266" x="-20213" y="164580" z="-2973" heading="65327" />
		<spawn npcId="18266" x="-20300" y="139765" z="-3896" heading="23440" />
		<spawn npcId="18266" x="-20840" y="198695" z="-4167" heading="44941" />
		<spawn npcId="18266" x="-20996" y="143028" z="-3960" heading="0" />
		<spawn npcId="18266" x="-21030" y="138840" z="-4052" heading="0" />
		<spawn npcId="18266" x="-21198" y="142672" z="-3960" heading="0" />
		<spawn npcId="18266" x="-21361" y="140985" z="-3896" heading="23489" />
		<spawn npcId="18266" x="-22063" y="143354" z="-3870" heading="20156" />
		<spawn npcId="18266" x="-24" y="162580" z="-3179" heading="37940" />
		<spawn npcId="18266" x="-245" y="169192" z="-3480" heading="50588" />
		<spawn npcId="18266" x="-25349" y="117332" z="-3684" heading="61914" />
		<spawn npcId="18266" x="-25636" y="197914" z="-3917" heading="43876" />
		<spawn npcId="18266" x="-25805" y="196221" z="-3927" heading="40790" />
		<spawn npcId="18266" x="-26020" y="164965" z="-3363" heading="0" />
		<spawn npcId="18266" x="-26701" y="159077" z="-2821" heading="0" />
		<spawn npcId="18266" x="-26838" y="116347" z="-3658" heading="5009" />
		<spawn npcId="18266" x="-26952" y="197363" z="-4067" heading="0" />
		<spawn npcId="18266" x="-27103" y="159077" z="-2821" heading="0" />
		<spawn npcId="18266" x="-27154" y="196651" z="-4067" heading="0" />
		<spawn npcId="18266" x="-27158" y="117658" z="-3723" heading="18801" />
		<spawn npcId="18266" x="-27215" y="164810" z="-2928" heading="31729" />
		<spawn npcId="18266" x="-27261" y="162146" z="-3328" heading="0" />
		<spawn npcId="18266" x="-27674" y="118364" z="-3723" heading="5827" />
		<spawn npcId="18266" x="-28064" y="115649" z="-3704" heading="58704" />
		<spawn npcId="18266" x="-28483" y="116826" z="-3948" heading="0" />
		<spawn npcId="18266" x="-28526" y="120292" z="-3908" heading="0" />
		<spawn npcId="18266" x="-28595" y="119805" z="-3723" heading="25776" />
		<spawn npcId="18266" x="-28986" y="117004" z="-3948" heading="0" />
		<spawn npcId="18266" x="-29130" y="120292" z="-3908" heading="0" />
		<spawn npcId="18266" x="-29208" y="115892" z="-3828" heading="0" />
		<spawn npcId="18266" x="-29611" y="116248" z="-3828" heading="0" />
		<spawn npcId="18266" x="-30290" y="162971" z="-2838" heading="31533" />
		<spawn npcId="18266" x="-30754" y="157448" z="-3632" heading="0" />
		<spawn npcId="18266" x="-30956" y="157804" z="-3632" heading="0" />
		<spawn npcId="18266" x="-31058" y="117175" z="-3163" heading="20536" />
		<spawn npcId="18266" x="-31239" y="120445" z="-3247" heading="33645" />
		<spawn npcId="18266" x="-33373" y="193300" z="-3629" heading="6540" />
		<spawn npcId="18266" x="-34120" y="191162" z="-3632" heading="4491" />
		<spawn npcId="18266" x="-34920" y="180225" z="-4221" heading="7049" />
		<spawn npcId="18266" x="-34966" y="177808" z="-4399" heading="0" />
		<spawn npcId="18266" x="-35168" y="178164" z="-4399" heading="0" />
		<spawn npcId="18266" x="-35761" y="177963" z="-4228" heading="37244" />
		<spawn npcId="18266" x="-36367" y="183610" z="-3935" heading="63120" />
		<spawn npcId="18266" x="-36394" y="189332" z="-3639" heading="32910" />
		<spawn npcId="18266" x="-36459" y="191263" z="-3632" heading="39962" />
		<spawn npcId="18266" x="-37016" y="186301" z="-3602" heading="55979" />
		<spawn npcId="18266" x="-37132" y="189554" z="-3644" heading="14245" />
		<spawn npcId="18266" x="-37394" y="188421" z="-3719" heading="0" />
		<spawn npcId="18266" x="-38018" y="186611" z="-3631" heading="44348" />
		<spawn npcId="18266" x="-38717" y="209079" z="-3831" heading="0" />
		<spawn npcId="18266" x="-38919" y="209079" z="-3831" heading="0" />
		<spawn npcId="18266" x="-39020" y="208545" z="-3831" heading="0" />
		<spawn npcId="18266" x="-39020" y="208901" z="-3831" heading="0" />
		<spawn npcId="18266" x="-39361" y="180051" z="-3973" heading="16759" />
		<spawn npcId="18266" x="-39849" y="181373" z="-4200" heading="0" />
		<spawn npcId="18266" x="-3986" y="180292" z="-3110" heading="7995" />
		<spawn npcId="18266" x="-39961" y="179136" z="-3935" heading="48685" />
		<spawn npcId="18266" x="-40875" y="210895" z="-3831" heading="0" />
		<spawn npcId="18266" x="-40976" y="211073" z="-3831" heading="0" />
		<spawn npcId="18266" x="-41177" y="210717" z="-3831" heading="0" />
		<spawn npcId="18266" x="-41465" y="109500" z="-3303" heading="9527" />
		<spawn npcId="18266" x="-41681" y="211251" z="-3831" heading="0" />
		<spawn npcId="18266" x="-42844" y="112948" z="-3688" heading="0" />
		<spawn npcId="18266" x="-43065" y="210285" z="-3329" heading="9232" />
		<spawn npcId="18266" x="-43803" y="208490" z="-3403" heading="0" />
		<spawn npcId="18266" x="-43922" y="107434" z="-3338" heading="54161" />
		<spawn npcId="18266" x="-43954" y="111609" z="-3807" heading="46034" />
		<spawn npcId="18266" x="-44206" y="209202" z="-3403" heading="0" />
		<spawn npcId="18266" x="-44555" y="114527" z="-3717" heading="10672" />
		<spawn npcId="18266" x="-45098" y="113402" z="-3807" heading="53751" />
		<spawn npcId="18266" x="-45666" y="111218" z="-3792" heading="57865" />
		<spawn npcId="18266" x="-45695" y="113652" z="-3852" heading="0" />
		<spawn npcId="18266" x="-45726" y="210332" z="-3378" heading="22382" />
		<spawn npcId="18266" x="-45804" y="205839" z="-3670" heading="0" />
		<spawn npcId="18266" x="-45818" y="107399" z="-3533" heading="52135" />
		<spawn npcId="18266" x="-46099" y="112940" z="-3852" heading="0" />
		<spawn npcId="18266" x="-46152" y="108736" z="-3952" heading="0" />
		<spawn npcId="18266" x="-46207" y="205483" z="-3670" heading="0" />
		<spawn npcId="18266" x="-46290" y="110320" z="-3807" heading="22848" />
		<spawn npcId="18266" x="-46349" y="115659" z="-3544" heading="8758" />
		<spawn npcId="18266" x="-46408" y="205839" z="-3670" heading="0" />
		<spawn npcId="18266" x="-4660" y="171509" z="-2924" heading="30325" />
		<spawn npcId="18266" x="-46609" y="205483" z="-3670" heading="0" />
		<spawn npcId="18266" x="-4697" y="177806" z="-3066" heading="35395" />
		<spawn npcId="18266" x="-47198" y="112806" z="-3571" heading="30268" />
		<spawn npcId="18266" x="-47467" y="112025" z="-3627" heading="2665" />
		<spawn npcId="18266" x="-47610" y="109127" z="-3721" heading="40027" />
		<spawn npcId="18266" x="-48376" y="112749" z="-3571" heading="23798" />
		<spawn npcId="18266" x="-48486" y="111229" z="-3572" heading="58682" />
		<spawn npcId="18266" x="-48937" y="108046" z="-3720" heading="36018" />
		<spawn npcId="18266" x="-49034" y="107564" z="-3722" heading="0" />
		<spawn npcId="18266" x="-50326" y="108955" z="-3722" heading="0" />
		<spawn npcId="18266" x="-50513" y="109406" z="-3832" heading="0" />
		<spawn npcId="18266" x="-50714" y="108694" z="-3832" heading="0" />
		<spawn npcId="18266" x="-50761" y="110364" z="-3605" heading="10687" />
		<spawn npcId="18266" x="-50766" y="109568" z="-3722" heading="0" />
		<spawn npcId="18266" x="-50915" y="109050" z="-3832" heading="0" />
		<spawn npcId="18266" x="-51016" y="108872" z="-3832" heading="0" />
		<spawn npcId="18266" x="-51103" y="113250" z="-3555" heading="29550" />
		<spawn npcId="18266" x="-51388" y="109666" z="-3713" heading="1970" />
		<spawn npcId="18266" x="-52308" y="107830" z="-3904" heading="0" />
		<spawn npcId="18266" x="-52509" y="107830" z="-3904" heading="0" />
		<spawn npcId="18266" x="-52509" y="108186" z="-3904" heading="0" />
		<spawn npcId="18266" x="-52610" y="107652" z="-3904" heading="0" />
		<spawn npcId="18266" x="-53235" y="109590" z="-3728" heading="0" />
		<spawn npcId="18266" x="-53538" y="109056" z="-3728" heading="0" />
		<spawn npcId="18266" x="-53538" y="109412" z="-3728" heading="0" />
		<spawn npcId="18266" x="-56002" y="137145" z="-2785" heading="1670" />
		<spawn npcId="18266" x="-57111" y="136800" z="-2872" heading="0" />
		<spawn npcId="18266" x="-57396" y="135864" z="-2480" heading="40984" />
		<spawn npcId="18266" x="-57614" y="136622" z="-2872" heading="0" />
		<spawn npcId="18266" x="-57916" y="137156" z="-2872" heading="0" />
		<spawn npcId="18266" x="-58016" y="136978" z="-2784" heading="0" />
		<spawn npcId="18266" x="-58217" y="136978" z="-2872" heading="0" />
		<spawn npcId="18266" x="-58318" y="137156" z="-2872" heading="0" />
		<spawn npcId="18266" x="-89420" y="109592" z="-3357" heading="15884" />
		<spawn npcId="18266" x="-90017" y="112379" z="-3415" heading="35635" />
		<spawn npcId="18266" x="-90091" y="113931" z="-3531" heading="38518" />
		<spawn npcId="18266" x="-90125" y="107440" z="-3908" heading="0" />
		<spawn npcId="18266" x="-90528" y="108508" z="-3908" heading="0" />
		<spawn npcId="18266" x="-91110" y="112672" z="-3636" heading="0" />
		<spawn npcId="18266" x="-91300" y="108761" z="-3561" heading="44013" />
		<spawn npcId="18266" x="-91311" y="113384" z="-3636" heading="0" />
		<spawn npcId="18266" x="-91828" y="117284" z="-3408" heading="11433" />
		<spawn npcId="18266" x="-92595" y="115973" z="-3676" heading="0" />
		<spawn npcId="18266" x="-93171" y="109973" z="-3796" heading="6391" />
		<spawn npcId="18266" x="-93702" y="106333" z="-3695" heading="60412" />
		<spawn npcId="18266" x="-93703" y="115083" z="-3676" heading="0" />
		<spawn npcId="18266" x="-93754" y="108982" z="-3877" heading="55038" />
		<spawn npcId="18266" x="-94320" y="109942" z="-3916" heading="0" />
		<spawn npcId="18266" x="-94356" y="112175" z="-3701" heading="61346" />
		<spawn npcId="18266" x="-94369" y="104464" z="-3908" heading="0" />
		<spawn npcId="18266" x="-94470" y="104286" z="-3908" heading="0" />
		<spawn npcId="18266" x="-94785" y="106862" z="-3912" heading="0" />
		<spawn npcId="18266" x="-94822" y="110832" z="-3916" heading="0" />
		<spawn npcId="18266" x="-95024" y="110120" z="-3916" heading="0" />
		<spawn npcId="18266" x="-95175" y="104820" z="-3908" heading="0" />
		<spawn npcId="18266" x="-95187" y="106862" z="-3912" heading="0" />
		<spawn npcId="18266" x="-95187" y="107218" z="-3912" heading="0" />
		<spawn npcId="18266" x="-95363" y="117617" z="-3403" heading="35269" />
		<spawn npcId="18266" x="-95477" y="105354" z="-3908" heading="0" />
		<spawn npcId="18266" x="-96531" y="105640" z="-3392" heading="51310" />
		<spawn npcId="18266" x="-96803" y="108422" z="-3410" heading="53020" />
		<spawn npcId="18266" x="-96894" y="113768" z="-3570" heading="21562" />
		<spawn npcId="18266" x="-96904" y="104784" z="-3640" heading="0" />
		<spawn npcId="18266" x="-96976" y="111864" z="-3542" heading="56795" />
		<spawn npcId="18266" x="-97168" y="99274" z="-3512" heading="49035" />
		<spawn npcId="18266" x="-97206" y="104606" z="-3640" heading="0" />
		<spawn npcId="18266" x="-97384" y="108622" z="-3676" heading="0" />
		<spawn npcId="18266" x="-97384" y="109690" z="-3676" heading="0" />
		<spawn npcId="18266" x="-97616" y="100314" z="-3664" heading="0" />
		<spawn npcId="18266" x="-98019" y="101026" z="-3664" heading="0" />
		<spawn npcId="18266" x="-98088" y="108800" z="-3676" heading="0" />
		<spawn npcId="18266" x="-98218" y="112506" z="-3736" heading="0" />
		<spawn npcId="18266" x="-98220" y="100314" z="-3664" heading="0" />
		<spawn npcId="18266" x="-98407" y="106233" z="-3496" heading="58631" />
		<spawn npcId="18266" x="-98555" y="114441" z="-3556" heading="19855" />
		<spawn npcId="18266" x="10090" y="185002" z="-3793" heading="0" />
		<spawn npcId="18266" x="10292" y="184646" z="-3793" heading="0" />
		<spawn npcId="18266" x="10608" y="179680" z="-3298" heading="61765" />
		<spawn npcId="18266" x="10694" y="184646" z="-3793" heading="0" />
		<spawn npcId="18266" x="10798" y="180158" z="-3326" heading="28044" />
		<spawn npcId="18266" x="11107" y="174611" z="-3614" heading="50640" />
		<spawn npcId="18266" x="11197" y="185536" z="-3793" heading="0" />
		<spawn npcId="18266" x="11467" y="180306" z="-3358" heading="2915" />
		<spawn npcId="18266" x="13741" y="178069" z="-3552" heading="53568" />
		<spawn npcId="18266" x="14379" y="178830" z="-3533" heading="2649" />
		<spawn npcId="18266" x="1503" y="177088" z="-3821" heading="0" />
		<spawn npcId="18266" x="1914" y="172553" z="-3074" heading="6163" />
		<spawn npcId="18266" x="194" y="178334" z="-3821" heading="0" />
		<spawn npcId="18266" x="1975" y="175638" z="-3127" heading="9651" />
		<spawn npcId="18266" x="2046" y="170120" z="-3392" heading="2591" />
		<spawn npcId="18266" x="21781" y="147828" z="-3282" heading="24293" />
		<spawn npcId="18266" x="2273" y="174311" z="-3069" heading="54672" />
		<spawn npcId="18266" x="2310" y="162016" z="-3678" heading="40968" />
		<spawn npcId="18266" x="23184" y="145501" z="-3354" heading="36564" />
		<spawn npcId="18266" x="26617" y="147059" z="-2845" heading="549" />
		<spawn npcId="18266" x="28010" y="137631" z="-3335" heading="0" />
		<spawn npcId="18266" x="28313" y="137097" z="-3335" heading="0" />
		<spawn npcId="18266" x="28654" y="140325" z="-3335" heading="0" />
		<spawn npcId="18266" x="28855" y="140681" z="-3335" heading="0" />
		<spawn npcId="18266" x="28938" y="148789" z="-2294" heading="13954" />
		<spawn npcId="18266" x="29551" y="139450" z="-3130" heading="33" />
		<spawn npcId="18266" x="29562" y="141547" z="-2923" heading="12140" />
		<spawn npcId="18266" x="30067" y="137653" z="-3055" heading="44478" />
		<spawn npcId="18266" x="3027" y="184243" z="-3295" heading="0" />
		<spawn npcId="18266" x="30451" y="136552" z="-3117" heading="62188" />
		<spawn npcId="18266" x="308" y="169884" z="-3438" heading="43979" />
		<spawn npcId="18266" x="31729" y="131647" z="-3264" heading="41832" />
		<spawn npcId="18266" x="31773" y="140041" z="-3196" heading="58289" />
		<spawn npcId="18266" x="32057" y="139468" z="-3210" heading="9252" />
		<spawn npcId="18266" x="32320" y="133724" z="-3132" heading="49804" />
		<spawn npcId="18266" x="32355" y="135218" z="-3280" heading="0" />
		<spawn npcId="18266" x="32557" y="135930" z="-3280" heading="0" />
		<spawn npcId="18266" x="33217" y="133185" z="-3131" heading="28077" />
		<spawn npcId="18266" x="33350" y="135825" z="-3341" heading="0" />
		<spawn npcId="18266" x="33653" y="135291" z="-3341" heading="0" />
		<spawn npcId="18266" x="33931" y="138215" z="-3165" heading="56305" />
		<spawn npcId="18266" x="33955" y="135469" z="-3341" heading="0" />
		<spawn npcId="18266" x="346" y="173499" z="-2860" heading="35521" />
		<spawn npcId="18266" x="3462" y="163616" z="-3706" heading="1166" />
		<spawn npcId="18266" x="3530" y="183353" z="-3295" heading="0" />
		<spawn npcId="18266" x="3554" y="172884" z="-3833" heading="0" />
		<spawn npcId="18266" x="36" y="163888" z="-3818" heading="0" />
		<spawn npcId="18266" x="3815" y="167078" z="-3824" heading="0" />
		<spawn npcId="18266" x="3832" y="184243" z="-3295" heading="0" />
		<spawn npcId="18266" x="3957" y="172172" z="-3219" heading="0" />
		<spawn npcId="18266" x="3981" y="178918" z="-3614" heading="60679" />
		<spawn npcId="18266" x="4051" y="182602" z="-3322" heading="45472" />
		<spawn npcId="18266" x="41398" y="119122" z="-2184" heading="0" />
		<spawn npcId="18266" x="4250" y="177332" z="-3525" heading="41566" />
		<spawn npcId="18266" x="4259" y="171994" z="-3219" heading="0" />
		<spawn npcId="18266" x="4260" y="173774" z="-3219" heading="0" />
		<spawn npcId="18266" x="4319" y="166544" z="-3824" heading="0" />
		<spawn npcId="18266" x="4336" y="184777" z="-3228" heading="0" />
		<spawn npcId="18266" x="4561" y="172884" z="-3833" heading="0" />
		<spawn npcId="18266" x="4621" y="166366" z="-3824" heading="0" />
		<spawn npcId="18266" x="4910" y="172561" z="-3219" heading="0" />
		<spawn npcId="18266" x="4965" y="173240" z="-3833" heading="0" />
		<spawn npcId="18266" x="49816" y="112112" z="-1976" heading="0" />
		<spawn npcId="18266" x="5166" y="173240" z="-3833" heading="0" />
		<spawn npcId="18266" x="522" y="167760" z="-3702" heading="0" />
		<spawn npcId="18266" x="5232" y="186646" z="-3254" heading="11557" />
		<spawn npcId="18266" x="539" y="163710" z="-3818" heading="0" />
		<spawn npcId="18266" x="5668" y="173062" z="-3833" heading="0" />
		<spawn npcId="18266" x="598" y="178334" z="-3821" heading="0" />
		<spawn npcId="18266" x="621" y="182136" z="-3708" heading="10607" />
		<spawn npcId="18266" x="6662" y="187882" z="-3788" heading="0" />
		<spawn npcId="18266" x="674" y="180771" z="-3699" heading="8226" />
		<spawn npcId="18266" x="6763" y="188060" z="-3788" heading="0" />
		<spawn npcId="18266" x="6863" y="187882" z="-3788" heading="0" />
		<spawn npcId="18266" x="6982" y="182567" z="-2994" heading="0" />
		<spawn npcId="18266" x="7467" y="188238" z="-3788" heading="0" />
		<spawn npcId="18266" x="7917" y="180509" z="-3550" heading="0" />
		<spawn npcId="18266" x="8018" y="179975" z="-3550" heading="0" />
		<spawn npcId="18266" x="8453" y="181666" z="-2954" heading="23987" />
		<spawn npcId="18266" x="8668" y="181037" z="-2974" heading="50804" />
		<spawn npcId="18266" x="899" y="178868" z="-3821" heading="0" />
		<spawn npcId="18266" x="9668" y="174874" z="-3664" heading="44692" />
		<!-- Воин Людоедов Вилан (Ожесточенный) -->
		<spawn npcId="20402" x="-10142" y="141687" z="-3654" heading="19544" delay="30" />
		<spawn npcId="20402" x="-10241" y="139433" z="-3696" heading="63502" />
		<spawn npcId="20402" x="-10544" y="145453" z="-3776" heading="18685" />
		<spawn npcId="20402" x="-10574" y="142052" z="-3656" heading="19839" />
		<spawn npcId="20402" x="-10618" y="139060" z="-3624" heading="53735" />
		<spawn npcId="20402" x="-10672" y="144378" z="-3672" heading="51536" />
		<spawn npcId="20402" x="-10919" y="141429" z="-3668" heading="21118" delay="30" />
		<spawn npcId="20402" x="-11080" y="139593" z="-3680" heading="35313" />
		<spawn npcId="20402" x="-11246" y="146093" z="-3600" heading="37690" />
		<spawn npcId="20402" x="-11453" y="140335" z="-3697" heading="51340" delay="30" />
		<spawn npcId="20402" x="-11528" y="145774" z="-3560" heading="1712" />
		<spawn npcId="20402" x="-11909" y="146285" z="-3440" heading="31328" />
		<spawn npcId="20402" x="-11927" y="142087" z="-3688" heading="52940" />
		<spawn npcId="20402" x="-12646" y="137772" z="-3952" heading="0" delay="30" />
		<spawn npcId="20402" x="-12646" y="138128" z="-3952" heading="0" delay="30" />
		<spawn npcId="20402" x="-12647" y="137416" z="-3952" heading="0" delay="30" />
		<spawn npcId="20402" x="-12747" y="138306" z="-3952" heading="0" delay="30" />
		<spawn npcId="20402" x="-12848" y="137772" z="-3952" heading="0" delay="30" />
		<spawn npcId="20402" x="-13050" y="138484" z="-3952" heading="0" delay="30" />
		<spawn npcId="20402" x="-16277" y="148253" z="-3368" heading="38933" />
		<spawn npcId="20402" x="-16604" y="148128" z="-3472" heading="3355" />
		<spawn npcId="20402" x="-17879" y="148032" z="-3440" heading="27817" />
		<spawn npcId="20402" x="-18237" y="149339" z="-3112" heading="43046" />
		<spawn npcId="20402" x="-19196" y="148351" z="-3360" heading="27736" />
		<spawn npcId="20402" x="-19586" y="148325" z="-3368" heading="13389" />
		<spawn npcId="20402" x="-21477" y="148808" z="-3304" heading="26880" />
		<spawn npcId="20402" x="-23533" y="141154" z="-3776" heading="29027" />
		<spawn npcId="20402" x="-24615" y="145149" z="-3616" heading="57724" />
		<spawn npcId="20402" x="-9667" y="141382" z="-3768" heading="0" delay="30" />
		<!-- Летучая Мышь Падальщик (Ожесточенный) -->
		<spawn npcId="20411" x="-10091" y="145620" z="-3880" heading="0" delay="30" />
		<spawn npcId="20411" x="-10699" y="146415" z="-3726" heading="2946" delay="30" />
		<spawn npcId="20411" x="-11375" y="144333" z="-3650" heading="43814" delay="30" />
		<spawn npcId="20411" x="-11521" y="148420" z="-3289" heading="50067" delay="30" />
		<spawn npcId="20411" x="-11693" y="143726" z="-3608" heading="824" />
		<spawn npcId="20411" x="-12180" y="149408" z="-3203" heading="4166" delay="30" />
		<spawn npcId="20411" x="-12512" y="148891" z="-3420" heading="0" delay="30" />
		<spawn npcId="20411" x="-12801" y="147483" z="-3139" heading="25212" delay="30" />
		<spawn npcId="20411" x="-13719" y="148535" z="-2984" heading="0" delay="30" />
		<spawn npcId="20411" x="-13721" y="140521" z="-3792" heading="32534" />
		<spawn npcId="20411" x="-13722" y="142280" z="-3688" heading="31895" />
		<spawn npcId="20411" x="-13893" y="141903" z="-3752" heading="32767" />
		<spawn npcId="20411" x="-14545" y="141351" z="-3856" heading="29494" />
		<spawn npcId="20411" x="-15194" y="139653" z="-3776" heading="39272" />
		<spawn npcId="20411" x="-15428" y="142478" z="-3840" heading="36860" />
		<spawn npcId="20411" x="-15643" y="140227" z="-3816" heading="34692" />
		<spawn npcId="20411" x="-16668" y="139079" z="-3672" heading="7143" />
		<spawn npcId="20411" x="-18902" y="145594" z="-3752" heading="23193" />
		<spawn npcId="20411" x="-20380" y="149266" z="-3172" heading="0" delay="30" />
		<spawn npcId="20411" x="-20476" y="148178" z="-3407" heading="7568" delay="30" />
		<spawn npcId="20411" x="-20664" y="141945" z="-3840" heading="28653" />
		<spawn npcId="20411" x="-20681" y="150156" z="-3172" heading="0" delay="30" />
		<spawn npcId="20411" x="-20815" y="140200" z="-3832" heading="49977" />
		<spawn npcId="20411" x="-20883" y="149800" z="-3172" heading="0" delay="30" />
		<spawn npcId="20411" x="-21316" y="145354" z="-3736" heading="25804" />
		<spawn npcId="20411" x="-21373" y="140142" z="-3840" heading="8374" />
		<spawn npcId="20411" x="-21533" y="147998" z="-3504" heading="0" delay="30" />
		<spawn npcId="20411" x="-21661" y="145017" z="-3784" heading="32242" />
		<spawn npcId="20411" x="-24137" y="146291" z="-3518" heading="45694" delay="30" />
		<spawn npcId="20411" x="-24282" y="149639" z="-3216" heading="0" delay="30" />
		<spawn npcId="20411" x="-24539" y="141791" z="-3733" heading="25886" delay="30" />
		<spawn npcId="20411" x="-24584" y="150173" z="-3216" heading="0" delay="30" />
		<spawn npcId="20411" x="-24684" y="149283" z="-3216" heading="0" delay="30" />
		<spawn npcId="20411" x="-26308" y="147462" z="-3480" heading="0" delay="30" />
		<spawn npcId="20411" x="-9588" y="145086" z="-3880" heading="0" delay="30" />
		<spawn npcId="20411" x="-9588" y="145442" z="-3880" heading="0" delay="30" />
		<!-- Воин Зомби (Ожесточенный) -->
		<spawn npcId="20458" x="-10251" y="140704" z="-3664" heading="2596" />
		<spawn npcId="20458" x="-10651" y="143715" z="-3656" heading="27615" />
		<spawn npcId="20458" x="-10729" y="140016" z="-3696" heading="39826" />
		<spawn npcId="20458" x="-10853" y="144845" z="-3720" heading="34897" />
		<spawn npcId="20458" x="-10879" y="144107" z="-3664" heading="29744" />
		<spawn npcId="20458" x="-11707" y="140098" z="-3672" heading="25841" />
		<spawn npcId="20458" x="-12896" y="149109" z="-3120" heading="3500" />
		<spawn npcId="20458" x="-13848" y="138015" z="-3664" heading="25565" />
		<spawn npcId="20458" x="-16390" y="149233" z="-3152" heading="64154" />
		<spawn npcId="20458" x="-17467" y="149155" z="-3152" heading="38967" />
		<spawn npcId="20458" x="-17813" y="148838" z="-3232" heading="13321" />
		<spawn npcId="20458" x="-18426" y="148897" z="-3240" heading="64382" />
		<spawn npcId="20458" x="-20060" y="148603" z="-3368" heading="49543" />
		<spawn npcId="20458" x="-20547" y="147850" z="-3432" heading="19627" />
		<spawn npcId="20458" x="-20589" y="148707" z="-3352" heading="29705" />
		<spawn npcId="20458" x="-24120" y="141403" z="-3752" heading="36900" />
		<spawn npcId="20458" x="-24180" y="144339" z="-3808" heading="21858" />
		<spawn npcId="20458" x="-24221" y="142575" z="-3760" heading="7695" />
		<spawn npcId="20458" x="-24329" y="142285" z="-3752" heading="32407" />
		<spawn npcId="20458" x="-24581" y="142327" z="-3752" heading="60689" />
		<!-- Бес Руин (Ожесточенный) -->
		<spawn npcId="20506" x="-10494" y="144552" z="-3880" heading="0" delay="30" />
		<spawn npcId="20506" x="-10695" y="145620" z="-3880" heading="0" delay="30" />
		<spawn npcId="20506" x="-10841" y="145822" z="-3712" heading="11959" />
		<spawn npcId="20506" x="-11097" y="148753" z="-3341" heading="4837" delay="30" />
		<spawn npcId="20506" x="-12008" y="148713" z="-3420" heading="0" delay="30" />
		<spawn npcId="20506" x="-12110" y="148179" z="-3420" heading="0" delay="30" />
		<spawn npcId="20506" x="-12642" y="148508" z="-3136" heading="43068" />
		<spawn npcId="20506" x="-12709" y="142810" z="-3688" heading="41983" />
		<spawn npcId="20506" x="-12814" y="148357" z="-3420" heading="0" delay="30" />
		<spawn npcId="20506" x="-13518" y="148535" z="-3420" heading="0" delay="30" />
		<spawn npcId="20506" x="-13909" y="142307" z="-3688" heading="20568" />
		<spawn npcId="20506" x="-14660" y="144105" z="-3632" heading="59067" />
		<spawn npcId="20506" x="-14899" y="139352" z="-3792" heading="50020" />
		<spawn npcId="20506" x="-15245" y="140389" z="-3792" heading="21019" />
		<spawn npcId="20506" x="-16038" y="138888" z="-3672" heading="32613" />
		<spawn npcId="20506" x="-16395" y="141323" z="-3872" heading="19445" />
		<spawn npcId="20506" x="-16698" y="147088" z="-3752" heading="0" delay="30" />
		<spawn npcId="20506" x="-17314" y="140762" z="-3872" heading="26622" />
		<spawn npcId="20506" x="-17904" y="147444" z="-3752" heading="0" delay="30" />
		<spawn npcId="20506" x="-18137" y="147668" z="-3501" heading="43052" delay="30" />
		<spawn npcId="20506" x="-18644" y="147458" z="-3521" heading="42888" delay="30" />
		<spawn npcId="20506" x="-19232" y="145998" z="-3736" heading="49847" />
		<spawn npcId="20506" x="-19444" y="141097" z="-3840" heading="13704" />
		<spawn npcId="20506" x="-19577" y="141012" z="-3840" heading="20384" />
		<spawn npcId="20506" x="-20468" y="141271" z="-3840" heading="50719" />
		<spawn npcId="20506" x="-20493" y="141103" z="-3840" heading="46292" />
		<spawn npcId="20506" x="-20531" y="145156" z="-3760" heading="43757" />
		<spawn npcId="20506" x="-20663" y="148555" z="-3360" heading="20125" />
		<spawn npcId="20506" x="-20829" y="147464" z="-3504" heading="0" delay="30" />
		<spawn npcId="20506" x="-20889" y="139854" z="-3840" heading="5795" />
		<spawn npcId="20506" x="-21030" y="147820" z="-3504" heading="0" delay="30" />
		<spawn npcId="20506" x="-21216" y="148662" z="-3352" heading="34077" />
		<spawn npcId="20506" x="-21471" y="140653" z="-3840" heading="6487" />
		<spawn npcId="20506" x="-21566" y="141609" z="-3680" heading="49628" />
		<spawn npcId="20506" x="-21760" y="147381" z="-3562" heading="40230" delay="30" />
		<spawn npcId="20506" x="-21997" y="144361" z="-3816" heading="46889" />
		<spawn npcId="20506" x="-22504" y="148634" z="-3256" heading="64230" />
		<spawn npcId="20506" x="-23894" y="139245" z="-3691" heading="52841" delay="30" />
		<spawn npcId="20506" x="-24180" y="150529" z="-3216" heading="0" delay="30" />
		<spawn npcId="20506" x="-24383" y="149817" z="-3216" heading="0" delay="30" />
		<spawn npcId="20506" x="-24986" y="149461" z="-3216" heading="0" delay="30" />
		<spawn npcId="20506" x="-25378" y="143650" z="-4016" heading="0" delay="30" />
		<spawn npcId="20506" x="-26230" y="144269" z="-3484" heading="39391" delay="30" />
		<!-- Старший Бес Руин (Ожесточенный) -->
		<spawn npcId="20507" x="-10774" y="141832" z="-3667" heading="22160" delay="30" />
		<spawn npcId="20507" x="-11057" y="142316" z="-3671" heading="12780" delay="30" />
		<spawn npcId="20507" x="-11093" y="145679" z="-3656" heading="50590" />
		<spawn npcId="20507" x="-11343" y="141877" z="-3692" heading="2317" delay="30" />
		<spawn npcId="20507" x="-11658" y="146084" z="-3504" heading="43141" />
		<spawn npcId="20507" x="-12163" y="141334" z="-3940" heading="0" delay="30" />
		<spawn npcId="20507" x="-12364" y="140978" z="-3940" heading="0" delay="30" />
		<spawn npcId="20507" x="-13308" y="148932" z="-3064" heading="38414" />
		<spawn npcId="20507" x="-14003" y="142032" z="-3720" heading="30392" />
		<spawn npcId="20507" x="-14353" y="143349" z="-3680" heading="40193" />
		<spawn npcId="20507" x="-14411" y="142566" z="-3688" heading="33817" />
		<spawn npcId="20507" x="-14663" y="143666" z="-3648" heading="46471" />
		<spawn npcId="20507" x="-14835" y="146208" z="-3656" heading="26573" />
		<spawn npcId="20507" x="-18011" y="145944" z="-3672" heading="37068" />
		<spawn npcId="20507" x="-18434" y="145960" z="-3744" heading="40675" />
		<spawn npcId="20507" x="-20319" y="143062" z="-3864" heading="63557" />
		<spawn npcId="20507" x="-20541" y="148475" z="-3360" heading="18177" />
		<spawn npcId="20507" x="-21279" y="143958" z="-3816" heading="57345" />
		<spawn npcId="20507" x="-21407" y="147908" z="-3424" heading="48689" />
		<spawn npcId="20507" x="-22709" y="148639" z="-3264" heading="37995" />
		<spawn npcId="20507" x="-4055" y="146155" z="-3664" heading="8001" delay="30" />
		<spawn npcId="20507" x="-4109" y="142822" z="-3490" heading="51640" delay="30" />
		<spawn npcId="20507" x="-4863" y="143943" z="-3623" heading="22027" delay="30" />
		<spawn npcId="20507" x="-4923" y="146044" z="-3638" heading="4112" delay="30" />
		<spawn npcId="20507" x="-5447" y="142925" z="-3804" heading="0" delay="30" />
		<spawn npcId="20507" x="-6654" y="142925" z="-3804" heading="0" delay="30" />
		<spawn npcId="20507" x="-7056" y="143637" z="-3804" heading="0" delay="30" />
		<spawn npcId="20507" x="-9650" y="142099" z="-3634" heading="63671" delay="30" />
		<spawn npcId="20507" x="-9768" y="140492" z="-3768" heading="0" delay="30" />
		<!-- Костяной Воин (Ожесточенный) -->
		<spawn npcId="23022" x="-10558" y="139092" z="-3632" heading="16604" />
		<spawn npcId="23022" x="-11026" y="142653" z="-3664" heading="8191" />
		<spawn npcId="23022" x="-11193" y="144677" z="-3664" heading="42389" />
		<spawn npcId="23022" x="-11541" y="139599" z="-3648" heading="56320" />
		<spawn npcId="23022" x="-12840" y="145758" z="-3592" heading="47281" />
		<spawn npcId="23022" x="-13195" y="146098" z="-3576" heading="5299" />
		<spawn npcId="23022" x="-13201" y="140839" z="-3736" heading="57051" />
		<spawn npcId="23022" x="-15061" y="139882" z="-3776" heading="4587" />
		<spawn npcId="23022" x="-15354" y="143801" z="-3688" heading="35844" />
		<spawn npcId="23022" x="-16038" y="138888" z="-3672" heading="23256" />
		<spawn npcId="23022" x="-16086" y="148587" z="-3224" heading="56499" />
		<spawn npcId="23022" x="-16378" y="147526" z="-3560" heading="25118" />
		<spawn npcId="23022" x="-16467" y="141036" z="-3872" heading="21617" />
		<spawn npcId="23022" x="-16668" y="139079" z="-3672" heading="23812" />
		<spawn npcId="23022" x="-16874" y="147670" z="-3616" heading="6604" />
		<spawn npcId="23022" x="-17379" y="141952" z="-3872" heading="4831" />
		<spawn npcId="23022" x="-17555" y="139715" z="-3856" heading="38825" />
		<spawn npcId="23022" x="-17707" y="148639" z="-3264" heading="64127" />
		<spawn npcId="23022" x="-18404" y="138813" z="-3864" heading="27620" />
		<spawn npcId="23022" x="-18484" y="148149" z="-3376" heading="36479" />
		<spawn npcId="23022" x="-20128" y="141527" z="-3840" heading="30229" />
		<spawn npcId="23022" x="-20616" y="145242" z="-3744" heading="57170" />
		<spawn npcId="23022" x="-20860" y="142538" z="-3832" heading="3059" />
		<spawn npcId="23022" x="-21210" y="143997" z="-3816" heading="36262" />
		<spawn npcId="23022" x="-21673" y="142739" z="-3856" heading="13293" />
		<spawn npcId="23022" x="-21864" y="144615" z="-3816" heading="11528" />
		<spawn npcId="23022" x="-22067" y="141983" z="-3840" heading="48320" />
		<spawn npcId="23022" x="-22531" y="142232" z="-3832" heading="19739" />
		<spawn npcId="23022" x="-22613" y="142415" z="-3840" heading="25565" />
		<spawn npcId="23022" x="-22642" y="141861" z="-3840" heading="18278" />
		<spawn npcId="23022" x="-23307" y="144107" z="-3872" heading="51171" />
		<spawn npcId="23022" x="-23711" y="141603" z="-3760" heading="34993" />
		<spawn npcId="23022" x="-24598" y="144212" z="-3744" heading="27978" />
		<!-- Летучая Мышь Руин (Ожесточенный) -->
		<spawn npcId="23023" x="-12264" y="141446" z="-3688" heading="18544" />
		<spawn npcId="23023" x="-14749" y="142308" z="-3744" heading="29056" />
		<spawn npcId="23023" x="-15266" y="144379" z="-3672" heading="13110" />
		<spawn npcId="23023" x="-15520" y="145758" z="-3688" heading="12974" />
		<spawn npcId="23023" x="-16129" y="142914" z="-3696" heading="30875" />
		<spawn npcId="23023" x="-18371" y="142820" z="-3872" heading="6970" />
		<spawn npcId="23023" x="-19271" y="145747" z="-3752" heading="55024" />
		<spawn npcId="23023" x="-19495" y="143047" z="-3832" heading="28317" />
		<spawn npcId="23023" x="-20926" y="143480" z="-3816" heading="40466" />
		<spawn npcId="23023" x="-21852" y="144539" z="-3816" heading="9237" />
		<!-- Жрец Нежити (Квестовый Монстр) -->
		<spawn npcId="27024" x="-12969" y="149140" z="-3128" heading="36347" />
		<spawn npcId="27024" x="-12996" y="148670" z="-3472" heading="0" delay="180" />
		<spawn npcId="27024" x="-13101" y="149093" z="-3118" heading="6891" delay="180" />
		<spawn npcId="27024" x="-13255" y="148211" z="-3072" heading="48021" delay="180" />
		<spawn npcId="27024" x="-13500" y="147780" z="-3472" heading="0" delay="180" />
		<spawn npcId="27024" x="-13500" y="148136" z="-3472" heading="0" delay="180" />
		<spawn npcId="27024" x="-13558" y="148938" z="-3038" heading="34505" delay="180" />
		<spawn npcId="27024" x="-13597" y="148307" z="-3027" heading="39352" delay="180" />
		<spawn npcId="27024" x="-13702" y="148136" z="-3472" heading="0" delay="180" />
		<!-- Послов (Квестовый Монстр) -->
		<spawn npcId="27452" x="-17329" y="143182" z="-3888" heading="15125" />
		<!-- Устройство Телепортации -->
		<spawn npcId="33087" x="-19120" y="136816" z="-3752" heading="0" />
		<!-- Сильван (Стражник) -->
		<spawn npcId="33178" x="-19268" y="136854" z="-3760" heading="19408" />
		<!-- Страж -->
		<spawn npcId="33429" x="-20004" y="137137" z="-3888" heading="11520" />
		<!-- Страж -->
		<spawn npcId="33430" x="-18626" y="136872" z="-3736" heading="32296" />
		<spawn npcId="33430" x="-18936" y="137004" z="-3760" heading="50420" />
		<spawn npcId="33430" x="-18951" y="136971" z="-3760" heading="13092" />
		<spawn npcId="33430" x="-18983" y="136799" z="-3760" heading="21164" />
		<spawn npcId="33430" x="-20496" y="137226" z="-3896" heading="5324" />
		<spawn npcId="33430" x="-20527" y="137336" z="-3896" heading="50968" />
		<spawn npcId="33430" x="-20548" y="137219" z="-3896" heading="11716" />
		<spawn npcId="33430" x="-20558" y="137262" z="-3896" heading="60648" />
		<spawn npcId="33430" x="-20736" y="136383" z="-3896" heading="10160" />
		<spawn npcId="33430" x="-20746" y="136445" z="-3896" heading="61052" />
		<spawn npcId="33430" x="-20763" y="136893" z="-3896" heading="8948" />
		<spawn npcId="33430" x="-20782" y="136940" z="-3896" heading="0" />
		<!-- Реф (Стражник) -->
		<spawn npcId="33510" x="-8142" y="143228" z="-3424" heading="52857" />
	</spawns>
</list>