<?xml version="1.0" encoding="utf-8"?>
<!DOCTYPE list SYSTEM "spawn.dtd">
<list>
	<spawns name="SealOfShillen">
		<!-- Воскрешенное Создание -->
		<spawn npcId="23147" x="177420" y="8592" z="-2728" heading="52976" />
		<spawn npcId="23147" x="177540" y="8360" z="-2728" heading="25114" />
		<spawn npcId="23147" x="177577" y="6040" z="-2728" heading="39637" />
		<spawn npcId="23147" x="177748" y="9973" z="-2720" heading="35871" />
		<spawn npcId="23147" x="177864" y="10715" z="-2720" heading="21480" />
		<spawn npcId="23147" x="178056" y="11830" z="-2720" heading="44975" />
		<spawn npcId="23147" x="178128" y="6839" z="-2720" heading="45007" />
		<spawn npcId="23147" x="178226" y="8191" z="-2720" heading="11826" />
		<spawn npcId="23147" x="178245" y="11400" z="-2728" heading="8064" />
		<spawn npcId="23147" x="178305" y="8327" z="-2720" heading="12093" />
		<spawn npcId="23147" x="178327" y="8354" z="-2720" heading="13252" />
		<spawn npcId="23147" x="178593" y="10600" z="-2720" heading="29344" />
		<spawn npcId="23147" x="178687" y="6340" z="-2720" heading="59394" />
		<spawn npcId="23147" x="178864" y="10390" z="-2728" heading="57401" />
		<spawn npcId="23147" x="181518" y="28317" z="-3696" heading="28702" />
		<spawn npcId="23147" x="181819" y="30860" z="-3552" heading="18601" />
		<spawn npcId="23147" x="182282" y="30476" z="-3664" heading="54440" />
		<spawn npcId="23147" x="182295" y="27007" z="-3712" heading="3577" />
		<spawn npcId="23147" x="183130" y="27186" z="-3712" heading="31201" />
		<spawn npcId="23147" x="183778" y="10728" z="-2688" heading="23349" />
		<spawn npcId="23147" x="184063" y="11135" z="-2688" heading="51581" />
		<spawn npcId="23147" x="184128" y="26869" z="-3640" heading="51075" />
		<spawn npcId="23147" x="184200" y="30573" z="-3696" heading="55622" />
		<spawn npcId="23147" x="184324" y="11974" z="-2712" heading="19574" />
		<spawn npcId="23147" x="184428" y="24961" z="-3328" heading="28498" />
		<spawn npcId="23147" x="184448" y="14871" z="-3280" heading="58634" />
		<spawn npcId="23147" x="184616" y="25583" z="-3304" heading="7392" />
		<spawn npcId="23147" x="184811" y="15231" z="-3280" heading="935" />
		<spawn npcId="23147" x="184856" y="11912" z="-2704" heading="39861" />
		<spawn npcId="23147" x="184888" y="10080" z="-2720" heading="27009" />
		<spawn npcId="23147" x="184936" y="14637" z="-3256" heading="63614" />
		<spawn npcId="23147" x="185064" y="12015" z="-2704" heading="26055" />
		<spawn npcId="23147" x="185092" y="14344" z="-3264" heading="36207" />
		<spawn npcId="23147" x="185520" y="17439" z="-3304" heading="23002" />
		<spawn npcId="23147" x="185670" y="18891" z="-3328" heading="42258" />
		<spawn npcId="23147" x="185885" y="14774" z="-3288" heading="42924" />
		<spawn npcId="23147" x="185978" y="23330" z="-3480" heading="20180" />
		<spawn npcId="23147" x="186033" y="11856" z="-2720" heading="25721" />
		<spawn npcId="23147" x="186192" y="25096" z="-3400" heading="29793" />
		<spawn npcId="23147" x="186303" y="25236" z="-3448" heading="49847" />
		<spawn npcId="23147" x="186396" y="24385" z="-3504" heading="14141" />
		<spawn npcId="23147" x="186524" y="29880" z="-3640" heading="1665" />
		<spawn npcId="23147" x="186713" y="22905" z="-3600" heading="1844" />
		<spawn npcId="23147" x="186835" y="25559" z="-3640" heading="14634" />
		<spawn npcId="23147" x="187077" y="19444" z="-3472" heading="39861" />
		<spawn npcId="23147" x="187218" y="11331" z="-2624" heading="12672" />
		<!-- Безумное Создание -->
		<spawn npcId="23148" x="177540" y="7346" z="-2728" heading="3536" />
		<spawn npcId="23148" x="177582" y="8594" z="-2728" heading="63561" />
		<spawn npcId="23148" x="177651" y="11512" z="-2728" heading="64818" />
		<spawn npcId="23148" x="177750" y="11151" z="-2720" heading="11914" />
		<spawn npcId="23148" x="177826" y="10746" z="-2720" heading="6878" />
		<spawn npcId="23148" x="177834" y="7853" z="-2728" heading="15337" />
		<spawn npcId="23148" x="177907" y="7897" z="-2728" heading="19046" />
		<spawn npcId="23148" x="177960" y="12335" z="-2728" heading="37243" />
		<spawn npcId="23148" x="177973" y="7318" z="-2720" heading="22086" />
		<spawn npcId="23148" x="178110" y="7542" z="-2720" heading="20088" />
		<spawn npcId="23148" x="178226" y="7346" z="-2720" heading="21546" />
		<spawn npcId="23148" x="178287" y="11183" z="-2720" heading="24848" />
		<spawn npcId="23148" x="178465" y="8697" z="-2728" heading="10900" />
		<spawn npcId="23148" x="178634" y="12044" z="-2720" heading="21870" />
		<spawn npcId="23148" x="178747" y="29165" z="-3712" heading="24319" />
		<spawn npcId="23148" x="178814" y="8191" z="-2728" heading="41649" />
		<spawn npcId="23148" x="179206" y="7515" z="-2728" heading="20804" />
		<spawn npcId="23148" x="182531" y="27768" z="-3688" heading="10606" />
		<spawn npcId="23148" x="182586" y="26858" z="-3688" heading="5093" />
		<spawn npcId="23148" x="183411" y="28442" z="-3664" heading="62020" />
		<spawn npcId="23148" x="183611" y="12273" z="-2712" heading="58547" />
		<spawn npcId="23148" x="184382" y="24128" z="-3328" heading="38822" />
		<spawn npcId="23148" x="184413" y="14562" z="-3272" heading="40718" />
		<spawn npcId="23148" x="184609" y="25875" z="-3320" heading="35100" />
		<spawn npcId="23148" x="184848" y="13081" z="-2720" heading="51140" />
		<spawn npcId="23148" x="184848" y="9931" z="-2720" heading="28343" />
		<spawn npcId="23148" x="185083" y="16487" z="-3296" heading="10920" />
		<spawn npcId="23148" x="185368" y="14949" z="-3264" heading="60597" />
		<spawn npcId="23148" x="185397" y="21758" z="-3328" heading="22602" />
		<spawn npcId="23148" x="185433" y="12144" z="-2712" heading="14518" />
		<spawn npcId="23148" x="185558" y="16685" z="-3288" heading="65302" />
		<spawn npcId="23148" x="185670" y="26573" z="-3632" heading="36538" />
		<spawn npcId="23148" x="185794" y="22095" z="-3312" heading="46598" />
		<spawn npcId="23148" x="185858" y="14262" z="-3312" heading="53315" />
		<spawn npcId="23148" x="185867" y="17618" z="-3304" heading="48228" />
		<spawn npcId="23148" x="185904" y="11174" z="-2720" heading="34623" />
		<spawn npcId="23148" x="186064" y="30432" z="-3568" heading="58716" />
		<spawn npcId="23148" x="186261" y="25524" z="-3472" heading="45791" />
		<spawn npcId="23148" x="186305" y="22707" z="-3528" heading="3511" />
		<spawn npcId="23148" x="186355" y="17509" z="-3352" heading="61238" />
		<spawn npcId="23148" x="186463" y="15119" z="-3296" heading="62291" />
		<spawn npcId="23148" x="186630" y="30237" z="-3624" heading="11720" />
		<spawn npcId="23148" x="186635" y="18638" z="-3488" heading="39897" />
		<spawn npcId="23148" x="186673" y="13013" z="-2680" heading="61627" />
		<spawn npcId="23148" x="186874" y="24824" z="-3552" heading="11026" />
		<spawn npcId="23148" x="186922" y="12688" z="-2672" heading="39335" />
		<spawn npcId="23148" x="187120" y="26668" z="-3712" heading="48151" />
		<spawn npcId="23148" x="187455" y="11856" z="-2648" heading="39814" />
		<spawn npcId="23148" x="187469" y="26460" z="-3688" heading="5938" />
		<!-- Жадное Создание -->
		<spawn npcId="23149" x="177486" y="8304" z="-2728" heading="4414" />
		<spawn npcId="23149" x="177612" y="12657" z="-2728" heading="31195" />
		<spawn npcId="23149" x="177911" y="11200" z="-2720" heading="9812" />
		<spawn npcId="23149" x="177932" y="8529" z="-2720" heading="11246" />
		<spawn npcId="23149" x="177970" y="8193" z="-2720" heading="26143" />
		<spawn npcId="23149" x="178030" y="8529" z="-2720" heading="48145" />
		<spawn npcId="23149" x="178128" y="5994" z="-2720" heading="30928" />
		<spawn npcId="23149" x="178190" y="8673" z="-2720" heading="9812" />
		<spawn npcId="23149" x="178199" y="11882" z="-2720" heading="9069" />
		<spawn npcId="23149" x="178324" y="7008" z="-2728" heading="0" />
		<spawn npcId="23149" x="178390" y="11412" z="-2728" heading="10399" />
		<spawn npcId="23149" x="178439" y="8862" z="-2728" heading="57614" />
		<spawn npcId="23149" x="178457" y="8749" z="-2728" heading="2103" />
		<spawn npcId="23149" x="178912" y="8022" z="-2728" heading="34976" />
		<spawn npcId="23149" x="178968" y="10313" z="-2728" heading="49144" />
		<spawn npcId="23149" x="182306" y="30316" z="-3680" heading="30337" />
		<spawn npcId="23149" x="182536" y="30844" z="-3384" heading="38065" />
		<spawn npcId="23149" x="182900" y="30764" z="-3336" heading="16383" />
		<spawn npcId="23149" x="183510" y="12694" z="-2704" heading="11094" />
		<spawn npcId="23149" x="183574" y="12778" z="-2704" heading="845" />
		<spawn npcId="23149" x="183790" y="12940" z="-2712" heading="61959" />
		<spawn npcId="23149" x="184020" y="30575" z="-3688" heading="3190" />
		<spawn npcId="23149" x="184376" y="25044" z="-3328" heading="13017" />
		<spawn npcId="23149" x="184401" y="15073" z="-3296" heading="1405" />
		<spawn npcId="23149" x="184416" y="28728" z="-3776" heading="22516" />
		<spawn npcId="23149" x="184501" y="17793" z="-3328" heading="37758" />
		<spawn npcId="23149" x="184520" y="28205" z="-3744" heading="9137" />
		<spawn npcId="23149" x="184578" y="11342" z="-2712" heading="61532" />
		<spawn npcId="23149" x="184622" y="10399" z="-2704" heading="63790" />
		<spawn npcId="23149" x="184642" y="12624" z="-2688" heading="15853" />
		<spawn npcId="23149" x="184826" y="25587" z="-3296" heading="31470" />
		<spawn npcId="23149" x="184989" y="30738" z="-3624" heading="6743" />
		<spawn npcId="23149" x="185152" y="30039" z="-3688" heading="63555" />
		<spawn npcId="23149" x="185366" y="18234" z="-3312" heading="17615" />
		<spawn npcId="23149" x="185377" y="14282" z="-3296" heading="6181" />
		<spawn npcId="23149" x="185380" y="19036" z="-3312" heading="34980" />
		<spawn npcId="23149" x="185549" y="12919" z="-2720" heading="22839" />
		<spawn npcId="23149" x="185709" y="18344" z="-3320" heading="62471" />
		<spawn npcId="23149" x="185731" y="21805" z="-3312" heading="7582" />
		<spawn npcId="23149" x="185823" y="23021" z="-3384" heading="7201" />
		<spawn npcId="23149" x="185943" y="23379" z="-3464" heading="46412" />
		<spawn npcId="23149" x="186025" y="23660" z="-3496" heading="37219" />
		<spawn npcId="23149" x="186129" y="23858" z="-3544" heading="2425" />
		<spawn npcId="23149" x="186269" y="18908" z="-3352" heading="61348" />
		<spawn npcId="23149" x="186430" y="15395" z="-3344" heading="2683" />
		<spawn npcId="23149" x="186696" y="24286" z="-3544" heading="13112" />
		<spawn npcId="23149" x="186996" y="11859" z="-2672" heading="2226" />
		<!-- Создание Ада -->
		<spawn npcId="23150" x="179808" y="8450" z="-2728" heading="12895" />
		<spawn npcId="23150" x="180158" y="8084" z="-2728" heading="34831" />
		<spawn npcId="23150" x="180464" y="8072" z="-2728" heading="35258" />
		<spawn npcId="23150" x="180664" y="6499" z="-2728" heading="42514" />
		<spawn npcId="23150" x="180867" y="6793" z="-2720" heading="14849" />
		<spawn npcId="23150" x="181165" y="8963" z="-2720" heading="61855" />
		<spawn npcId="23150" x="181458" y="7493" z="-2720" heading="56853" />
		<spawn npcId="23150" x="182301" y="6873" z="-2720" heading="13913" />
		<spawn npcId="23150" x="185044" y="7159" z="-2728" heading="53663" />
		<spawn npcId="23150" x="185058" y="7216" z="-2720" heading="65015" />
		<spawn npcId="23150" x="185072" y="6071" z="-2728" heading="56755" />
		<spawn npcId="23150" x="185258" y="6060" z="-2720" heading="60888" />
		<spawn npcId="23150" x="187363" y="22646" z="-3624" heading="15912" />
		<spawn npcId="23150" x="187447" y="8234" z="-2712" heading="23095" />
		<spawn npcId="23150" x="187625" y="17915" z="-3552" heading="44793" />
		<spawn npcId="23150" x="187755" y="9457" z="-2688" heading="59534" />
		<spawn npcId="23150" x="188011" y="9746" z="-2664" heading="36680" />
		<spawn npcId="23150" x="188141" y="23395" z="-3680" heading="31831" />
		<spawn npcId="23150" x="188240" y="9630" z="-2680" heading="3090" />
		<spawn npcId="23150" x="188391" y="23563" z="-3696" heading="24674" />
		<spawn npcId="23150" x="188412" y="21688" z="-3680" heading="42212" />
		<spawn npcId="23150" x="188437" y="21666" z="-3688" heading="5566" />
		<spawn npcId="23150" x="188562" y="8786" z="-2728" heading="20915" />
		<spawn npcId="23150" x="188610" y="22069" z="-3688" heading="53147" />
		<spawn npcId="23150" x="188628" y="23745" z="-3704" heading="21375" />
		<spawn npcId="23150" x="188677" y="10846" z="-2648" heading="23324" />
		<spawn npcId="23150" x="188858" y="17544" z="-3752" heading="0" />
		<spawn npcId="23150" x="189017" y="16132" z="-3736" heading="41255" />
		<spawn npcId="23150" x="189168" y="24119" z="-3664" heading="57308" />
		<spawn npcId="23150" x="189197" y="17355" z="-3760" heading="24759" />
		<spawn npcId="23150" x="189293" y="16295" z="-3752" heading="22011" />
		<spawn npcId="23150" x="189395" y="23029" z="-3720" heading="25166" />
		<spawn npcId="23150" x="189609" y="18045" z="-3736" heading="34073" />
		<spawn npcId="23150" x="189887" y="23280" z="-3720" heading="9608" />
		<spawn npcId="23150" x="189893" y="17440" z="-3744" heading="43667" />
		<spawn npcId="23150" x="190125" y="16821" z="-3720" heading="33705" />
		<spawn npcId="23150" x="190209" y="19019" z="-3720" heading="61174" />
		<spawn npcId="23150" x="190472" y="18369" z="-3720" heading="61167" />
		<spawn npcId="23150" x="190605" y="22793" z="-3720" heading="63475" />
		<spawn npcId="23150" x="190727" y="19595" z="-3720" heading="24969" />
		<spawn npcId="23150" x="190992" y="23452" z="-3664" heading="4991" />
		<spawn npcId="23150" x="191276" y="23095" z="-3664" heading="48736" />
		<spawn npcId="23150" x="191546" y="23535" z="-3664" heading="6656" />
		<spawn npcId="23150" x="191589" y="23092" z="-3664" heading="22373" />
		<spawn npcId="23150" x="192013" y="18119" z="-3664" heading="25909" />
		<spawn npcId="23150" x="192149" y="17992" z="-3664" heading="35173" />
		<spawn npcId="23150" x="192503" y="21048" z="-3664" heading="29972" />
		<spawn npcId="23150" x="192512" y="23465" z="-3664" heading="12133" />
		<spawn npcId="23150" x="192515" y="20833" z="-3664" heading="10279" />
		<spawn npcId="23150" x="192541" y="23440" z="-3664" heading="12064" />
		<spawn npcId="23150" x="192583" y="20744" z="-3664" heading="24216" />
		<spawn npcId="23150" x="192589" y="19622" z="-3664" heading="8043" />
		<spawn npcId="23150" x="192849" y="20511" z="-3664" heading="51038" />
		<!-- Посланник Шилен -->
		<spawn npcId="23151" x="181106" y="8761" z="-2720" heading="28266" />
		<spawn npcId="23151" x="181277" y="8890" z="-2720" heading="58663" />
		<spawn npcId="23151" x="181388" y="7002" z="-2728" heading="43157" />
		<spawn npcId="23151" x="181403" y="8644" z="-2720" heading="15385" />
		<spawn npcId="23151" x="183250" y="6097" z="-2720" heading="57082" />
		<spawn npcId="23151" x="185408" y="7636" z="-2736" heading="54506" />
		<spawn npcId="23151" x="187850" y="23152" z="-3632" heading="37642" />
		<spawn npcId="23151" x="187943" y="17476" z="-3584" heading="29672" />
		<spawn npcId="23151" x="188108" y="22969" z="-3664" heading="43654" />
		<spawn npcId="23151" x="188333" y="25339" z="-3664" heading="40437" />
		<spawn npcId="23151" x="188436" y="24662" z="-3664" heading="7310" />
		<spawn npcId="23151" x="188496" y="17259" z="-3752" heading="63608" />
		<spawn npcId="23151" x="188540" y="9081" z="-2728" heading="12021" />
		<spawn npcId="23151" x="188615" y="23543" z="-3696" heading="5422" />
		<spawn npcId="23151" x="188851" y="17654" z="-3752" heading="60199" />
		<spawn npcId="23151" x="189473" y="17141" z="-3768" heading="49799" />
		<spawn npcId="23151" x="189711" y="18095" z="-3736" heading="50020" />
		<spawn npcId="23151" x="190323" y="22623" z="-3720" heading="44316" />
		<spawn npcId="23151" x="190571" y="23035" z="-3720" heading="61256" />
		<spawn npcId="23151" x="190587" y="19681" z="-3720" heading="50205" />
		<spawn npcId="23151" x="191385" y="23410" z="-3664" heading="61591" />
		<spawn npcId="23151" x="192042" y="23326" z="-3664" heading="48780" />
		<spawn npcId="23151" x="192316" y="17986" z="-3664" heading="22198" />
		<spawn npcId="23151" x="192463" y="18398" z="-3664" heading="50457" />
		<spawn npcId="23151" x="192587" y="23372" z="-3664" heading="5422" />
		<spawn npcId="23151" x="192892" y="21407" z="-3664" heading="4835" />
		<spawn npcId="23151" x="192919" y="20453" z="-3664" heading="0" />
		<spawn npcId="23151" x="192951" y="21283" z="-3664" heading="583" />
		<!-- Слуга Гермункуса -->
		<spawn npcId="33567" x="187542" y="20693" z="-3608" heading="43672" />
		<!-- Каменный Портал -->
		<spawn npcId="33405" x="193353" y="22608" z="-3616" heading="36900" />
	</spawns>
</list>