<?xml version="1.0" encoding="utf-8"?>
<!DOCTYPE list SYSTEM "spawn.dtd">
<list>
	<spawns name="SeedOfIndustrialisation">
		<!-- 1й уровень -->
		<!-- Менеджеры, квесты, описание... -->
		<spawn npcId="33674" x="-147921" y="152762" z="-14048" heading="0" /><!-- Помощник Телепортации (Соратник Сидзураку) -->
		<spawn npcId="33676" x="-147860" y="152841" z="-14056" heading="4096" /><!-- Помощник Коммуникации (Соратник Сидзураку) -->
		<spawn npcId="33669" x="-147836" y="152589" z="-14048" heading="8192" /><!-- Сидзураку -->
		<!-- Мобы -->
		<spawn npcId="32517" x="-185775" y="246408" z="1280" heading="35999" /><!-- Контроллер Корабля -->
		<spawn npcId="23225" x="-148976" y="151730" z="-12216" heading="19702" /><!-- Берсерк Кунда -->
		<spawn npcId="23224" x="-149198" y="151491" z="-12216" heading="32299" /><!-- Хранитель Кунда -->
		<spawn npcId="23224" x="-148392" y="151373" z="-12216" heading="15858" /><!-- Хранитель Кунда -->
		<spawn npcId="23219" x="-148038" y="151320" z="-12216" heading="32946" /><!-- Инженер Софа -->
		<spawn npcId="23219" x="-148838" y="151053" z="-12216" heading="5029" /><!-- Инженер Софа -->
		<spawn npcId="23219" x="-148921" y="151144" z="-12216" heading="21535" /><!-- Инженер Софа -->
		<spawn npcId="23219" x="-148590" y="151336" z="-12216" heading="30742" /><!-- Инженер Софа -->
		<spawn npcId="23219" x="-149199" y="150461" z="-12216" heading="64612" /><!-- Инженер Софа -->
		<spawn npcId="19280" x="-147664" y="150898" z="-12216" heading="0" /><!-- Литьевая Машина для Оружия -->
		<spawn npcId="19259" x="-148944" y="150898" z="-12216" heading="0" /><!-- Плавильная Печь -->
		<spawn npcId="19279" x="-148304" y="150898" z="-12216" heading="0" /><!-- Холодильник -->
		<spawn npcId="23233" x="-147497" y="150782" z="-12216" heading="6711" /><!-- Инженер Софа -->
		<spawn npcId="23233" x="-148562" y="151508" z="-12216" heading="38227" /><!-- Инженер Софа -->
		<spawn npcId="23233" x="-149166" y="150746" z="-12216" heading="4829" /><!-- Инженер Софа -->
		<spawn npcId="23214" x="-148385" y="151104" z="-14056" heading="17250" /><!-- Попрошайка Софа -->
		<spawn npcId="23213" x="-147900" y="151376" z="-14056" heading="8608" /><!-- Попрошайка Софа -->
		<spawn npcId="23213" x="-148218" y="151129" z="-14056" heading="9927" /><!-- Попрошайка Софа -->
		<spawn npcId="23214" x="-147599" y="151433" z="-14056" heading="56002" /><!-- Попрошайка Софа -->
		<spawn npcId="23213" x="-147563" y="151136" z="-14056" heading="15216" /><!-- Попрошайка Софа -->
		<spawn npcId="23214" x="-147850" y="151409" z="-14056" heading="26125" /><!-- Попрошайка Софа -->
		<spawn npcId="23214" x="-148307" y="151170" z="-14056" heading="22581" /><!-- Попрошайка Софа -->
		<spawn npcId="23213" x="-147987" y="151468" z="-14056" heading="9914" /><!-- Попрошайка Софа -->
		<spawn npcId="23213" x="-147578" y="151072" z="-14056" heading="51499" /><!-- Попрошайка Софа -->
		<spawn npcId="23214" x="-148372" y="151030" z="-14056" heading="40961" /><!-- Попрошайка Софа -->
		<spawn npcId="23233" x="-148168" y="151311" z="-12216" heading="27670" /><!-- Инженер Софа -->
		<spawn npcId="23233" x="-148199" y="150660" z="-12216" heading="780" /><!-- Инженер Софа -->
		<spawn npcId="23233" x="-148766" y="150581" z="-12216" heading="27410" /><!-- Инженер Софа -->
		<spawn npcId="23233" x="-148730" y="150620" z="-12216" heading="12844" /><!-- Инженер Софа -->
		<spawn npcId="23220" x="-148498" y="150272" z="-11976" heading="32765" /><!-- Смотритель Кунда -->
		<spawn npcId="23225" x="-147512" y="151986" z="-12216" heading="57762" /><!-- Берсерк Кунда -->
		<spawn npcId="23219" x="-149201" y="151887" z="-12216" heading="41574" /><!-- Инженер Софа -->
		<spawn npcId="23219" x="-149350" y="152154" z="-12216" heading="35767" /><!-- Инженер Софа -->
		<spawn npcId="23219" x="-148749" y="151874" z="-12216" heading="26950" /><!-- Инженер Софа -->
		<spawn npcId="23219" x="-148418" y="152049" z="-12216" heading="11026" /><!-- Инженер Софа -->
		<spawn npcId="19280" x="-147664" y="151765" z="-12216" heading="32768" /><!-- Литьевая Машина для Оружия -->
		<spawn npcId="19279" x="-148304" y="151765" z="-12216" heading="32768" /><!-- Холодильник -->
		<spawn npcId="19259" x="-148944" y="151765" z="-12216" heading="32768" /><!-- Плавильная Печь -->
		<spawn npcId="23233" x="-147658" y="151756" z="-12216" heading="23449" /><!-- Инженер Софа -->
		<spawn npcId="23233" x="-148222" y="152103" z="-12216" heading="31902" /><!-- Инженер Софа -->
		<spawn npcId="23233" x="-148545" y="151393" z="-12216" heading="23339" /><!-- Инженер Софа -->
		<spawn npcId="23233" x="-148700" y="152187" z="-12216" heading="20591" /><!-- Инженер Софа -->
		<spawn npcId="23213" x="-147685" y="152010" z="-14056" heading="46513" /><!-- Попрошайка Софа -->
		<spawn npcId="23213" x="-147740" y="152091" z="-14056" heading="2262" /><!-- Попрошайка Софа -->
		<spawn npcId="23213" x="-147644" y="152330" z="-14056" heading="2092" /><!-- Попрошайка Софа -->
		<spawn npcId="23213" x="-147734" y="152070" z="-14056" heading="25880" /><!-- Попрошайка Софа -->
		<spawn npcId="23213" x="-147795" y="152020" z="-14056" heading="13913" /><!-- Попрошайка Софа -->
		<spawn npcId="23213" x="-147741" y="152157" z="-14056" heading="46975" /><!-- Попрошайка Софа -->
		<spawn npcId="23233" x="-147669" y="151637" z="-12216" heading="42270" /><!-- Инженер Софа -->
		<spawn npcId="23213" x="-147729" y="151910" z="-14056" heading="44394" /><!-- Попрошайка Софа -->
		<spawn npcId="23213" x="-147765" y="152009" z="-14056" heading="53603" /><!-- Попрошайка Софа -->
		<spawn npcId="23213" x="-147791" y="151930" z="-14056" heading="30777" /><!-- Попрошайка Софа -->
		<spawn npcId="23213" x="-147660" y="152149" z="-14056" heading="1651" /><!-- Попрошайка Софа -->
		<spawn npcId="23233" x="-149358" y="151979" z="-12216" heading="32237" /><!-- Инженер Софа -->
		<spawn npcId="23233" x="-148475" y="151597" z="-12216" heading="30297" /><!-- Инженер Софа -->
		<spawn npcId="23233" x="-147874" y="151929" z="-12216" heading="63274" /><!-- Инженер Софа -->
		<spawn npcId="23233" x="-148064" y="151942" z="-12216" heading="38805" /><!-- Инженер Софа -->
		<spawn npcId="23233" x="-148455" y="151861" z="-12216" heading="42278" /><!-- Инженер Софа -->
		<spawn npcId="23233" x="-149321" y="152014" z="-12216" heading="38614" /><!-- Инженер Софа -->
		<spawn npcId="23220" x="-148564" y="152300" z="-12216" heading="0" /><!-- Смотритель Кунда -->
		<spawn npcId="23235" x="-147546" y="150560" z="-12216" heading="62729" /><!-- Кунда -->
		<spawn npcId="23235" x="-146880" y="151079" z="-12216" heading="38902" /><!-- Кунда -->
		<spawn npcId="23226" x="-145602" y="151275" z="-12216" heading="8804" /><!-- Палач Кунда -->
		<spawn npcId="23219" x="-145954" y="151140" z="-12216" heading="28636" /><!-- Инженер Софа -->
		<spawn npcId="23219" x="-146564" y="151194" z="-12216" heading="22321" /><!-- Инженер Софа -->
		<spawn npcId="23219" x="-145628" y="151230" z="-12216" heading="36347" /><!-- Инженер Софа -->
		<spawn npcId="23219" x="-146595" y="150551" z="-12216" heading="48372" /><!-- Инженер Софа -->
		<spawn npcId="23219" x="-146665" y="151392" z="-12216" heading="30812" /><!-- Инженер Софа -->
		<spawn npcId="23219" x="-145448" y="150806" z="-12216" heading="48892" /><!-- Инженер Софа -->
		<spawn npcId="19279" x="-146384" y="150898" z="-12216" heading="0" /><!-- Холодильник -->
		<spawn npcId="19259" x="-145744" y="150898" z="-12216" heading="0" /><!-- Плавильная Печь -->
		<spawn npcId="19281" x="-147024" y="150898" z="-12216" heading="0" /><!-- Литьевая Машина для Доспехов -->
		<spawn npcId="23233" x="-147026" y="151284" z="-12216" heading="54568" /><!-- Инженер Софа -->
		<spawn npcId="23233" x="-145912" y="151068" z="-12216" heading="62563" /><!-- Инженер Софа -->
		<spawn npcId="23233" x="-145855" y="151397" z="-12216" heading="8437" /><!-- Инженер Софа -->
		<spawn npcId="23233" x="-145520" y="151658" z="-12216" heading="5222" /><!-- Инженер Софа -->
		<spawn npcId="23233" x="-146710" y="150451" z="-12216" heading="49500" /><!-- Инженер Софа -->
		<spawn npcId="23233" x="-146621" y="150742" z="-12216" heading="50364" /><!-- Инженер Софа -->
		<spawn npcId="23233" x="-145356" y="151239" z="-12216" heading="38386" /><!-- Инженер Софа -->
		<spawn npcId="23233" x="-146021" y="150612" z="-12216" heading="60701" /><!-- Инженер Софа -->
		<spawn npcId="23233" x="-145965" y="151093" z="-12216" heading="60701" /><!-- Инженер Софа -->
		<spawn npcId="23233" x="-146620" y="150619" z="-12216" heading="51596" /><!-- Инженер Софа -->
		<spawn npcId="23213" x="-146888" y="151279" z="-14056" heading="22710" /><!-- Попрошайка Софа -->
		<spawn npcId="23233" x="-147286" y="150607" z="-12216" heading="40838" /><!-- Инженер Софа -->
		<spawn npcId="23214" x="-146284" y="151110" z="-14056" heading="56208" /><!-- Попрошайка Софа -->
		<spawn npcId="23233" x="-146382" y="150763" z="-12216" heading="8253" /><!-- Инженер Софа -->
		<spawn npcId="23233" x="-146388" y="150451" z="-12216" heading="10299" /><!-- Инженер Софа -->
		<spawn npcId="23233" x="-145296" y="150738" z="-12216" heading="22983" /><!-- Инженер Софа -->
		<spawn npcId="23233" x="-146316" y="150670" z="-12216" heading="26569" /><!-- Инженер Софа -->
		<spawn npcId="23213" x="-146745" y="151164" z="-14056" heading="53376" /><!-- Попрошайка Софа -->
		<spawn npcId="23214" x="-146803" y="151380" z="-14056" heading="29355" /><!-- Попрошайка Софа -->
		<spawn npcId="23213" x="-146555" y="151370" z="-14056" heading="7823" /><!-- Попрошайка Софа -->
		<spawn npcId="23213" x="-146263" y="151095" z="-14056" heading="63715" /><!-- Попрошайка Софа -->
		<spawn npcId="23213" x="-146956" y="151392" z="-14056" heading="23148" /><!-- Попрошайка Софа -->
		<spawn npcId="23214" x="-146322" y="151248" z="-14056" heading="17258" /><!-- Попрошайка Софа -->
		<spawn npcId="23214" x="-146669" y="151215" z="-14056" heading="8746" /><!-- Попрошайка Софа -->
		<spawn npcId="23233" x="-147057" y="151455" z="-12216" heading="56856" /><!-- Инженер Софа -->
		<spawn npcId="23233" x="-145420" y="151111" z="-12216" heading="26298" /><!-- Инженер Софа -->
		<spawn npcId="23233" x="-146569" y="151482" z="-12216" heading="14978" /><!-- Инженер Софа -->
		<spawn npcId="23233" x="-145439" y="150507" z="-12216" heading="19195" /><!-- Инженер Софа -->
		<spawn npcId="23233" x="-146770" y="150901" z="-12216" heading="37061" /><!-- Инженер Софа -->
		<spawn npcId="23233" x="-146508" y="150556" z="-12216" heading="48458" /><!-- Инженер Софа -->
		<spawn npcId="23233" x="-145582" y="150393" z="-12216" heading="44083" /><!-- Инженер Софа -->
		<spawn npcId="23233" x="-147066" y="150598" z="-12216" heading="2092" /><!-- Инженер Софа -->
		<spawn npcId="23233" x="-147034" y="150785" z="-12216" heading="5263" /><!-- Инженер Софа -->
		<spawn npcId="23233" x="-147327" y="150581" z="-12216" heading="36592" /><!-- Инженер Софа -->
		<spawn npcId="23233" x="-145748" y="151519" z="-12216" heading="42349" /><!-- Инженер Софа -->
		<spawn npcId="23233" x="-146868" y="150426" z="-12216" heading="32783" /><!-- Инженер Софа -->
		<spawn npcId="23233" x="-145480" y="150720" z="-12216" heading="13576" /><!-- Инженер Софа -->
		<spawn npcId="23214" x="-146623" y="151319" z="-14056" heading="61472" /><!-- Попрошайка Софа -->
		<spawn npcId="23233" x="-145798" y="150770" z="-12216" heading="20514" /><!-- Инженер Софа -->
		<spawn npcId="23233" x="-146942" y="151037" z="-12216" heading="39603" /><!-- Инженер Софа -->
		<spawn npcId="23233" x="-147020" y="151021" z="-12216" heading="35792" /><!-- Инженер Софа -->
		<spawn npcId="23233" x="-145502" y="150818" z="-12216" heading="23280" /><!-- Инженер Софа -->
		<spawn npcId="23233" x="-146057" y="150714" z="-12216" heading="54710" /><!-- Инженер Софа -->
		<spawn npcId="23233" x="-145742" y="151103" z="-12216" heading="5457" /><!-- Инженер Софа -->
		<spawn npcId="23233" x="-146500" y="150508" z="-12216" heading="46071" /><!-- Инженер Софа -->
		<spawn npcId="23233" x="-146316" y="151274" z="-12216" heading="32886" /><!-- Инженер Софа -->
		<spawn npcId="23233" x="-145333" y="150579" z="-12216" heading="6955" /><!-- Инженер Софа -->
		<spawn npcId="23233" x="-146914" y="151606" z="-12216" heading="5457" /><!-- Инженер Софа -->
		<spawn npcId="23233" x="-147674" y="150553" z="-12216" heading="25071" /><!-- Инженер Софа -->
		<spawn npcId="23233" x="-145302" y="150474" z="-12216" heading="42241" /><!-- Инженер Софа -->
		<spawn npcId="23220" x="-146182" y="150276" z="-11976" heading="33129" /><!-- Смотритель Кунда -->
		<spawn npcId="23233" x="-146413" y="151859" z="-12216" heading="19382" /><!-- Инженер Софа -->
		<spawn npcId="23226" x="-145970" y="151997" z="-12216" heading="29301" /><!-- Палач Кунда -->
		<spawn npcId="23235" x="-145886" y="151749" z="-12216" heading="0" /><!-- Кунда -->
		<spawn npcId="23219" x="-146647" y="152096" z="-12216" heading="37084" /><!-- Инженер Софа -->
		<spawn npcId="23219" x="-146786" y="152101" z="-12216" heading="16913" /><!-- Инженер Софа -->
		<spawn npcId="23219" x="-145391" y="152146" z="-12216" heading="61166" /><!-- Инженер Софа -->
		<spawn npcId="23219" x="-146980" y="152104" z="-12216" heading="61662" /><!-- Инженер Софа -->
		<spawn npcId="23219" x="-146959" y="152066" z="-12216" heading="64842" /><!-- Инженер Софа -->
		<spawn npcId="19259" x="-145744" y="151765" z="-12216" heading="32768" /><!-- Плавильная Печь -->
		<spawn npcId="19279" x="-146384" y="151765" z="-12216" heading="32768" /><!-- Холодильник -->
		<spawn npcId="19281" x="-147024" y="151765" z="-12216" heading="32768" /><!-- Литьевая Машина для Доспехов -->
		<spawn npcId="23233" x="-145547" y="151926" z="-12216" heading="51484" /><!-- Инженер Софа -->
		<spawn npcId="23233" x="-145687" y="151739" z="-12216" heading="50192" /><!-- Инженер Софа -->
		<spawn npcId="23233" x="-146876" y="151410" z="-12216" heading="29189" /><!-- Инженер Софа -->
		<spawn npcId="23233" x="-146417" y="152235" z="-12216" heading="569" /><!-- Инженер Софа -->
		<spawn npcId="23233" x="-146314" y="152238" z="-12216" heading="24952" /><!-- Инженер Софа -->
		<spawn npcId="23233" x="-146770" y="151909" z="-12216" heading="57345" /><!-- Инженер Софа -->
		<spawn npcId="23233" x="-146058" y="152000" z="-12216" heading="62181" /><!-- Инженер Софа -->
		<spawn npcId="23233" x="-146333" y="151634" z="-12216" heading="1211" /><!-- Инженер Софа -->
		<spawn npcId="23214" x="-146882" y="151713" z="-14056" heading="37449" /><!-- Попрошайка Софа -->
		<spawn npcId="23233" x="-147418" y="151637" z="-12216" heading="17171" /><!-- Инженер Софа -->
		<spawn npcId="23233" x="-146486" y="151487" z="-12216" heading="17440" /><!-- Инженер Софа -->
		<spawn npcId="23233" x="-146069" y="152135" z="-12216" heading="56531" /><!-- Инженер Софа -->
		<spawn npcId="23214" x="-146266" y="152025" z="-14056" heading="51687" /><!-- Попрошайка Софа -->
		<spawn npcId="23214" x="-146310" y="152055" z="-14056" heading="41084" /><!-- Попрошайка Софа -->
		<spawn npcId="23214" x="-146339" y="151775" z="-14056" heading="12745" /><!-- Попрошайка Софа -->
		<spawn npcId="23214" x="-146417" y="152020" z="-14056" heading="13193" /><!-- Попрошайка Софа -->
		<spawn npcId="23214" x="-146382" y="152000" z="-14056" heading="30297" /><!-- Попрошайка Софа -->
		<spawn npcId="23214" x="-146538" y="151766" z="-14056" heading="57102" /><!-- Попрошайка Софа -->
		<spawn npcId="23233" x="-145679" y="151693" z="-12216" heading="21298" /><!-- Инженер Софа -->
		<spawn npcId="23233" x="-145538" y="151766" z="-12216" heading="57019" /><!-- Инженер Софа -->
		<spawn npcId="23214" x="-146327" y="151893" z="-14056" heading="59563" /><!-- Попрошайка Софа -->
		<spawn npcId="23214" x="-146426" y="151976" z="-14056" heading="10492" /><!-- Попрошайка Софа -->
		<spawn npcId="23214" x="-146707" y="151905" z="-14056" heading="39168" /><!-- Попрошайка Софа -->
		<spawn npcId="23233" x="-146601" y="151728" z="-12216" heading="50719" /><!-- Инженер Софа -->
		<spawn npcId="23233" x="-146447" y="151691" z="-12216" heading="12059" /><!-- Инженер Софа -->
		<spawn npcId="23233" x="-145680" y="151750" z="-12216" heading="47297" /><!-- Инженер Софа -->
		<spawn npcId="23233" x="-146497" y="151705" z="-12216" heading="14626" /><!-- Инженер Софа -->
		<spawn npcId="23233" x="-146723" y="151767" z="-12216" heading="39168" /><!-- Инженер Софа -->
		<spawn npcId="23233" x="-146207" y="151545" z="-12216" heading="37866" /><!-- Инженер Софа -->
		<spawn npcId="23233" x="-146401" y="152190" z="-12216" heading="17615" /><!-- Инженер Софа -->
		<spawn npcId="23220" x="-146322" y="152301" z="-12216" heading="0" /><!-- Смотритель Кунда -->
		<spawn npcId="33681" x="-146660" y="152796" z="-14048" heading="24576" /><!-- Фергюсон -->
		<spawn npcId="33677" x="-146986" y="152841" z="-14056" heading="49152" /><!-- Слуга Аку -->
		<spawn npcId="23218" x="-144563" y="150079" z="-13880" heading="53603" /><!-- Дитя Софа -->
		<spawn npcId="23217" x="-144744" y="150071" z="-13880" heading="35126" /><!-- Дитя Софа -->
		<spawn npcId="23218" x="-144459" y="150011" z="-13880" heading="2311" /><!-- Дитя Софа -->
		<spawn npcId="23217" x="-144594" y="149871" z="-13880" heading="31044" /><!-- Дитя Софа -->
		<spawn npcId="23216" x="-144669" y="150122" z="-13880" heading="0" /><!-- Софа -->
		<spawn npcId="23217" x="-143829" y="150015" z="-13880" heading="58122" /><!-- Дитя Софа -->
		<spawn npcId="23218" x="-143547" y="150030" z="-13880" heading="6132" /><!-- Дитя Софа -->
		<spawn npcId="23218" x="-143699" y="150061" z="-13880" heading="46708" /><!-- Дитя Софа -->
		<spawn npcId="23218" x="-143767" y="149893" z="-13880" heading="61572" /><!-- Дитя Софа -->
		<spawn npcId="23217" x="-143698" y="149880" z="-13880" heading="3563" /><!-- Дитя Софа -->
		<spawn npcId="23217" x="-143321" y="149871" z="-13880" heading="867" /><!-- Дитя Софа -->
		<spawn npcId="23216" x="-143610" y="149939" z="-13880" heading="8929" /><!-- Софа -->
		<spawn npcId="23215" x="-144609" y="150011" z="-13880" heading="38902" /><!-- Софа -->
		<spawn npcId="33676" x="-144336" y="151385" z="-12216" heading="46816" /><!-- Помощник Коммуникации (Соратник Сидзураку) -->
		<spawn npcId="23215" x="-143642" y="149983" z="-13880" heading="25524" /><!-- Софа -->
		<spawn npcId="33674" x="-144411" y="151433" z="-12216" heading="42656" /><!-- Помощник Телепортации (Соратник Сидзураку) -->
		<spawn npcId="33676" x="-150270" y="151462" z="-12216" heading="57848" /><!-- Помощник Коммуникации (Соратник Сидзураку) -->
		<spawn npcId="33674" x="-150342" y="151424" z="-12216" heading="52688" /><!-- Помощник Телепортации (Соратник Сидзураку) -->
		<spawn npcId="23215" x="-148468" y="147516" z="-13880" heading="20330" /><!-- Софа -->
		<spawn npcId="23216" x="-148253" y="147577" z="-13880" heading="40715" /><!-- Софа -->
		<spawn npcId="23215" x="-148261" y="147532" z="-13880" heading="14718" /><!-- Софа -->
		<spawn npcId="23216" x="-148231" y="148040" z="-13880" heading="45411" /><!-- Софа -->
		<spawn npcId="23217" x="-149546" y="147859" z="-13880" heading="33454" /><!-- Дитя Софа -->
		<spawn npcId="23217" x="-149347" y="147858" z="-13880" heading="33354" /><!-- Дитя Софа -->
		<spawn npcId="23217" x="-149469" y="148076" z="-13880" heading="25340" /><!-- Дитя Софа -->
		<spawn npcId="23218" x="-149303" y="147965" z="-13880" heading="33354" /><!-- Дитя Софа -->
		<spawn npcId="23216" x="-149453" y="147965" z="-13880" heading="33354" /><!-- Софа -->
		<spawn npcId="23218" x="-149346" y="148071" z="-13880" heading="42074" /><!-- Дитя Софа -->
		<spawn npcId="23218" x="-149453" y="147815" z="-13880" heading="32767" /><!-- Дитя Софа -->
		<spawn npcId="23220" x="-149218" y="149053" z="-11976" heading="16342" /><!-- Смотритель Кунда -->
		<spawn npcId="23215" x="-146408" y="148330" z="-13880" heading="28245" /><!-- Софа -->
		<spawn npcId="23216" x="-146367" y="147535" z="-13880" heading="27385" /><!-- Софа -->
		<spawn npcId="23215" x="-146319" y="147338" z="-13880" heading="53783" /><!-- Софа -->
		<spawn npcId="23220" x="-145483" y="147802" z="-11976" heading="49046" /><!-- Смотритель Кунда -->
		<spawn npcId="23216" x="-146418" y="148047" z="-13880" heading="58246" /><!-- Софа -->
		<spawn npcId="23216" x="-146253" y="147420" z="-13880" heading="36316" /><!-- Софа -->
		<spawn npcId="23216" x="-146586" y="147969" z="-13880" heading="14978" /><!-- Софа -->
		<spawn npcId="23215" x="-146342" y="148459" z="-13880" heading="64958" /><!-- Софа -->
		<spawn npcId="23215" x="-146273" y="148190" z="-13880" heading="13018" /><!-- Софа -->
		<spawn npcId="23225" x="-144723" y="148468" z="-12216" heading="14236" /><!-- Берсерк Кунда -->
		<spawn npcId="23226" x="-145299" y="147640" z="-12216" heading="51031" /><!-- Палач Кунда -->
		<spawn npcId="23219" x="-144531" y="147640" z="-12216" heading="46341" /><!-- Инженер Софа -->
		<spawn npcId="23224" x="-143763" y="148675" z="-12216" heading="7142" /><!-- Хранитель Кунда -->
		<spawn npcId="23219" x="-144819" y="147640" z="-12216" heading="3718" /><!-- Инженер Софа -->
		<spawn npcId="23219" x="-145299" y="148468" z="-12216" heading="62751" /><!-- Инженер Софа -->
		<spawn npcId="23219" x="-144627" y="147640" z="-12216" heading="43307" /><!-- Инженер Софа -->
		<spawn npcId="23219" x="-145011" y="148468" z="-12216" heading="7557" /><!-- Инженер Софа -->
		<spawn npcId="23219" x="-145107" y="148468" z="-12216" heading="14178" /><!-- Инженер Софа -->
		<spawn npcId="23219" x="-143667" y="148054" z="-12216" heading="26987" /><!-- Инженер Софа -->
		<spawn npcId="23219" x="-144819" y="148054" z="-12216" heading="46631" /><!-- Инженер Софа -->
		<spawn npcId="23219" x="-144915" y="148468" z="-12216" heading="33303" /><!-- Инженер Софа -->
		<spawn npcId="23219" x="-145299" y="148261" z="-12216" heading="44064" /><!-- Инженер Софа -->
		<spawn npcId="23219" x="-143667" y="147640" z="-12216" heading="15615" /><!-- Инженер Софа -->
		<spawn npcId="23219" x="-144435" y="147640" z="-12216" heading="19417" /><!-- Инженер Софа -->
		<spawn npcId="23219" x="-143859" y="149296" z="-12216" heading="51095" /><!-- Инженер Софа -->
		<spawn npcId="23219" x="-145299" y="149089" z="-12216" heading="14890" /><!-- Инженер Софа -->
		<spawn npcId="23219" x="-145203" y="149089" z="-12216" heading="48123" /><!-- Инженер Софа -->
		<spawn npcId="19279" x="-144867" y="148222" z="-12216" heading="49152" /><!-- Холодильник -->
		<spawn npcId="19279" x="-143993" y="148222" z="-12216" heading="16384" /><!-- Холодильник -->
		<spawn npcId="19259" x="-143993" y="148862" z="-12216" heading="16384" /><!-- Плавильная Печь -->
		<spawn npcId="19281" x="-143993" y="147582" z="-12216" heading="16384" /><!-- Литьевая Машина для Доспехов -->
		<spawn npcId="19259" x="-144867" y="148862" z="-12216" heading="49152" /><!-- Плавильная Печь -->
		<spawn npcId="19281" x="-144867" y="147582" z="-12216" heading="49152" /><!-- Литьевая Машина для Доспехов -->
		<spawn npcId="23233" x="-143809" y="147697" z="-12216" heading="44884" /><!-- Инженер Софа -->
		<spawn npcId="23217" x="-145354" y="147604" z="-13880" heading="46920" /><!-- Дитя Софа -->
		<spawn npcId="23233" x="-143666" y="148259" z="-12216" heading="26440" /><!-- Инженер Софа -->
		<spawn npcId="23218" x="-145584" y="147616" z="-13880" heading="57060" /><!-- Дитя Софа -->
		<spawn npcId="23218" x="-145383" y="147779" z="-13880" heading="46849" /><!-- Дитя Софа -->
		<spawn npcId="23217" x="-145604" y="147730" z="-13880" heading="0" /><!-- Дитя Софа -->
		<spawn npcId="23233" x="-143649" y="147646" z="-12216" heading="7091" /><!-- Инженер Софа -->
		<spawn npcId="23233" x="-145247" y="148471" z="-12216" heading="1480" /><!-- Инженер Софа -->
		<spawn npcId="23233" x="-144965" y="148867" z="-12216" heading="15326" /><!-- Инженер Софа -->
		<spawn npcId="23233" x="-144907" y="149210" z="-12216" heading="52835" /><!-- Инженер Софа -->
		<spawn npcId="23233" x="-143914" y="149115" z="-12216" heading="59692" /><!-- Инженер Софа -->
		<spawn npcId="23233" x="-144916" y="148177" z="-12216" heading="11287" /><!-- Инженер Софа -->
		<spawn npcId="23233" x="-144439" y="148643" z="-12216" heading="35409" /><!-- Инженер Софа -->
		<spawn npcId="23233" x="-144130" y="148078" z="-12216" heading="51708" /><!-- Инженер Софа -->
		<spawn npcId="23233" x="-144985" y="148404" z="-12216" heading="1922" /><!-- Инженер Софа -->
		<spawn npcId="23217" x="-144187" y="147559" z="-13880" heading="63882" /><!-- Дитя Софа -->
		<spawn npcId="23233" x="-144125" y="148160" z="-12216" heading="25565" /><!-- Инженер Софа -->
		<spawn npcId="23233" x="-144078" y="148372" z="-12216" heading="44394" /><!-- Инженер Софа -->
		<spawn npcId="23216" x="-144120" y="147428" z="-13880" heading="24543" /><!-- Софа -->
		<spawn npcId="23233" x="-144450" y="148091" z="-12216" heading="32237" /><!-- Инженер Софа -->
		<spawn npcId="23233" x="-144301" y="148110" z="-12216" heading="7334" /><!-- Инженер Софа -->
		<spawn npcId="23233" x="-144619" y="148592" z="-12216" heading="6084" /><!-- Инженер Софа -->
		<spawn npcId="23218" x="-144293" y="147516" z="-13880" heading="64484" /><!-- Дитя Софа -->
		<spawn npcId="23218" x="-144081" y="147516" z="-13880" heading="31862" /><!-- Дитя Софа -->
		<spawn npcId="23217" x="-144271" y="147391" z="-13880" heading="62613" /><!-- Дитя Софа -->
		<spawn npcId="23215" x="-144165" y="147497" z="-13880" heading="13688" /><!-- Софа -->
		<spawn npcId="23217" x="-145503" y="147753" z="-13880" heading="40448" /><!-- Дитя Софа -->
		<spawn npcId="23215" x="-145504" y="147604" z="-13880" heading="46975" /><!-- Софа -->
		<spawn npcId="23233" x="-144621" y="148846" z="-12216" heading="50649" /><!-- Инженер Софа -->
		<spawn npcId="23233" x="-144309" y="147858" z="-12216" heading="55957" /><!-- Инженер Софа -->
		<spawn npcId="23218" x="-144580" y="148414" z="-13880" heading="7695" /><!-- Дитя Софа -->
		<spawn npcId="23217" x="-144731" y="148264" z="-13880" heading="7037" /><!-- Дитя Софа -->
		<spawn npcId="23218" x="-144581" y="148114" z="-13880" heading="62455" /><!-- Дитя Софа -->
		<spawn npcId="23216" x="-144710" y="148165" z="-13880" heading="62567" /><!-- Софа -->
		<spawn npcId="23217" x="-144500" y="148285" z="-13880" heading="23698" /><!-- Дитя Софа -->
		<spawn npcId="23218" x="-144732" y="148384" z="-13880" heading="62508" /><!-- Дитя Софа -->
		<spawn npcId="23216" x="-144600" y="149108" z="-13880" heading="16258" /><!-- Софа -->
		<spawn npcId="23217" x="-144457" y="148152" z="-13880" heading="62508" /><!-- Дитя Софа -->
		<spawn npcId="23218" x="-144709" y="149058" z="-13880" heading="21535" /><!-- Дитя Софа -->
		<spawn npcId="23218" x="-144601" y="148895" z="-13880" heading="29797" /><!-- Дитя Софа -->
		<spawn npcId="23217" x="-144557" y="149002" z="-13880" heading="2872" /><!-- Дитя Софа -->
		<spawn npcId="23217" x="-144707" y="148852" z="-13880" heading="21993" /><!-- Дитя Софа -->
		<spawn npcId="23218" x="-144846" y="148977" z="-13880" heading="53122" /><!-- Дитя Софа -->
		<spawn npcId="23217" x="-144813" y="148896" z="-13880" heading="16159" /><!-- Дитя Софа -->
		<spawn npcId="23217" x="-143849" y="149194" z="-13880" heading="14587" /><!-- Дитя Софа -->
		<spawn npcId="23218" x="-143851" y="149386" z="-13880" heading="48024" /><!-- Дитя Софа -->
		<spawn npcId="23217" x="-144033" y="149203" z="-13880" heading="2902" /><!-- Дитя Софа -->
		<spawn npcId="23217" x="-143883" y="149352" z="-13880" heading="63091" /><!-- Дитя Софа -->
		<spawn npcId="23218" x="-143989" y="149309" z="-13880" heading="62181" /><!-- Дитя Софа -->
		<spawn npcId="23218" x="-143955" y="149151" z="-13880" heading="14468" /><!-- Дитя Софа -->
		<spawn npcId="23216" x="-143805" y="149301" z="-13880" heading="14587" /><!-- Софа -->
		<spawn npcId="23217" x="-145090" y="148615" z="-13880" heading="56577" /><!-- Дитя Софа -->
		<spawn npcId="23218" x="-145047" y="148509" z="-13880" heading="52835" /><!-- Дитя Софа -->
		<spawn npcId="23216" x="-145302" y="148615" z="-13880" heading="52962" /><!-- Софа -->
		<spawn npcId="23218" x="-145196" y="148658" z="-13880" heading="52835" /><!-- Дитя Софа -->
		<spawn npcId="23217" x="-145303" y="148403" z="-13880" heading="52835" /><!-- Дитя Софа -->
		<spawn npcId="23217" x="-145346" y="148509" z="-13880" heading="52835" /><!-- Дитя Софа -->
		<spawn npcId="23218" x="-145203" y="148463" z="-13880" heading="521" /><!-- Дитя Софа -->
		<spawn npcId="23216" x="-145105" y="149173" z="-13880" heading="8626" /><!-- Софа -->
		<spawn npcId="23218" x="-144949" y="149395" z="-13864" heading="56380" /><!-- Дитя Софа -->
		<spawn npcId="23217" x="-145014" y="149348" z="-13880" heading="47254" /><!-- Дитя Софа -->
		<spawn npcId="23218" x="-145148" y="149279" z="-13880" heading="8559" /><!-- Дитя Софа -->
		<spawn npcId="23217" x="-144913" y="149157" z="-13880" heading="57678" /><!-- Дитя Софа -->
		<spawn npcId="23217" x="-145048" y="149382" z="-13880" heading="39673" /><!-- Дитя Софа -->
		<spawn npcId="23218" x="-144999" y="149129" z="-13880" heading="16777" /><!-- Дитя Софа -->
		<spawn npcId="23233" x="-144937" y="148816" z="-12216" heading="28636" /><!-- Инженер Софа -->
		<spawn npcId="23233" x="-144979" y="147644" z="-12216" heading="12972" /><!-- Инженер Софа -->
		<spawn npcId="23233" x="-145192" y="149162" z="-12216" heading="6084" /><!-- Инженер Софа -->
		<spawn npcId="23233" x="-144367" y="147963" z="-12216" heading="6946" /><!-- Инженер Софа -->
		<spawn npcId="23233" x="-144504" y="147619" z="-12216" heading="23273" /><!-- Инженер Софа -->
		<spawn npcId="23233" x="-144299" y="148719" z="-12216" heading="5557" /><!-- Инженер Софа -->
		<spawn npcId="23233" x="-144879" y="149236" z="-12216" heading="18494" /><!-- Инженер Софа -->
		<spawn npcId="23233" x="-145241" y="148635" z="-12216" heading="115" /><!-- Инженер Софа -->
		<spawn npcId="23233" x="-145176" y="148519" z="-12216" heading="24823" /><!-- Инженер Софа -->
		<spawn npcId="23233" x="-143914" y="148691" z="-12216" heading="54492" /><!-- Инженер Софа -->
		<spawn npcId="23233" x="-144447" y="148392" z="-12216" heading="33990" /><!-- Инженер Софа -->
		<spawn npcId="23233" x="-144142" y="148075" z="-12216" heading="29300" /><!-- Инженер Софа -->
		<spawn npcId="23233" x="-144006" y="149024" z="-12216" heading="28886" /><!-- Инженер Софа -->
		<spawn npcId="23233" x="-145354" y="149125" z="-12216" heading="15101" /><!-- Инженер Софа -->
		<spawn npcId="23233" x="-144152" y="148623" z="-12216" heading="57345" /><!-- Инженер Софа -->
		<spawn npcId="23220" x="-143371" y="147758" z="-11976" heading="49372" /><!-- Смотритель Кунда -->
		<spawn npcId="23215" x="-144707" y="149002" z="-13880" heading="16120" /><!-- Софа -->
		<spawn npcId="23215" x="-144563" y="148259" z="-13880" heading="62508" /><!-- Софа -->
		<spawn npcId="23215" x="-143884" y="149203" z="-13880" heading="55692" /><!-- Софа -->
		<spawn npcId="23215" x="-144999" y="149279" z="-13880" heading="8559" /><!-- Софа -->
		<spawn npcId="23215" x="-145197" y="148509" z="-13880" heading="52835" /><!-- Софа -->
		<spawn npcId="23219" x="-149491" y="146816" z="-12216" heading="11629" /><!-- Инженер Софа -->
		<spawn npcId="23219" x="-149491" y="147434" z="-12216" heading="18404" /><!-- Инженер Софа -->
		<spawn npcId="23216" x="-147228" y="145686" z="-13880" heading="56618" /><!-- Софа -->
		<spawn npcId="23217" x="-149207" y="147071" z="-13880" heading="19326" /><!-- Дитя Софа -->
		<spawn npcId="23217" x="-149337" y="147151" z="-13880" heading="52103" /><!-- Дитя Софа -->
		<spawn npcId="23218" x="-149251" y="146964" z="-13880" heading="45765" /><!-- Дитя Софа -->
		<spawn npcId="23216" x="-149357" y="147071" z="-13880" heading="19214" /><!-- Софа -->
		<spawn npcId="23218" x="-149462" y="147177" z="-13880" heading="19214" /><!-- Дитя Софа -->
		<spawn npcId="23218" x="-149463" y="146965" z="-13880" heading="19256" /><!-- Дитя Софа -->
		<spawn npcId="23216" x="-148258" y="146678" z="-13880" heading="36440" /><!-- Софа -->
		<spawn npcId="23215" x="-148167" y="146646" z="-13880" heading="57406" /><!-- Софа -->
		<spawn npcId="23215" x="-148360" y="146352" z="-13880" heading="37449" /><!-- Софа -->
		<spawn npcId="23216" x="-148140" y="146740" z="-13880" heading="57528" /><!-- Софа -->
		<spawn npcId="23217" x="-149501" y="147050" z="-13880" heading="19301" /><!-- Дитя Софа -->
		<spawn npcId="23226" x="-145798" y="146541" z="-13880" heading="2830" /><!-- Палач Кунда -->
		<spawn npcId="23224" x="-146691" y="145302" z="-13872" heading="9321" /><!-- Хранитель Кунда -->
		<spawn npcId="23215" x="-147236" y="147531" z="-13880" heading="14083" /><!-- Софа -->
		<spawn npcId="23215" x="-147419" y="147057" z="-13880" heading="47884" /><!-- Софа -->
		<spawn npcId="23216" x="-147407" y="147238" z="-13880" heading="41378" /><!-- Софа -->
		<spawn npcId="23215" x="-147535" y="147584" z="-13880" heading="17615" /><!-- Софа -->
		<spawn npcId="23215" x="-147153" y="145767" z="-13872" heading="3355" /><!-- Софа -->
		<spawn npcId="23216" x="-147349" y="147154" z="-13880" heading="61087" /><!-- Софа -->
		<spawn npcId="23215" x="-147610" y="147575" z="-13880" heading="25130" /><!-- Софа -->
		<spawn npcId="23216" x="-147536" y="146143" z="-13880" heading="9292" /><!-- Софа -->
		<spawn npcId="23215" x="-147234" y="145468" z="-13880" heading="51603" /><!-- Софа -->
		<spawn npcId="23216" x="-147396" y="146382" z="-13880" heading="18511" /><!-- Софа -->
		<spawn npcId="23215" x="-147157" y="146247" z="-13880" heading="10968" /><!-- Софа -->
		<spawn npcId="23215" x="-147232" y="146264" z="-13880" heading="13289" /><!-- Софа -->
		<spawn npcId="23216" x="-147405" y="145689" z="-13880" heading="2430" /><!-- Софа -->
		<spawn npcId="23216" x="-147400" y="147352" z="-13880" heading="3823" /><!-- Софа -->
		<spawn npcId="23216" x="-147326" y="146984" z="-13880" heading="62981" /><!-- Софа -->
		<spawn npcId="23220" x="-145483" y="146064" z="-11976" heading="16465" /><!-- Смотритель Кунда -->
		<spawn npcId="23226" x="-143667" y="145777" z="-12216" heading="64498" /><!-- Палач Кунда -->
		<spawn npcId="23225" x="-143763" y="146398" z="-12216" heading="6599" /><!-- Берсерк Кунда -->
		<spawn npcId="23224" x="-143571" y="146605" z="-12216" heading="44872" /><!-- Хранитель Кунда -->
		<spawn npcId="23219" x="-144243" y="145570" z="-12216" heading="51052" /><!-- Инженер Софа -->
		<spawn npcId="23219" x="-144627" y="146605" z="-12216" heading="52835" /><!-- Инженер Софа -->
		<spawn npcId="23219" x="-144627" y="146605" z="-12216" heading="23353" /><!-- Инженер Софа -->
		<spawn npcId="23219" x="-145299" y="146605" z="-12216" heading="52881" /><!-- Инженер Софа -->
		<spawn npcId="23219" x="-143955" y="146398" z="-12216" heading="60104" /><!-- Инженер Софа -->
		<spawn npcId="23219" x="-144243" y="145777" z="-12216" heading="46333" /><!-- Инженер Софа -->
		<spawn npcId="23219" x="-143571" y="147019" z="-12216" heading="56489" /><!-- Инженер Софа -->
		<spawn npcId="23219" x="-144339" y="147433" z="-12216" heading="41768" /><!-- Инженер Софа -->
		<spawn npcId="23219" x="-143667" y="146398" z="-12216" heading="35280" /><!-- Инженер Софа -->
		<spawn npcId="23219" x="-144243" y="147433" z="-12216" heading="61297" /><!-- Инженер Софа -->
		<spawn npcId="23219" x="-144723" y="146812" z="-12216" heading="20193" /><!-- Инженер Софа -->
		<spawn npcId="19280" x="-143993" y="146942" z="-12216" heading="16384" /><!-- Литьевая Машина для Оружия -->
		<spawn npcId="19280" x="-144867" y="146942" z="-12216" heading="49152" /><!-- Литьевая Машина для Оружия -->
		<spawn npcId="19259" x="-144867" y="145662" z="-12216" heading="49152" /><!-- Плавильная Печь -->
		<spawn npcId="19259" x="-143993" y="145662" z="-12216" heading="16384" /><!-- Плавильная Печь -->
		<spawn npcId="19279" x="-144867" y="146302" z="-12216" heading="49152" /><!-- Холодильник -->
		<spawn npcId="19279" x="-143993" y="146302" z="-12216" heading="16384" /><!-- Холодильник -->
		<spawn npcId="23233" x="-143624" y="147145" z="-12216" heading="43695" /><!-- Инженер Софа -->
		<spawn npcId="23233" x="-143954" y="147574" z="-12216" heading="35493" /><!-- Инженер Софа -->
		<spawn npcId="23233" x="-144306" y="146952" z="-12216" heading="21480" /><!-- Инженер Софа -->
		<spawn npcId="23233" x="-144480" y="146848" z="-12216" heading="18488" /><!-- Инженер Софа -->
		<spawn npcId="23233" x="-144260" y="147546" z="-12216" heading="14279" /><!-- Инженер Софа -->
		<spawn npcId="23218" x="-145398" y="147497" z="-13880" heading="46890" /><!-- Дитя Софа -->
		<spawn npcId="23216" x="-145489" y="147523" z="-13880" heading="53057" /><!-- Софа -->
		<spawn npcId="23233" x="-144198" y="147193" z="-12216" heading="34692" /><!-- Инженер Софа -->
		<spawn npcId="23233" x="-144069" y="147475" z="-12216" heading="7334" /><!-- Инженер Софа -->
		<spawn npcId="23233" x="-143945" y="145474" z="-12216" heading="5263" /><!-- Инженер Софа -->
		<spawn npcId="23233" x="-143984" y="145722" z="-12216" heading="14279" /><!-- Инженер Софа -->
		<spawn npcId="23233" x="-143838" y="147443" z="-12216" heading="48921" /><!-- Инженер Софа -->
		<spawn npcId="23233" x="-143849" y="145738" z="-12216" heading="10806" /><!-- Инженер Софа -->
		<spawn npcId="23233" x="-145231" y="145816" z="-12216" heading="49847" /><!-- Инженер Софа -->
		<spawn npcId="23233" x="-143949" y="146208" z="-12216" heading="58566" /><!-- Инженер Софа -->
		<spawn npcId="23233" x="-143721" y="145607" z="-12216" heading="7201" /><!-- Инженер Софа -->
		<spawn npcId="23233" x="-145293" y="147698" z="-12216" heading="9418" /><!-- Инженер Софа -->
		<spawn npcId="23233" x="-144682" y="146856" z="-12216" heading="53421" /><!-- Инженер Софа -->
		<spawn npcId="23233" x="-143612" y="146594" z="-12216" heading="40776" /><!-- Инженер Софа -->
		<spawn npcId="23217" x="-144969" y="146633" z="-13880" heading="60752" /><!-- Дитя Софа -->
		<spawn npcId="23216" x="-145262" y="146757" z="-13880" heading="60604" /><!-- Софа -->
		<spawn npcId="23218" x="-145178" y="146812" z="-13880" heading="60701" /><!-- Дитя Софа -->
		<spawn npcId="23217" x="-145012" y="146739" z="-13880" heading="60752" /><!-- Дитя Софа -->
		<spawn npcId="23215" x="-145119" y="146633" z="-13880" heading="60752" /><!-- Софа -->
		<spawn npcId="23217" x="-144544" y="147038" z="-13880" heading="27478" /><!-- Дитя Софа -->
		<spawn npcId="23216" x="-144588" y="146931" z="-13880" heading="27522" /><!-- Софа -->
		<spawn npcId="23215" x="-144579" y="146935" z="-13880" heading="23343" /><!-- Софа -->
		<spawn npcId="23220" x="-143375" y="145802" z="-11976" heading="16355" /><!-- Смотритель Кунда -->
		<spawn npcId="23233" x="-143878" y="145623" z="-12216" heading="2890" /><!-- Инженер Софа -->
		<spawn npcId="23233" x="-144111" y="146597" z="-12216" heading="26585" /><!-- Инженер Софа -->
		<spawn npcId="23233" x="-145222" y="147312" z="-12216" heading="18048" /><!-- Инженер Софа -->
		<spawn npcId="23233" x="-145161" y="147397" z="-12216" heading="32416" /><!-- Инженер Софа -->
		<spawn npcId="23233" x="-144185" y="146725" z="-12216" heading="19961" /><!-- Инженер Софа -->
		<spawn npcId="23217" x="-144210" y="146540" z="-13880" heading="62729" /><!-- Дитя Софа -->
		<spawn npcId="23218" x="-144626" y="146939" z="-13880" heading="9427" /><!-- Дитя Софа -->
		<spawn npcId="23218" x="-144316" y="146843" z="-13880" heading="5612" /><!-- Дитя Софа -->
		<spawn npcId="23217" x="-144491" y="146588" z="-13880" heading="49500" /><!-- Дитя Софа -->
		<spawn npcId="23218" x="-144498" y="147020" z="-13880" heading="30297" /><!-- Дитя Софа -->
		<spawn npcId="23217" x="-144596" y="146570" z="-13880" heading="34282" /><!-- Дитя Софа -->
		<spawn npcId="23216" x="-144236" y="146606" z="-13880" heading="48892" /><!-- Софа -->
		<spawn npcId="23217" x="-144095" y="145827" z="-13880" heading="10185" /><!-- Дитя Софа -->
		<spawn npcId="23218" x="-144270" y="145848" z="-13880" heading="63568" /><!-- Дитя Софа -->
		<spawn npcId="23218" x="-144131" y="145683" z="-13880" heading="58886" /><!-- Дитя Софа -->
		<spawn npcId="23217" x="-144377" y="145769" z="-13880" heading="48863" /><!-- Дитя Софа -->
		<spawn npcId="23216" x="-144336" y="145673" z="-13880" heading="18428" /><!-- Софа -->
		<spawn npcId="23218" x="-143764" y="146348" z="-13880" heading="20001" /><!-- Дитя Софа -->
		<spawn npcId="23217" x="-143639" y="146159" z="-13880" heading="43245" /><!-- Дитя Софа -->
		<spawn npcId="23218" x="-143840" y="146222" z="-13880" heading="28179" /><!-- Дитя Софа -->
		<spawn npcId="23218" x="-145301" y="146700" z="-13880" heading="47673" /><!-- Дитя Софа -->
		<spawn npcId="23218" x="-145257" y="146940" z="-13880" heading="51707" /><!-- Дитя Софа -->
		<spawn npcId="23217" x="-143725" y="146111" z="-13880" heading="12844" /><!-- Дитя Софа -->
		<spawn npcId="23217" x="-145248" y="146932" z="-13880" heading="40879" /><!-- Дитя Софа -->
		<spawn npcId="23217" x="-145421" y="146593" z="-13880" heading="22982" /><!-- Дитя Софа -->
		<spawn npcId="23216" x="-145256" y="146680" z="-13880" heading="4835" /><!-- Софа -->
		<spawn npcId="23218" x="-143670" y="146284" z="-13880" heading="40079" /><!-- Дитя Софа -->
		<spawn npcId="23217" x="-143340" y="146050" z="-13880" heading="1968" /><!-- Дитя Софа -->
		<spawn npcId="23216" x="-143623" y="146143" z="-13880" heading="12820" /><!-- Софа -->
		<spawn npcId="23218" x="-143655" y="147078" z="-13880" heading="43194" /><!-- Дитя Софа -->
		<spawn npcId="23218" x="-143896" y="146995" z="-13880" heading="11547" /><!-- Дитя Софа -->
		<spawn npcId="23217" x="-143853" y="146889" z="-13880" heading="12021" /><!-- Дитя Софа -->
		<spawn npcId="23217" x="-143597" y="146995" z="-13880" heading="11077" /><!-- Дитя Софа -->
		<spawn npcId="23216" x="-143747" y="146845" z="-13880" heading="11077" /><!-- Софа -->
		<spawn npcId="23218" x="-143852" y="147101" z="-13880" heading="11077" /><!-- Дитя Софа -->
		<spawn npcId="23217" x="-143641" y="146888" z="-13880" heading="11077" /><!-- Дитя Софа -->
		<spawn npcId="23233" x="-144764" y="146089" z="-12216" heading="2330" /><!-- Инженер Софа -->
		<spawn npcId="23233" x="-144873" y="146714" z="-12216" heading="35959" /><!-- Инженер Софа -->
		<spawn npcId="23233" x="-144305" y="146049" z="-12216" heading="27853" /><!-- Инженер Софа -->
		<spawn npcId="23233" x="-144407" y="145335" z="-12216" heading="31361" /><!-- Инженер Софа -->
		<spawn npcId="23233" x="-145281" y="146683" z="-12216" heading="43889" /><!-- Инженер Софа -->
		<spawn npcId="23233" x="-145014" y="146928" z="-12216" heading="13718" /><!-- Инженер Софа -->
		<spawn npcId="23233" x="-144067" y="147103" z="-12216" heading="16296" /><!-- Инженер Софа -->
		<spawn npcId="23233" x="-144460" y="147032" z="-12216" heading="47060" /><!-- Инженер Софа -->
		<spawn npcId="23233" x="-144344" y="145643" z="-12216" heading="47184" /><!-- Инженер Софа -->
		<spawn npcId="23233" x="-145127" y="145704" z="-12216" heading="8069" /><!-- Инженер Софа -->
		<spawn npcId="23233" x="-144461" y="145457" z="-12216" heading="49327" /><!-- Инженер Софа -->
		<spawn npcId="23233" x="-144050" y="145313" z="-12216" heading="12328" /><!-- Инженер Софа -->
		<spawn npcId="23233" x="-144906" y="146122" z="-12216" heading="1741" /><!-- Инженер Софа -->
		<spawn npcId="23233" x="-144520" y="145191" z="-12216" heading="57345" /><!-- Инженер Софа -->
		<spawn npcId="23233" x="-144112" y="146025" z="-12216" heading="42197" /><!-- Инженер Софа -->
		<spawn npcId="23233" x="-143774" y="146813" z="-12216" heading="39793" /><!-- Инженер Софа -->
		<spawn npcId="23233" x="-144607" y="146231" z="-12216" heading="9812" /><!-- Инженер Софа -->
		<spawn npcId="23215" x="-144228" y="145769" z="-13880" heading="52127" /><!-- Софа -->
		<spawn npcId="23215" x="-143748" y="146272" z="-13880" heading="12753" /><!-- Софа -->
		<spawn npcId="23215" x="-143741" y="146935" z="-13880" heading="50192" /><!-- Софа -->
		<spawn npcId="23233" x="-149297" y="146536" z="-12216" heading="21305" /><!-- Инженер Софа -->
		<spawn npcId="23233" x="-149299" y="146614" z="-12216" heading="43994" /><!-- Инженер Софа -->
		<spawn npcId="23233" x="-149323" y="146593" z="-12216" heading="26380" /><!-- Инженер Софа -->
		<spawn npcId="23233" x="-149298" y="146626" z="-12216" heading="44038" /><!-- Инженер Софа -->
		<spawn npcId="19279" x="-148313" y="143577" z="-11960" heading="0" /><!-- Холодильник -->
		<spawn npcId="19280" x="-147673" y="143577" z="-11960" heading="0" /><!-- Литьевая Машина для Оружия -->
		<spawn npcId="19259" x="-148953" y="143577" z="-11960" heading="0" /><!-- Плавильная Печь -->
		<spawn npcId="23225" x="-148816" y="143995" z="-11960" heading="53272" /><!-- Берсерк Кунда -->
		<spawn npcId="23226" x="-147776" y="143510" z="-11960" heading="28211" /><!-- Палач Кунда -->
		<spawn npcId="23235" x="-147776" y="143510" z="-11960" heading="57810" /><!-- Кунда -->
		<spawn npcId="23219" x="-147776" y="143413" z="-11960" heading="42947" /><!-- Инженер Софа -->
		<spawn npcId="23219" x="-147776" y="143704" z="-11960" heading="52154" /><!-- Инженер Софа -->
		<spawn npcId="23233" x="-149219" y="143519" z="-11960" heading="49674" /><!-- Инженер Софа -->
		<spawn npcId="23233" x="-147500" y="143841" z="-11960" heading="6036" /><!-- Инженер Софа -->
		<spawn npcId="23233" x="-148252" y="144057" z="-11960" heading="2007" /><!-- Инженер Софа -->
		<spawn npcId="23233" x="-149065" y="143550" z="-11960" heading="9741" /><!-- Инженер Софа -->
		<spawn npcId="23233" x="-148498" y="143270" z="-11960" heading="3647" /><!-- Инженер Софа -->
		<spawn npcId="23233" x="-148641" y="143714" z="-11960" heading="12835" /><!-- Инженер Софа -->
		<spawn npcId="23215" x="-147799" y="144856" z="-13872" heading="49847" /><!-- Софа -->
		<spawn npcId="23215" x="-148422" y="144617" z="-13880" heading="33643" /><!-- Софа -->
		<spawn npcId="23219" x="-148324" y="145159" z="-13880" heading="19406" /><!-- Инженер Софа -->
		<spawn npcId="23216" x="-147955" y="145167" z="-13880" heading="21219" /><!-- Софа -->
		<spawn npcId="23219" x="-148232" y="145032" z="-13880" heading="20906" /><!-- Инженер Софа -->
		<spawn npcId="23219" x="-147993" y="144619" z="-13880" heading="2092" /><!-- Инженер Софа -->
		<spawn npcId="23219" x="-147952" y="145043" z="-13880" heading="29816" /><!-- Инженер Софа -->
		<spawn npcId="23220" x="-147876" y="144190" z="-11728" heading="183" /><!-- Смотритель Кунда -->
		<spawn npcId="23216" x="-148078" y="145009" z="-13880" heading="18086" /><!-- Софа -->
		<spawn npcId="23219" x="-148302" y="144657" z="-13872" heading="35409" /><!-- Инженер Софа -->
		<spawn npcId="23235" x="-147152" y="143801" z="-11960" heading="31653" /><!-- Кунда -->
		<spawn npcId="23224" x="-146320" y="143413" z="-11960" heading="8403" /><!-- Хранитель Кунда -->
		<spawn npcId="23219" x="-146944" y="143510" z="-11960" heading="59933" /><!-- Инженер Софа -->
		<spawn npcId="23219" x="-146112" y="143413" z="-11960" heading="30023" /><!-- Инженер Софа -->
		<spawn npcId="19259" x="-145753" y="143577" z="-11960" heading="0" /><!-- Плавильная Печь -->
		<spawn npcId="19281" x="-147033" y="143577" z="-11960" heading="0" /><!-- Литьевая Машина для Доспехов -->
		<spawn npcId="19279" x="-146393" y="143577" z="-11960" heading="0" /><!-- Холодильник -->
		<spawn npcId="23219" x="-147081" y="144369" z="-13872" heading="64056" /><!-- Инженер Софа -->
		<spawn npcId="23233" x="-147164" y="143586" z="-11960" heading="30127" /><!-- Инженер Софа -->
		<spawn npcId="23219" x="-147180" y="144391" z="-13872" heading="54453" /><!-- Инженер Софа -->
		<spawn npcId="23233" x="-147360" y="143219" z="-11960" heading="3491" /><!-- Инженер Софа -->
		<spawn npcId="23219" x="-147128" y="144637" z="-13880" heading="61184" /><!-- Инженер Софа -->
		<spawn npcId="23219" x="-147283" y="144067" z="-13880" heading="23165" /><!-- Инженер Софа -->
		<spawn npcId="23219" x="-147239" y="144206" z="-13880" heading="33730" /><!-- Инженер Софа -->
		<spawn npcId="23233" x="-146726" y="143384" z="-11960" heading="64056" /><!-- Инженер Софа -->
		<spawn npcId="23225" x="-147435" y="144046" z="-13880" heading="9914" /><!-- Берсерк Кунда -->
		<spawn npcId="23233" x="-145720" y="143636" z="-11960" heading="43889" /><!-- Инженер Софа -->
		<spawn npcId="23233" x="-147426" y="143279" z="-11960" heading="44472" /><!-- Инженер Софа -->
		<spawn npcId="23233" x="-146769" y="144001" z="-11960" heading="29913" /><!-- Инженер Софа -->
		<spawn npcId="23233" x="-146809" y="143135" z="-11960" heading="65477" /><!-- Инженер Софа -->
		<spawn npcId="23233" x="-146799" y="143793" z="-11960" heading="55126" /><!-- Инженер Софа -->
		<spawn npcId="23225" x="-146747" y="144084" z="-13880" heading="5844" /><!-- Берсерк Кунда -->
		<spawn npcId="23219" x="-147218" y="144303" z="-13880" heading="3823" /><!-- Инженер Софа -->
		<spawn npcId="23224" x="-146657" y="144289" z="-13872" heading="16618" /><!-- Хранитель Кунда -->
		<spawn npcId="23219" x="-146835" y="144030" z="-13880" heading="13385" /><!-- Инженер Софа -->
		<spawn npcId="23219" x="-146407" y="144976" z="-13880" heading="52800" /><!-- Инженер Софа -->
		<spawn npcId="23216" x="-146463" y="145063" z="-13880" heading="64325" /><!-- Софа -->
		<spawn npcId="23219" x="-146690" y="144910" z="-13880" heading="32417" /><!-- Инженер Софа -->
		<spawn npcId="23215" x="-146294" y="144676" z="-13872" heading="48113" /><!-- Софа -->
		<spawn npcId="23216" x="-146276" y="144833" z="-13872" heading="48113" /><!-- Софа -->
		<spawn npcId="23219" x="-146763" y="144653" z="-13872" heading="35608" /><!-- Инженер Софа -->
		<spawn npcId="23219" x="-147217" y="145194" z="-13880" heading="23329" /><!-- Инженер Софа -->
		<spawn npcId="23215" x="-146606" y="145053" z="-13880" heading="23025" /><!-- Софа -->
		<spawn npcId="23215" x="-147151" y="144924" z="-13880" heading="0" /><!-- Софа -->
		<spawn npcId="23219" x="-146704" y="145089" z="-13880" heading="41378" /><!-- Инженер Софа -->
		<spawn npcId="23219" x="-146859" y="144419" z="-13872" heading="26440" /><!-- Инженер Софа -->
		<spawn npcId="23216" x="-147312" y="144954" z="-13880" heading="30021" /><!-- Софа -->
		<spawn npcId="23220" x="-145908" y="144191" z="-11728" heading="32711" /><!-- Смотритель Кунда -->
		<spawn npcId="23233" x="-146238" y="143874" z="-11960" heading="32592" /><!-- Инженер Софа -->
		<spawn npcId="23233" x="-146467" y="143823" z="-11960" heading="44009" /><!-- Инженер Софа -->
		<spawn npcId="23233" x="-145950" y="143669" z="-11960" heading="30240" /><!-- Инженер Софа -->
		<spawn npcId="23233" x="-147074" y="143695" z="-11960" heading="53886" /><!-- Инженер Софа -->
		<spawn npcId="23233" x="-145496" y="143681" z="-11960" heading="8746" /><!-- Инженер Софа -->
		<spawn npcId="23233" x="-145999" y="143643" z="-11960" heading="59404" /><!-- Инженер Софа -->
		<spawn npcId="23219" x="-146355" y="145025" z="-13880" heading="16206" /><!-- Инженер Софа -->
		<spawn npcId="23226" x="-146388" y="144308" z="-13872" heading="58552" /><!-- Палач Кунда -->
		<spawn npcId="23219" x="-146850" y="144215" z="-13872" heading="49240" /><!-- Инженер Софа -->
		<spawn npcId="23219" x="-146808" y="143970" z="-13880" heading="15228" /><!-- Инженер Софа -->
		<spawn npcId="23219" x="-146530" y="143972" z="-13872" heading="28340" /><!-- Инженер Софа -->
		<spawn npcId="23219" x="-143571" y="145363" z="-12216" heading="57286" /><!-- Инженер Софа -->
		<spawn npcId="23219" x="-145011" y="145363" z="-12216" heading="30945" /><!-- Инженер Софа -->
		<spawn npcId="23219" x="-144627" y="145363" z="-12216" heading="11836" /><!-- Инженер Софа -->
		<spawn npcId="23219" x="-144819" y="145363" z="-12216" heading="58841" /><!-- Инженер Софа -->
		<spawn npcId="33676" x="-144426" y="143047" z="-11960" heading="30568" /><!-- Помощник Коммуникации (Соратник Сидзураку) -->
		<spawn npcId="33674" x="-144351" y="143093" z="-11960" heading="21104" /><!-- Помощник Телепортации (Соратник Сидзураку) -->
		<spawn npcId="23219" x="-147776" y="143316" z="-11960" heading="8692" /><!-- Инженер Софа -->
		<spawn npcId="23235" x="-148400" y="143122" z="-11960" heading="62906" /><!-- Кунда -->
		<spawn npcId="23226" x="-148192" y="142346" z="-11960" heading="25956" /><!-- Палач Кунда -->
		<spawn npcId="23219" x="-147776" y="143316" z="-11960" heading="40420" /><!-- Инженер Софа -->
		<spawn npcId="23219" x="-148816" y="142831" z="-11960" heading="55749" /><!-- Инженер Софа -->
		<spawn npcId="23219" x="-148400" y="142831" z="-11960" heading="32984" /><!-- Инженер Софа -->
		<spawn npcId="23219" x="-148400" y="142249" z="-11960" heading="46610" /><!-- Инженер Софа -->
		<spawn npcId="23219" x="-149232" y="142540" z="-11960" heading="3349" /><!-- Инженер Софа -->
		<spawn npcId="23219" x="-147984" y="143025" z="-11960" heading="64465" /><!-- Инженер Софа -->
		<spawn npcId="23219" x="-148608" y="142734" z="-11960" heading="55796" /><!-- Инженер Софа -->
		<spawn npcId="23219" x="-147984" y="142443" z="-11960" heading="51023" /><!-- Инженер Софа -->
		<spawn npcId="23219" x="-149024" y="143122" z="-11960" heading="31586" /><!-- Инженер Софа -->
		<spawn npcId="19280" x="-147673" y="142703" z="-11960" heading="32768" /><!-- Литьевая Машина для Оружия -->
		<spawn npcId="19279" x="-148313" y="142703" z="-11960" heading="32768" /><!-- Холодильник -->
		<spawn npcId="19259" x="-148953" y="142703" z="-11960" heading="32768" /><!-- Плавильная Печь -->
		<spawn npcId="23233" x="-148936" y="143055" z="-11960" heading="35110" /><!-- Инженер Софа -->
		<spawn npcId="23233" x="-148883" y="142260" z="-11960" heading="48574" /><!-- Инженер Софа -->
		<spawn npcId="23233" x="-148041" y="142888" z="-11960" heading="46703" /><!-- Инженер Софа -->
		<spawn npcId="23233" x="-148344" y="142791" z="-11960" heading="62563" /><!-- Инженер Софа -->
		<spawn npcId="23233" x="-147559" y="142884" z="-11960" heading="26585" /><!-- Инженер Софа -->
		<spawn npcId="23233" x="-147262" y="143253" z="-11960" heading="55126" /><!-- Инженер Софа -->
		<spawn npcId="23233" x="-147782" y="142530" z="-11960" heading="24952" /><!-- Инженер Софа -->
		<spawn npcId="23233" x="-148302" y="143351" z="-11960" heading="1627" /><!-- Инженер Софа -->
		<spawn npcId="23233" x="-148558" y="143003" z="-11960" heading="5770" /><!-- Инженер Софа -->
		<spawn npcId="23233" x="-147412" y="142947" z="-11960" heading="9550" /><!-- Инженер Софа -->
		<spawn npcId="23233" x="-148371" y="143152" z="-11960" heading="46703" /><!-- Инженер Софа -->
		<spawn npcId="23233" x="-147646" y="142677" z="-11960" heading="28798" /><!-- Инженер Софа -->
		<spawn npcId="23233" x="-148790" y="142708" z="-11960" heading="43516" /><!-- Инженер Софа -->
		<spawn npcId="23233" x="-147977" y="142984" z="-11960" heading="23914" /><!-- Инженер Софа -->
		<spawn npcId="23233" x="-148411" y="143194" z="-11960" heading="4064" /><!-- Инженер Софа -->
		<spawn npcId="23233" x="-147403" y="142588" z="-11960" heading="63681" /><!-- Инженер Софа -->
		<spawn npcId="23233" x="-148297" y="142658" z="-11960" heading="14978" /><!-- Инженер Софа -->
		<spawn npcId="23233" x="-147260" y="142450" z="-11960" heading="28405" /><!-- Инженер Софа -->
		<spawn npcId="23220" x="-148522" y="142085" z="-11728" heading="32853" /><!-- Смотритель Кунда -->
		<spawn npcId="23233" x="-149003" y="142438" z="-11960" heading="23749" /><!-- Инженер Софа -->
		<spawn npcId="23233" x="-149296" y="142488" z="-11960" heading="57508" /><!-- Инженер Софа -->
		<spawn npcId="23233" x="-148451" y="142779" z="-11960" heading="13433" /><!-- Инженер Софа -->
		<spawn npcId="23233" x="-149173" y="142285" z="-11960" heading="65189" /><!-- Инженер Софа -->
		<spawn npcId="23233" x="-149046" y="143210" z="-11960" heading="15152" /><!-- Инженер Софа -->
		<spawn npcId="23225" x="-146528" y="142249" z="-11960" heading="22167" /><!-- Берсерк Кунда -->
		<spawn npcId="23224" x="-146736" y="142637" z="-11960" heading="8597" /><!-- Хранитель Кунда -->
		<spawn npcId="23219" x="-146944" y="143025" z="-11960" heading="28304" /><!-- Инженер Софа -->
		<spawn npcId="23219" x="-146528" y="143316" z="-11960" heading="5340" /><!-- Инженер Софа -->
		<spawn npcId="23219" x="-145696" y="142346" z="-11960" heading="25886" /><!-- Инженер Софа -->
		<spawn npcId="23219" x="-145904" y="143316" z="-11960" heading="213" /><!-- Инженер Софа -->
		<spawn npcId="23219" x="-145488" y="142734" z="-11960" heading="29905" /><!-- Инженер Софа -->
		<spawn npcId="23219" x="-147360" y="143316" z="-11960" heading="65322" /><!-- Инженер Софа -->
		<spawn npcId="19259" x="-145753" y="142703" z="-11960" heading="32768" /><!-- Плавильная Печь -->
		<spawn npcId="19281" x="-147033" y="142703" z="-11960" heading="32768" /><!-- Литьевая Машина для Доспехов -->
		<spawn npcId="19279" x="-146393" y="142703" z="-11960" heading="32768" /><!-- Холодильник -->
		<spawn npcId="23233" x="-147120" y="142753" z="-11960" heading="11782" /><!-- Инженер Софа -->
		<spawn npcId="23233" x="-147137" y="143351" z="-11960" heading="4064" /><!-- Инженер Софа -->
		<spawn npcId="23233" x="-145610" y="143165" z="-11960" heading="64325" /><!-- Инженер Софа -->
		<spawn npcId="23233" x="-145778" y="142647" z="-11960" heading="27221" /><!-- Инженер Софа -->
		<spawn npcId="23233" x="-147088" y="143276" z="-11960" heading="29744" /><!-- Инженер Софа -->
		<spawn npcId="23233" x="-147409" y="142645" z="-11960" heading="46179" /><!-- Инженер Софа -->
		<spawn npcId="23233" x="-145520" y="143036" z="-11960" heading="31006" /><!-- Инженер Софа -->
		<spawn npcId="23233" x="-147486" y="143431" z="-11960" heading="44732" /><!-- Инженер Софа -->
		<spawn npcId="23233" x="-146902" y="142716" z="-11960" heading="347" /><!-- Инженер Софа -->
		<spawn npcId="23233" x="-145836" y="143272" z="-11960" heading="62017" /><!-- Инженер Софа -->
		<spawn npcId="23233" x="-147102" y="143317" z="-11960" heading="3796" /><!-- Инженер Софа -->
		<spawn npcId="23233" x="-147175" y="142618" z="-11960" heading="59067" /><!-- Инженер Софа -->
		<spawn npcId="23233" x="-146892" y="142317" z="-11960" heading="25565" /><!-- Инженер Софа -->
		<spawn npcId="23233" x="-146894" y="143381" z="-11960" heading="19795" /><!-- Инженер Софа -->
		<spawn npcId="23233" x="-146028" y="142641" z="-11960" heading="42441" /><!-- Инженер Софа -->
		<spawn npcId="23233" x="-146823" y="142270" z="-11960" heading="59525" /><!-- Инженер Софа -->
		<spawn npcId="23233" x="-147138" y="142807" z="-11960" heading="9927" /><!-- Инженер Софа -->
		<spawn npcId="23233" x="-145725" y="142764" z="-11960" heading="53679" /><!-- Инженер Софа -->
		<spawn npcId="23233" x="-147335" y="142390" z="-11960" heading="61855" /><!-- Инженер Софа -->
		<spawn npcId="23233" x="-145359" y="143289" z="-11960" heading="24575" /><!-- Инженер Софа -->
		<spawn npcId="23233" x="-146246" y="142306" z="-11960" heading="61163" /><!-- Инженер Софа -->
		<spawn npcId="23233" x="-145501" y="142968" z="-11960" heading="45988" /><!-- Инженер Софа -->
		<spawn npcId="23233" x="-147102" y="142909" z="-11960" heading="41818" /><!-- Инженер Софа -->
		<spawn npcId="23233" x="-147369" y="142859" z="-11960" heading="23339" /><!-- Инженер Софа -->
		<spawn npcId="23233" x="-146681" y="142928" z="-11960" heading="867" /><!-- Инженер Софа -->
		<spawn npcId="23233" x="-146465" y="142803" z="-11960" heading="27461" /><!-- Инженер Софа -->
		<spawn npcId="23233" x="-146079" y="142823" z="-11960" heading="36592" /><!-- Инженер Софа -->
		<spawn npcId="23233" x="-146147" y="142371" z="-11960" heading="41884" /><!-- Инженер Софа -->
		<spawn npcId="23233" x="-146684" y="142785" z="-11960" heading="9923" /><!-- Инженер Софа -->
		<spawn npcId="23220" x="-145939" y="142085" z="-11728" heading="210" /><!-- Смотритель Кунда -->
		<spawn npcId="23233" x="-146597" y="142978" z="-11960" heading="26512" /><!-- Инженер Софа -->
		<spawn npcId="23233" x="-146552" y="142974" z="-11960" heading="57762" /><!-- Инженер Софа -->
		<spawn npcId="23233" x="-147246" y="142676" z="-11960" heading="56856" /><!-- Инженер Софа -->
		<spawn npcId="23233" x="-145513" y="142965" z="-11960" heading="29936" /><!-- Инженер Софа -->
		<spawn npcId="23233" x="-145584" y="143081" z="-11960" heading="2443" /><!-- Инженер Софа -->
		<spawn npcId="23233" x="-146200" y="142284" z="-11960" heading="7703" /><!-- Инженер Софа -->
		<spawn npcId="23233" x="-145514" y="142680" z="-11960" heading="36786" /><!-- Инженер Софа -->
		<spawn npcId="23219" x="-150364" y="145992" z="-12216" heading="58451" /><!-- Инженер Софа -->
		<spawn npcId="23233" x="-150406" y="145645" z="-12216" heading="36960" /><!-- Инженер Софа -->
		<spawn npcId="23219" x="-149588" y="145786" z="-12216" heading="36407" /><!-- Инженер Софа -->
		<spawn npcId="23219" x="-150461" y="146404" z="-12216" heading="13008" /><!-- Инженер Софа -->
		<spawn npcId="23219" x="-149879" y="147434" z="-12216" heading="33445" /><!-- Инженер Софа -->
		<spawn npcId="23225" x="-150461" y="146610" z="-12216" heading="2302" /><!-- Берсерк Кунда -->
		<spawn npcId="23226" x="-149782" y="146816" z="-12216" heading="40381" /><!-- Палач Кунда -->
		<spawn npcId="23219" x="-150170" y="146404" z="-12216" heading="27876" /><!-- Инженер Софа -->
		<spawn npcId="23219" x="-149705" y="147421" z="-12216" heading="38448" /><!-- Инженер Софа -->
		<spawn npcId="23219" x="-150288" y="146620" z="-12216" heading="28261" /><!-- Инженер Софа -->
		<spawn npcId="33674" x="-150306" y="143054" z="-11960" heading="3592" /><!-- Помощник Телепортации (Соратник Сидзураку) -->
		<spawn npcId="33676" x="-150349" y="143121" z="-11960" heading="11472" /><!-- Помощник Коммуникации (Соратник Сидзураку) -->
		<spawn npcId="23219" x="-150170" y="145374" z="-12216" heading="18582" /><!-- Инженер Софа -->
		<spawn npcId="23219" x="-149879" y="146198" z="-12216" heading="46423" /><!-- Инженер Софа -->
		<spawn npcId="23226" x="-150170" y="145786" z="-12216" heading="29168" /><!-- Палач Кунда -->
		<spawn npcId="23225" x="-150946" y="146198" z="-12216" heading="2771" /><!-- Берсерк Кунда -->
		<spawn npcId="23224" x="-149883" y="146221" z="-12216" heading="18468" /><!-- Хранитель Кунда -->
		<spawn npcId="23224" x="-150558" y="147434" z="-12216" heading="41703" /><!-- Хранитель Кунда -->
		<spawn npcId="23219" x="-150073" y="145786" z="-12216" heading="55841" /><!-- Инженер Софа -->
		<spawn npcId="23219" x="-150946" y="146816" z="-12216" heading="63212" /><!-- Инженер Софа -->
		<spawn npcId="23219" x="-151019" y="146196" z="-12216" heading="65077" /><!-- Инженер Софа -->
		<spawn npcId="23219" x="-150946" y="145786" z="-12216" heading="7120" /><!-- Инженер Софа -->
		<spawn npcId="23219" x="-151043" y="145786" z="-12216" heading="5551" /><!-- Инженер Софа -->
		<spawn npcId="23219" x="-151043" y="145580" z="-12216" heading="19417" /><!-- Инженер Софа -->
		<spawn npcId="19280" x="-149822" y="146925" z="-12216" heading="16384" /><!-- Литьевая Машина для Оружия -->
		<spawn npcId="19279" x="-150706" y="146285" z="-12216" heading="49152" /><!-- Холодильник -->
		<spawn npcId="19280" x="-150706" y="146925" z="-12216" heading="49152" /><!-- Литьевая Машина для Оружия -->
		<spawn npcId="19259" x="-149822" y="145645" z="-12216" heading="16384" /><!-- Плавильная Печь -->
		<spawn npcId="19259" x="-150706" y="145645" z="-12216" heading="49152" /><!-- Плавильная Печь -->
		<spawn npcId="19279" x="-149822" y="146285" z="-12216" heading="16384" /><!-- Холодильник -->
		<spawn npcId="23217" x="-150481" y="147175" z="-13880" heading="45471" /><!-- Дитя Софа -->
		<spawn npcId="23215" x="-150008" y="146781" z="-13872" heading="34965" /><!-- Софа -->
		<spawn npcId="23217" x="-150587" y="147132" z="-13880" heading="45471" /><!-- Дитя Софа -->
		<spawn npcId="23218" x="-150631" y="147026" z="-13880" heading="45471" /><!-- Дитя Софа -->
		<spawn npcId="23233" x="-149966" y="146830" z="-12216" heading="46891" /><!-- Инженер Софа -->
		<spawn npcId="23233" x="-150797" y="147166" z="-12216" heading="52835" /><!-- Инженер Софа -->
		<spawn npcId="23217" x="-151413" y="146150" z="-13880" heading="41334" /><!-- Дитя Софа -->
		<spawn npcId="23215" x="-150001" y="146872" z="-13864" heading="57587" /><!-- Софа -->
		<spawn npcId="23215" x="-149937" y="146636" z="-13872" heading="63814" /><!-- Софа -->
		<spawn npcId="23233" x="-150680" y="147407" z="-12216" heading="24823" /><!-- Инженер Софа -->
		<spawn npcId="23233" x="-150568" y="146873" z="-12216" heading="41516" /><!-- Инженер Софа -->
		<spawn npcId="23218" x="-151370" y="146044" z="-13880" heading="40849" /><!-- Дитя Софа -->
		<spawn npcId="23233" x="-150444" y="147050" z="-12216" heading="4758" /><!-- Инженер Софа -->
		<spawn npcId="23218" x="-151217" y="147647" z="-13880" heading="11451" /><!-- Дитя Софа -->
		<spawn npcId="23233" x="-149867" y="147498" z="-12216" heading="21638" /><!-- Инженер Софа -->
		<spawn npcId="23233" x="-151172" y="145364" z="-12216" heading="39340" /><!-- Инженер Софа -->
		<spawn npcId="23233" x="-150837" y="145399" z="-12216" heading="38151" /><!-- Инженер Софа -->
		<spawn npcId="23233" x="-150236" y="147486" z="-12216" heading="10299" /><!-- Инженер Софа -->
		<spawn npcId="23218" x="-151486" y="147567" z="-13880" heading="14410" /><!-- Дитя Софа -->
		<spawn npcId="23233" x="-150119" y="146138" z="-12216" heading="57590" /><!-- Инженер Софа -->
		<spawn npcId="23233" x="-149848" y="146850" z="-12216" heading="30639" /><!-- Инженер Софа -->
		<spawn npcId="23233" x="-149510" y="146968" z="-12216" heading="16560" /><!-- Инженер Софа -->
		<spawn npcId="23233" x="-149644" y="145877" z="-12216" heading="44368" /><!-- Инженер Софа -->
		<spawn npcId="23217" x="-150375" y="147132" z="-13872" heading="0" /><!-- Дитя Софа -->
		<spawn npcId="23220" x="-149297" y="146088" z="-12216" heading="0" /><!-- Смотритель Кунда -->
		<spawn npcId="23216" x="-149770" y="147625" z="-13880" heading="27221" /><!-- Софа -->
		<spawn npcId="23233" x="-149696" y="145893" z="-12216" heading="40283" /><!-- Инженер Софа -->
		<spawn npcId="23233" x="-150725" y="146602" z="-12216" heading="38485" /><!-- Инженер Софа -->
		<spawn npcId="23233" x="-150490" y="146689" z="-12216" heading="56370" /><!-- Инженер Софа -->
		<spawn npcId="23220" x="-151248" y="145307" z="-12216" heading="0" /><!-- Смотритель Кунда -->
		<spawn npcId="23233" x="-151089" y="147660" z="-12216" heading="32242" /><!-- Инженер Софа -->
		<spawn npcId="23233" x="-149727" y="146038" z="-12216" heading="26829" /><!-- Инженер Софа -->
		<spawn npcId="23233" x="-150607" y="146685" z="-12216" heading="5696" /><!-- Инженер Софа -->
		<spawn npcId="23218" x="-150332" y="147026" z="-13872" heading="0" /><!-- Дитя Софа -->
		<spawn npcId="23218" x="-150568" y="146961" z="-13880" heading="52854" /><!-- Дитя Софа -->
		<spawn npcId="23217" x="-150439" y="146316" z="-13880" heading="53309" /><!-- Дитя Софа -->
		<spawn npcId="23218" x="-150349" y="146098" z="-13880" heading="52962" /><!-- Дитя Софа -->
		<spawn npcId="23217" x="-150572" y="146348" z="-13880" heading="56732" /><!-- Дитя Софа -->
		<spawn npcId="23218" x="-150595" y="146181" z="-13880" heading="53249" /><!-- Дитя Софа -->
		<spawn npcId="23218" x="-150290" y="146167" z="-13880" heading="53210" /><!-- Дитя Софа -->
		<spawn npcId="23217" x="-150333" y="146273" z="-13880" heading="53355" /><!-- Дитя Софа -->
		<spawn npcId="23218" x="-151606" y="146108" z="-13880" heading="43668" /><!-- Дитя Софа -->
		<spawn npcId="23217" x="-151414" y="145937" z="-13880" heading="41043" /><!-- Дитя Софа -->
		<spawn npcId="23233" x="-150775" y="146165" z="-12216" heading="43068" /><!-- Инженер Софа -->
		<spawn npcId="23233" x="-151192" y="146545" z="-12216" heading="42603" /><!-- Инженер Софа -->
		<spawn npcId="23233" x="-150552" y="146528" z="-12216" heading="33636" /><!-- Инженер Софа -->
		<spawn npcId="23233" x="-149546" y="145293" z="-12216" heading="57996" /><!-- Инженер Софа -->
		<spawn npcId="23233" x="-149625" y="146504" z="-12216" heading="40223" /><!-- Инженер Софа -->
		<spawn npcId="23233" x="-149833" y="145710" z="-12216" heading="18338" /><!-- Инженер Софа -->
		<spawn npcId="23233" x="-149799" y="146296" z="-12216" heading="36824" /><!-- Инженер Софа -->
		<spawn npcId="23233" x="-150926" y="145995" z="-12216" heading="63885" /><!-- Инженер Софа -->
		<spawn npcId="23233" x="-149568" y="145503" z="-12216" heading="54568" /><!-- Инженер Софа -->
		<spawn npcId="23233" x="-150121" y="146334" z="-12216" heading="31275" /><!-- Инженер Софа -->
		<spawn npcId="23233" x="-150586" y="145493" z="-12216" heading="48979" /><!-- Инженер Софа -->
		<spawn npcId="23233" x="-150294" y="146918" z="-12216" heading="27070" /><!-- Инженер Софа -->
		<spawn npcId="23233" x="-151055" y="146255" z="-12216" heading="58202" /><!-- Инженер Софа -->
		<spawn npcId="23233" x="-149606" y="145328" z="-12216" heading="49066" /><!-- Инженер Софа -->
		<spawn npcId="23233" x="-151194" y="145808" z="-12216" heading="13360" /><!-- Инженер Софа -->
		<spawn npcId="23233" x="-150683" y="147503" z="-12216" heading="26196" /><!-- Инженер Софа -->
		<spawn npcId="23233" x="-149554" y="145180" z="-12216" heading="65276" /><!-- Инженер Софа -->
		<spawn npcId="23216" x="-150482" y="147026" z="-13880" heading="45471" /><!-- Софа -->
		<spawn npcId="23216" x="-150440" y="146167" z="-13880" heading="53271" /><!-- Софа -->
		<spawn npcId="23216" x="-151520" y="146044" z="-13880" heading="41043" /><!-- Софа -->
		<spawn npcId="23219" x="-149588" y="148464" z="-12216" heading="54238" /><!-- Инженер Софа -->
		<spawn npcId="23219" x="-149782" y="148052" z="-12216" heading="32917" /><!-- Инженер Софа -->
		<spawn npcId="23219" x="-150073" y="148876" z="-12216" heading="55750" /><!-- Инженер Софа -->
		<spawn npcId="23219" x="-150752" y="148464" z="-12216" heading="12575" /><!-- Инженер Софа -->
		<spawn npcId="23219" x="-149879" y="147640" z="-12216" heading="58781" /><!-- Инженер Софа -->
		<spawn npcId="23219" x="-151140" y="148670" z="-12216" heading="5197" /><!-- Инженер Софа -->
		<spawn npcId="23219" x="-149685" y="148052" z="-12216" heading="49014" /><!-- Инженер Софа -->
		<spawn npcId="23219" x="-150849" y="149082" z="-12216" heading="65085" /><!-- Инженер Софа -->
		<spawn npcId="23219" x="-151043" y="148670" z="-12216" heading="30143" /><!-- Инженер Софа -->
		<spawn npcId="23219" x="-149588" y="147846" z="-12216" heading="41672" /><!-- Инженер Софа -->
		<spawn npcId="23219" x="-151043" y="148052" z="-12216" heading="52286" /><!-- Инженер Софа -->
		<spawn npcId="19259" x="-150706" y="148845" z="-12216" heading="49152" /><!-- Плавильная Печь -->
		<spawn npcId="23219" x="-151140" y="148052" z="-12216" heading="32161" /><!-- Инженер Софа -->
		<spawn npcId="23219" x="-150752" y="148464" z="-12216" heading="43049" /><!-- Инженер Софа -->
		<spawn npcId="19259" x="-149822" y="148845" z="-12216" heading="16384" /><!-- Плавильная Печь -->
		<spawn npcId="19281" x="-150706" y="147565" z="-12216" heading="49152" /><!-- Литьевая Машина для Доспехов -->
		<spawn npcId="19279" x="-150706" y="148205" z="-12216" heading="49152" /><!-- Холодильник -->
		<spawn npcId="19279" x="-149822" y="148205" z="-12216" heading="16384" /><!-- Холодильник -->
		<spawn npcId="19281" x="-149822" y="147565" z="-12216" heading="16384" /><!-- Литьевая Машина для Доспехов -->
		<spawn npcId="23217" x="-151472" y="147753" z="-13880" heading="14231" /><!-- Дитя Софа -->
		<spawn npcId="23215" x="-151063" y="148087" z="-13880" heading="3355" /><!-- Софа -->
		<spawn npcId="23215" x="-151315" y="148304" z="-13880" heading="23831" /><!-- Софа -->
		<spawn npcId="23233" x="-151028" y="147907" z="-12216" heading="17085" /><!-- Инженер Софа -->
		<spawn npcId="23233" x="-150794" y="147743" z="-12216" heading="34415" /><!-- Инженер Софа -->
		<spawn npcId="23233" x="-150690" y="147336" z="-12216" heading="61855" /><!-- Инженер Софа -->
		<spawn npcId="23233" x="-150154" y="147461" z="-12216" heading="51960" /><!-- Инженер Софа -->
		<spawn npcId="23233" x="-151207" y="147728" z="-12216" heading="41329" /><!-- Инженер Софа -->
		<spawn npcId="23233" x="-149900" y="147737" z="-12216" heading="50077" /><!-- Инженер Софа -->
		<spawn npcId="23233" x="-149423" y="147411" z="-12216" heading="6965" /><!-- Инженер Софа -->
		<spawn npcId="23215" x="-149928" y="148838" z="-13872" heading="17789" /><!-- Софа -->
		<spawn npcId="23217" x="-151367" y="147497" z="-13880" heading="11451" /><!-- Дитя Софа -->
		<spawn npcId="23233" x="-150256" y="147615" z="-12216" heading="4952" /><!-- Инженер Софа -->
		<spawn npcId="23217" x="-151189" y="148740" z="-13880" heading="14784" /><!-- Дитя Софа -->
		<spawn npcId="23215" x="-150003" y="148923" z="-13872" heading="29744" /><!-- Софа -->
		<spawn npcId="23215" x="-149960" y="148395" z="-13872" heading="41084" /><!-- Софа -->
		<spawn npcId="23218" x="-151287" y="148730" z="-13880" heading="13167" /><!-- Дитя Софа -->
		<spawn npcId="23217" x="-151192" y="148920" z="-13880" heading="50143" /><!-- Дитя Софа -->
		<spawn npcId="23217" x="-150575" y="149307" z="-13880" heading="59692" /><!-- Дитя Софа -->
		<spawn npcId="23217" x="-150353" y="149399" z="-13880" heading="50098" /><!-- Дитя Софа -->
		<spawn npcId="23218" x="-150310" y="149293" z="-13880" heading="49674" /><!-- Дитя Софа -->
		<spawn npcId="23217" x="-150459" y="149442" z="-13880" heading="49920" /><!-- Дитя Софа -->
		<spawn npcId="23218" x="-150469" y="149263" z="-13880" heading="59692" /><!-- Дитя Софа -->
		<spawn npcId="23216" x="-150460" y="149293" z="-13880" heading="49934" /><!-- Софа -->
		<spawn npcId="23233" x="-150703" y="148643" z="-12216" heading="7146" /><!-- Инженер Софа -->
		<spawn npcId="23233" x="-150675" y="147856" z="-12216" heading="25949" /><!-- Инженер Софа -->
		<spawn npcId="23233" x="-149698" y="148618" z="-12216" heading="47430" /><!-- Инженер Софа -->
		<spawn npcId="23233" x="-149557" y="148764" z="-12216" heading="22321" /><!-- Инженер Софа -->
		<spawn npcId="23233" x="-150641" y="148655" z="-12216" heading="62981" /><!-- Инженер Софа -->
		<spawn npcId="23217" x="-149664" y="147518" z="-13880" heading="27221" /><!-- Дитя Софа -->
		<spawn npcId="23218" x="-149770" y="147475" z="-13880" heading="27237" /><!-- Дитя Софа -->
		<spawn npcId="23217" x="-149825" y="147489" z="-13880" heading="3538" /><!-- Дитя Софа -->
		<spawn npcId="23217" x="-149620" y="147625" z="-13880" heading="27221" /><!-- Дитя Софа -->
		<spawn npcId="23218" x="-149868" y="147595" z="-13880" heading="5942" /><!-- Дитя Софа -->
		<spawn npcId="23233" x="-150631" y="147747" z="-12216" heading="58445" /><!-- Инженер Софа -->
		<spawn npcId="23233" x="-149574" y="148834" z="-12216" heading="25933" /><!-- Инженер Софа -->
		<spawn npcId="23233" x="-149557" y="149107" z="-12216" heading="27970" /><!-- Инженер Софа -->
		<spawn npcId="23233" x="-150770" y="147574" z="-12216" heading="34506" /><!-- Инженер Софа -->
		<spawn npcId="23218" x="-150835" y="148487" z="-13880" heading="53271" /><!-- Дитя Софа -->
		<spawn npcId="23217" x="-150696" y="148361" z="-13880" heading="13722" /><!-- Дитя Софа -->
		<spawn npcId="23218" x="-150802" y="148405" z="-13880" heading="13722" /><!-- Дитя Софа -->
		<spawn npcId="23217" x="-150590" y="148404" z="-13880" heading="13637" /><!-- Дитя Софа -->
		<spawn npcId="23218" x="-151151" y="148835" z="-13880" heading="47430" /><!-- Дитя Софа -->
		<spawn npcId="23217" x="-151404" y="148920" z="-13880" heading="35409" /><!-- Дитя Софа -->
		<spawn npcId="23218" x="-150546" y="148511" z="-13880" heading="13722" /><!-- Дитя Софа -->
		<spawn npcId="23218" x="-151298" y="148963" z="-13880" heading="35409" /><!-- Дитя Софа -->
		<spawn npcId="23217" x="-150565" y="148561" z="-13880" heading="53376" /><!-- Дитя Софа -->
		<spawn npcId="23218" x="-150416" y="149338" z="-13880" heading="29834" /><!-- Дитя Софа -->
		<spawn npcId="23233" x="-149525" y="148698" z="-12216" heading="34167" /><!-- Инженер Софа -->
		<spawn npcId="23233" x="-150822" y="147534" z="-12216" heading="1821" /><!-- Инженер Софа -->
		<spawn npcId="23233" x="-149751" y="149199" z="-12216" heading="18854" /><!-- Инженер Софа -->
		<spawn npcId="23233" x="-149397" y="148803" z="-12216" heading="52209" /><!-- Инженер Софа -->
		<spawn npcId="23233" x="-150751" y="148930" z="-12216" heading="51484" /><!-- Инженер Софа -->
		<spawn npcId="23233" x="-149750" y="148218" z="-12216" heading="61552" /><!-- Инженер Софа -->
		<spawn npcId="23233" x="-151004" y="149193" z="-12216" heading="6955" /><!-- Инженер Софа -->
		<spawn npcId="23233" x="-149820" y="148724" z="-12216" heading="19961" /><!-- Инженер Софа -->
		<spawn npcId="23233" x="-149974" y="149040" z="-12216" heading="62254" /><!-- Инженер Софа -->
		<spawn npcId="23233" x="-149689" y="148901" z="-12216" heading="33730" /><!-- Инженер Софа -->
		<spawn npcId="23233" x="-149974" y="148676" z="-12216" heading="58642" /><!-- Инженер Софа -->
		<spawn npcId="23233" x="-150909" y="148332" z="-12216" heading="42319" /><!-- Инженер Софа -->
		<spawn npcId="23233" x="-149645" y="147643" z="-12216" heading="59880" /><!-- Инженер Софа -->
		<spawn npcId="23233" x="-150846" y="147855" z="-12216" heading="35239" /><!-- Инженер Софа -->
		<spawn npcId="23217" x="-151261" y="147540" z="-13880" heading="11338" /><!-- Дитя Софа -->
		<spawn npcId="23218" x="-151442" y="147673" z="-13880" heading="12745" /><!-- Дитя Софа -->
		<spawn npcId="23216" x="-151299" y="148814" z="-13880" heading="35409" /><!-- Софа -->
		<spawn npcId="23216" x="-150672" y="148455" z="-13880" heading="53376" /><!-- Софа -->
		<spawn npcId="23220" x="-151318" y="148388" z="-11976" heading="16362" /><!-- Смотритель Кунда -->
		<spawn npcId="23216" x="-151367" y="147647" z="-13880" heading="11314" /><!-- Софа -->
		<spawn npcId="23217" x="-152485" y="147195" z="-13880" heading="29744" /><!-- Дитя Софа -->
		<spawn npcId="23215" x="-151888" y="146848" z="-13872" heading="47999" /><!-- Софа -->
		<spawn npcId="23215" x="-152093" y="146588" z="-13872" heading="37449" /><!-- Софа -->
		<spawn npcId="23215" x="-151836" y="147155" z="-13872" heading="20043" /><!-- Софа -->
		<spawn npcId="23217" x="-152484" y="147408" z="-13880" heading="29744" /><!-- Дитя Софа -->
		<spawn npcId="23217" x="-151424" y="146167" z="-13880" heading="62750" /><!-- Дитя Софа -->
		<spawn npcId="23218" x="-151641" y="146061" z="-13880" heading="5528" /><!-- Дитя Софа -->
		<spawn npcId="23218" x="-152590" y="147451" z="-13880" heading="29744" /><!-- Дитя Софа -->
		<spawn npcId="23218" x="-152441" y="147302" z="-13880" heading="29744" /><!-- Дитя Софа -->
		<spawn npcId="23216" x="-152591" y="147302" z="-13880" heading="29744" /><!-- Софа -->
		<spawn npcId="23215" x="-151634" y="148271" z="-13880" heading="18579" /><!-- Софа -->
		<spawn npcId="23217" x="-152185" y="147509" z="-13880" heading="32944" /><!-- Дитя Софа -->
		<spawn npcId="23218" x="-152363" y="147489" z="-13880" heading="35289" /><!-- Дитя Софа -->
		<spawn npcId="23218" x="-152516" y="148077" z="-13880" heading="49029" /><!-- Дитя Софа -->
		<spawn npcId="23218" x="-152262" y="148207" z="-13880" heading="48632" /><!-- Дитя Софа -->
		<spawn npcId="23217" x="-152561" y="148207" z="-13880" heading="48632" /><!-- Дитя Софа -->
		<spawn npcId="23218" x="-152125" y="149072" z="-13872" heading="40810" /><!-- Дитя Софа -->
		<spawn npcId="23217" x="-152404" y="148266" z="-13880" heading="60869" /><!-- Дитя Софа -->
		<spawn npcId="23218" x="-152299" y="148010" z="-13880" heading="49431" /><!-- Дитя Софа -->
		<spawn npcId="23217" x="-152300" y="148241" z="-13880" heading="49876" /><!-- Дитя Софа -->
		<spawn npcId="23217" x="-152179" y="149003" z="-13872" heading="56290" /><!-- Дитя Софа -->
		<spawn npcId="23217" x="-152061" y="148891" z="-13872" heading="27607" /><!-- Дитя Софа -->
		<spawn npcId="23218" x="-152136" y="148897" z="-13872" heading="56290" /><!-- Дитя Софа -->
		<spawn npcId="23218" x="-152000" y="149063" z="-13872" heading="3594" /><!-- Дитя Софа -->
		<spawn npcId="23217" x="-151955" y="148934" z="-13872" heading="20606" /><!-- Дитя Софа -->
		<spawn npcId="23216" x="-152108" y="148959" z="-13872" heading="38126" /><!-- Софа -->
		<spawn npcId="23216" x="-152405" y="148117" z="-13880" heading="49962" /><!-- Софа -->
		<spawn npcId="23218" x="-141456" y="146524" z="-13880" heading="60314" /><!-- Дитя Софа -->
		<spawn npcId="23217" x="-141561" y="146780" z="-13880" heading="62245" /><!-- Дитя Софа -->
		<spawn npcId="23215" x="-141456" y="146674" z="-13880" heading="60314" /><!-- Софа -->
		<spawn npcId="23218" x="-141508" y="146852" z="-13880" heading="14312" /><!-- Дитя Софа -->
		<spawn npcId="23217" x="-141623" y="146719" z="-13880" heading="40810" /><!-- Дитя Софа -->
		<spawn npcId="23216" x="-141562" y="146568" z="-13880" heading="60314" /><!-- Софа -->
		<spawn npcId="23217" x="-141350" y="146708" z="-13880" heading="13038" /><!-- Дитя Софа -->
		<spawn npcId="23216" x="-141439" y="147523" z="-13880" heading="11137" /><!-- Софа -->
		<spawn npcId="23217" x="-143069" y="145893" z="-13880" heading="39839" /><!-- Дитя Софа -->
		<spawn npcId="23216" x="-143090" y="145716" z="-13880" heading="10266" /><!-- Софа -->
		<spawn npcId="23218" x="-143130" y="145855" z="-13880" heading="713" /><!-- Дитя Софа -->
		<spawn npcId="23217" x="-142963" y="145850" z="-13880" heading="39643" /><!-- Дитя Софа -->
		<spawn npcId="23218" x="-142920" y="145744" z="-13880" heading="4174" /><!-- Дитя Софа -->
		<spawn npcId="23218" x="-143251" y="146686" z="-13880" heading="0" /><!-- Дитя Софа -->
		<spawn npcId="23217" x="-142952" y="146686" z="-13872" heading="0" /><!-- Дитя Софа -->
		<spawn npcId="23218" x="-143207" y="146792" z="-13880" heading="11687" /><!-- Дитя Софа -->
		<spawn npcId="23217" x="-143010" y="146855" z="-13880" heading="34521" /><!-- Дитя Софа -->
		<spawn npcId="23216" x="-143108" y="146820" z="-13880" heading="47021" /><!-- Софа -->
		<spawn npcId="23218" x="-142241" y="146945" z="-13880" heading="6115" /><!-- Дитя Софа -->
		<spawn npcId="23217" x="-142213" y="146829" z="-13880" heading="8191" /><!-- Дитя Софа -->
		<spawn npcId="23218" x="-142106" y="147084" z="-13880" heading="8660" /><!-- Дитя Софа -->
		<spawn npcId="23217" x="-142107" y="146785" z="-13880" heading="8191" /><!-- Дитя Софа -->
		<spawn npcId="23218" x="-142240" y="147004" z="-13880" heading="9501" /><!-- Дитя Софа -->
		<spawn npcId="23217" x="-141999" y="146879" z="-13880" heading="9378" /><!-- Дитя Софа -->
		<spawn npcId="23216" x="-142013" y="147023" z="-13880" heading="42670" /><!-- Софа -->
		<spawn npcId="23217" x="-142459" y="145754" z="-13880" heading="23853" /><!-- Дитя Софа -->
		<spawn npcId="23218" x="-142364" y="145723" z="-13880" heading="23825" /><!-- Дитя Софа -->
		<spawn npcId="23217" x="-142455" y="145806" z="-13880" heading="51995" /><!-- Дитя Софа -->
		<spawn npcId="23218" x="-142156" y="145806" z="-13880" heading="173" /><!-- Дитя Софа -->
		<spawn npcId="23218" x="-142257" y="145979" z="-13880" heading="12672" /><!-- Дитя Софа -->
		<spawn npcId="23217" x="-142405" y="145909" z="-13880" heading="35126" /><!-- Дитя Софа -->
		<spawn npcId="23216" x="-142260" y="145698" z="-13880" heading="8804" /><!-- Софа -->
		<spawn npcId="23215" x="-143091" y="145861" z="-13880" heading="18236" /><!-- Софа -->
		<spawn npcId="23215" x="-143102" y="146686" z="-13880" heading="12271" /><!-- Софа -->
		<spawn npcId="23215" x="-142107" y="146935" z="-13880" heading="9550" /><!-- Софа -->
		<spawn npcId="23215" x="-142364" y="145873" z="-13880" heading="23825" /><!-- Софа -->
		<spawn npcId="23218" x="-141417" y="147586" z="-13880" heading="38466" /><!-- Дитя Софа -->
		<spawn npcId="23218" x="-141621" y="148181" z="-13880" heading="48286" /><!-- Дитя Софа -->
		<spawn npcId="23218" x="-141348" y="147452" z="-13880" heading="44198" /><!-- Дитя Софа -->
		<spawn npcId="23218" x="-141410" y="147968" z="-13880" heading="15030" /><!-- Дитя Софа -->
		<spawn npcId="23217" x="-141528" y="148034" z="-13880" heading="46210" /><!-- Дитя Софа -->
		<spawn npcId="23216" x="-141515" y="148224" z="-13880" heading="46081" /><!-- Софа -->
		<spawn npcId="23215" x="-141568" y="148046" z="-13880" heading="38075" /><!-- Софа -->
		<spawn npcId="23217" x="-142121" y="149192" z="-13880" heading="38303" /><!-- Дитя Софа -->
		<spawn npcId="23217" x="-141665" y="148075" z="-13880" heading="0" /><!-- Дитя Софа -->
		<spawn npcId="23218" x="-141366" y="148075" z="-13880" heading="15516" /><!-- Дитя Софа -->
		<spawn npcId="23217" x="-141526" y="149027" z="-13880" heading="53548" /><!-- Дитя Софа -->
		<spawn npcId="23217" x="-142227" y="149236" z="-13880" heading="39875" /><!-- Дитя Софа -->
		<spawn npcId="23218" x="-142090" y="149129" z="-13880" heading="41259" /><!-- Дитя Софа -->
		<spawn npcId="23218" x="-142313" y="149207" z="-13880" heading="39921" /><!-- Дитя Софа -->
		<spawn npcId="23218" x="-142121" y="148980" z="-13880" heading="52172" /><!-- Дитя Софа -->
		<spawn npcId="23215" x="-142208" y="149101" z="-13880" heading="6686" /><!-- Софа -->
		<spawn npcId="23218" x="-143228" y="149166" z="-13880" heading="7418" /><!-- Дитя Софа -->
		<spawn npcId="23217" x="-142991" y="149256" z="-13880" heading="40508" /><!-- Дитя Софа -->
		<spawn npcId="23218" x="-143066" y="149137" z="-13880" heading="21219" /><!-- Дитя Софа -->
		<spawn npcId="23216" x="-143150" y="149093" z="-13880" heading="51708" /><!-- Софа -->
		<spawn npcId="23217" x="-143202" y="149256" z="-13880" heading="40961" /><!-- Дитя Софа -->
		<spawn npcId="23218" x="-141311" y="147629" z="-13880" heading="38466" /><!-- Дитя Софа -->
		<spawn npcId="23217" x="-141171" y="147539" z="-13880" heading="17962" /><!-- Дитя Софа -->
		<spawn npcId="23217" x="-141215" y="147432" z="-13880" heading="18259" /><!-- Дитя Софа -->
		<spawn npcId="23218" x="-141323" y="149047" z="-13880" heading="52644" /><!-- Дитя Софа -->
		<spawn npcId="23217" x="-141542" y="148879" z="-13880" heading="61087" /><!-- Дитя Софа -->
		<spawn npcId="23218" x="-141445" y="148837" z="-13880" heading="9073" /><!-- Дитя Софа -->
		<spawn npcId="23218" x="-141541" y="148961" z="-13880" heading="4751" /><!-- Дитя Софа -->
		<spawn npcId="23217" x="-141339" y="148880" z="-13880" heading="18530" /><!-- Дитя Софа -->
		<spawn npcId="23216" x="-141295" y="148987" z="-13880" heading="21219" /><!-- Софа -->
		<spawn npcId="23217" x="-142418" y="149117" z="-13880" heading="18749" /><!-- Дитя Софа -->
		<spawn npcId="23218" x="-142524" y="149161" z="-13880" heading="18938" /><!-- Дитя Софа -->
		<spawn npcId="23218" x="-142311" y="149373" z="-13880" heading="18854" /><!-- Дитя Софа -->
		<spawn npcId="23217" x="-142502" y="149286" z="-13880" heading="2403" /><!-- Дитя Софа -->
		<spawn npcId="23218" x="-142368" y="149166" z="-13880" heading="22272" /><!-- Дитя Софа -->
		<spawn npcId="23217" x="-142268" y="149267" z="-13880" heading="18854" /><!-- Дитя Софа -->
		<spawn npcId="23216" x="-142396" y="149329" z="-13880" heading="55363" /><!-- Софа -->
		<spawn npcId="23215" x="-143097" y="149150" z="-13880" heading="6941" /><!-- Софа -->
		<spawn npcId="23215" x="-141321" y="147539" z="-13880" heading="17962" /><!-- Софа -->
		<spawn npcId="23215" x="-141430" y="148941" z="-13880" heading="18934" /><!-- Софа -->
		<spawn npcId="23215" x="-142418" y="149267" z="-13880" heading="18854" /><!-- Софа -->
		<spawn npcId="23217" x="-141312" y="149697" z="-13880" heading="22080" /><!-- Дитя Софа -->
		<spawn npcId="23217" x="-141418" y="149741" z="-13880" heading="22177" /><!-- Дитя Софа -->
		<spawn npcId="23218" x="-141196" y="149929" z="-13880" heading="52895" /><!-- Дитя Софа -->
		<spawn npcId="23218" x="-141265" y="149813" z="-13880" heading="23377" /><!-- Дитя Софа -->
		<spawn npcId="23216" x="-141162" y="149847" z="-13880" heading="22080" /><!-- Софа -->
		<spawn npcId="23218" x="-141417" y="149953" z="-13880" heading="18888" /><!-- Дитя Софа -->
		<spawn npcId="23218" x="-143171" y="149765" z="-13880" heading="17922" /><!-- Дитя Софа -->
		<spawn npcId="23217" x="-143196" y="149644" z="-13880" heading="14978" /><!-- Дитя Софа -->
		<spawn npcId="23218" x="-142987" y="149722" z="-13880" heading="25311" /><!-- Дитя Софа -->
		<spawn npcId="23217" x="-143137" y="149572" z="-13880" heading="386" /><!-- Дитя Софа -->
		<spawn npcId="23216" x="-143031" y="149615" z="-13880" heading="28372" /><!-- Софа -->
		<spawn npcId="23217" x="-142457" y="150105" z="-13880" heading="3675" /><!-- Дитя Софа -->
		<spawn npcId="23217" x="-142516" y="149934" z="-13880" heading="20352" /><!-- Дитя Софа -->
		<spawn npcId="23218" x="-142387" y="150134" z="-13880" heading="27657" /><!-- Дитя Софа -->
		<spawn npcId="23218" x="-142260" y="150040" z="-13880" heading="20352" /><!-- Дитя Софа -->
		<spawn npcId="23217" x="-142303" y="150146" z="-13880" heading="20352" /><!-- Дитя Софа -->
		<spawn npcId="23218" x="-142410" y="149890" z="-13880" heading="20021" /><!-- Дитя Софа -->
		<spawn npcId="23216" x="-142304" y="149933" z="-13880" heading="20352" /><!-- Софа -->
		<spawn npcId="23215" x="-141312" y="149847" z="-13880" heading="22080" /><!-- Софа -->
		<spawn npcId="23215" x="-143137" y="149722" z="-13880" heading="25319" /><!-- Софа -->
		<spawn npcId="23215" x="-142410" y="150040" z="-13880" heading="20352" /><!-- Софа -->
	</spawns>
</list>