<?xml version="1.0" encoding="utf-8"?>
<!DOCTYPE list SYSTEM "spawn.dtd">
<list>
	<spawns name="ShrineOfLoyality">
		<!-- Могильный Скарабей -->
		<spawn npcId="21646" x="186079" y="-63292" z="-2880" heading="43901" />
		<spawn npcId="21646" x="186366" y="-63875" z="-2768" heading="16962" />
		<spawn npcId="21646" x="186791" y="-63387" z="-2904" heading="8910" />
		<spawn npcId="21646" x="186863" y="-63223" z="-2920" heading="59274" />
		<!-- Скарабей Падальщик -->
		<spawn npcId="21647" x="186530" y="-63759" z="-2832" heading="21426" />
		<spawn npcId="21647" x="186705" y="-63472" z="-2904" heading="25068" />
		<spawn npcId="21647" x="187633" y="-63327" z="-2928" heading="62793" />
		<!-- Могильный Муравей -->
		<spawn npcId="21648" x="185859" y="-61734" z="-2960" heading="9423" />
		<spawn npcId="21648" x="185917" y="-62658" z="-2960" heading="45135" />
		<spawn npcId="21648" x="186027" y="-64068" z="-2704" heading="46502" />
		<spawn npcId="21648" x="186814" y="-61519" z="-2920" heading="56188" />
		<spawn npcId="21648" x="186938" y="-63244" z="-2920" heading="14060" />
		<spawn npcId="21648" x="187537" y="-61521" z="-2896" heading="44375" />
		<spawn npcId="21648" x="189277" y="-62942" z="-2784" heading="44570" />
		<spawn npcId="21648" x="189385" y="-62341" z="-2816" heading="21059" />
		<spawn npcId="21648" x="189586" y="-61869" z="-2888" heading="43819" />
		<spawn npcId="21648" x="189929" y="-63716" z="-2808" heading="26393" />
		<spawn npcId="21648" x="189955" y="-62507" z="-2880" heading="392" />
		<spawn npcId="21648" x="190422" y="-62839" z="-2920" heading="42532" />
		<!-- Муравей Падальщик -->
		<spawn npcId="21649" x="186323" y="-62305" z="-2944" heading="53250" />
		<spawn npcId="21649" x="186712" y="-61168" z="-2936" heading="59830" />
		<spawn npcId="21649" x="187108" y="-63512" z="-2912" heading="53645" />
		<spawn npcId="21649" x="187292" y="-63544" z="-2928" heading="62692" />
		<spawn npcId="21649" x="187399" y="-62013" z="-2856" heading="10038" />
		<spawn npcId="21649" x="189281" y="-63275" z="-2784" heading="53093" />
		<spawn npcId="21649" x="189892" y="-61342" z="-2912" heading="50450" />
		<spawn npcId="21649" x="189893" y="-62702" z="-2848" heading="58079" />
		<spawn npcId="21649" x="190377" y="-62086" z="-2944" heading="46234" />
		<!-- Рыцарь Усыпальницы -->
		<spawn npcId="21650" x="186168" y="-61883" z="-2968" heading="52731" />
		<spawn npcId="21650" x="186867" y="-62326" z="-2904" heading="38740" />
		<spawn npcId="21650" x="187685" y="-61586" z="-2872" heading="43267" />
		<spawn npcId="21650" x="190186" y="-63524" z="-2840" heading="13418" />
		<spawn npcId="21650" x="190319" y="-61909" z="-2936" heading="8377" />
		<!-- Гвардеец Усыпальницы -->
		<spawn npcId="21651" x="186868" y="-61707" z="-2920" heading="45223" />
		<spawn npcId="21651" x="186944" y="-62523" z="-2888" heading="63984" />
		<spawn npcId="21651" x="189147" y="-62462" z="-2752" heading="52608" />
		<spawn npcId="21651" x="189450" y="-63240" z="-2792" heading="12568" />
		<spawn npcId="21651" x="189856" y="-61650" z="-2936" heading="28644" />
		<!-- Воитель Ведьмы -->
		<spawn npcId="23181" x="188120" y="-58933" z="-2840" heading="35928" />
		<spawn npcId="23181" x="188370" y="-58256" z="-2808" heading="12061" />
		<spawn npcId="23181" x="189144" y="-58883" z="-2960" heading="18054" />
		<spawn npcId="23181" x="189174" y="-57284" z="-2912" heading="64837" />
		<spawn npcId="23181" x="189307" y="-57278" z="-2904" heading="2058" />
		<spawn npcId="23181" x="189389" y="-57675" z="-2816" heading="53021" />
		<spawn npcId="23181" x="189657" y="-58417" z="-2928" heading="32402" />
		<spawn npcId="23181" x="189760" y="-58503" z="-2912" heading="57098" />
		<spawn npcId="23181" x="189889" y="-59719" z="-3000" heading="19777" />
		<spawn npcId="23181" x="189971" y="-59580" z="-3000" heading="1050" />
		<spawn npcId="23181" x="190026" y="-70530" z="-2560" heading="12698" />
		<spawn npcId="23181" x="190255" y="-71236" z="-2576" heading="18616" />
		<spawn npcId="23181" x="190297" y="-71292" z="-2576" heading="51708" />
		<spawn npcId="23181" x="190443" y="-59554" z="-2944" heading="13137" />
		<spawn npcId="23181" x="192555" y="-67290" z="-2712" heading="37279" />
		<spawn npcId="23181" x="192638" y="-58891" z="-2872" heading="57866" />
		<spawn npcId="23181" x="192664" y="-67276" z="-2712" heading="30885" />
		<spawn npcId="23181" x="192876" y="-58998" z="-2872" heading="33579" />
		<spawn npcId="23181" x="193392" y="-66728" z="-2808" heading="40429" />
		<spawn npcId="23181" x="193640" y="-59883" z="-2912" heading="44270" />
		<spawn npcId="23181" x="193680" y="-67049" z="-2832" heading="39481" />
		<spawn npcId="23181" x="193775" y="-58786" z="-2888" heading="14718" />
		<spawn npcId="23181" x="193890" y="-66260" z="-2872" heading="61966" />
		<spawn npcId="23181" x="193931" y="-66416" z="-2872" heading="59179" />
		<spawn npcId="23181" x="194075" y="-62017" z="-2832" heading="48572" />
		<spawn npcId="23181" x="194248" y="-60114" z="-2896" heading="19443" />
		<spawn npcId="23181" x="194478" y="-61445" z="-2880" heading="13552" />
		<spawn npcId="23181" x="194737" y="-59742" z="-2808" heading="27318" />
		<!-- Воин Ведьмы -->
		<spawn npcId="23182" x="186916" y="-56943" z="-3128" heading="39393" />
		<spawn npcId="23182" x="187163" y="-57617" z="-2984" heading="17317" />
		<spawn npcId="23182" x="187330" y="-57021" z="-3136" heading="50025" />
		<spawn npcId="23182" x="187644" y="-55820" z="-2960" heading="27599" />
		<spawn npcId="23182" x="187858" y="-56958" z="-3144" heading="57155" />
		<spawn npcId="23182" x="188312" y="-57200" z="-3088" heading="57823" />
		<spawn npcId="23182" x="188687" y="-56733" z="-3112" heading="49010" />
		<spawn npcId="23182" x="189016" y="-58285" z="-2872" heading="58204" />
		<spawn npcId="23182" x="189040" y="-58904" z="-2944" heading="9150" />
		<spawn npcId="23182" x="189285" y="-57386" z="-2880" heading="8570" />
		<spawn npcId="23182" x="189391" y="-58716" z="-2944" heading="54651" />
		<spawn npcId="23182" x="189461" y="-57054" z="-2904" heading="18477" />
		<spawn npcId="23182" x="189490" y="-72782" z="-2704" heading="49017" />
		<spawn npcId="23182" x="189721" y="-72642" z="-2672" heading="12265" />
		<spawn npcId="23182" x="190043" y="-69135" z="-2600" heading="62548" />
		<spawn npcId="23182" x="190057" y="-59628" z="-3000" heading="18251" />
		<spawn npcId="23182" x="190325" y="-71128" z="-2576" heading="64464" />
		<spawn npcId="23182" x="190849" y="-68319" z="-2632" heading="24638" />
		<spawn npcId="23182" x="192114" y="-58765" z="-2872" heading="32299" />
		<spawn npcId="23182" x="192338" y="-67614" z="-2704" heading="43539" />
		<spawn npcId="23182" x="192442" y="-67367" z="-2712" heading="19487" />
		<spawn npcId="23182" x="193408" y="-63413" z="-2856" heading="43539" />
		<spawn npcId="23182" x="193434" y="-59694" z="-2896" heading="25948" />
		<spawn npcId="23182" x="193584" y="-59517" z="-2904" heading="63161" />
		<spawn npcId="23182" x="193906" y="-62852" z="-2864" heading="65087" />
		<spawn npcId="23182" x="194013" y="-60230" z="-2936" heading="2847" />
		<spawn npcId="23182" x="194203" y="-65378" z="-2864" heading="1518" />
		<spawn npcId="23182" x="194399" y="-65445" z="-2872" heading="55036" />
		<spawn npcId="23182" x="194565" y="-65413" z="-2872" heading="2904" />
		<!-- Стрелок Ведьмы -->
		<spawn npcId="23183" x="187048" y="-58184" z="-2928" heading="14025" />
		<spawn npcId="23183" x="187288" y="-56809" z="-3152" heading="7086" />
		<spawn npcId="23183" x="187961" y="-58914" z="-2808" heading="58532" />
		<spawn npcId="23183" x="188135" y="-57048" z="-3128" heading="42962" />
		<spawn npcId="23183" x="188839" y="-57695" z="-2864" heading="41773" />
		<spawn npcId="23183" x="189123" y="-59875" z="-2920" heading="7835" />
		<spawn npcId="23183" x="189189" y="-73087" z="-2728" heading="20902" />
		<spawn npcId="23183" x="189230" y="-59881" z="-2928" heading="58234" />
		<spawn npcId="23183" x="189498" y="-57598" z="-2800" heading="34298" />
		<spawn npcId="23183" x="189653" y="-60309" z="-2976" heading="63745" />
		<spawn npcId="23183" x="189867" y="-69123" z="-2600" heading="58629" />
		<spawn npcId="23183" x="190116" y="-69027" z="-2616" heading="6481" />
		<spawn npcId="23183" x="190234" y="-69125" z="-2616" heading="39509" />
		<spawn npcId="23183" x="190621" y="-68612" z="-2632" heading="64908" />
		<spawn npcId="23183" x="193152" y="-67197" z="-2800" heading="30141" />
		<spawn npcId="23183" x="193269" y="-59006" z="-2872" heading="11175" />
		<spawn npcId="23183" x="193444" y="-66944" z="-2832" heading="21452" />
		<spawn npcId="23183" x="193450" y="-63395" z="-2856" heading="65160" />
		<spawn npcId="23183" x="193837" y="-62883" z="-2864" heading="36421" />
		<spawn npcId="23183" x="193939" y="-64135" z="-2880" heading="48679" />
		<spawn npcId="23183" x="193966" y="-62563" z="-2872" heading="6125" />
		<spawn npcId="23183" x="193993" y="-63969" z="-2872" heading="60396" />
		<spawn npcId="23183" x="194097" y="-64327" z="-2872" heading="64382" />
		<spawn npcId="23183" x="194278" y="-59944" z="-2856" heading="59855" />
		<spawn npcId="23183" x="194291" y="-64418" z="-2896" heading="62981" />
		<!-- Шаман Ведьмы -->
		<spawn npcId="23184" x="186916" y="-56359" z="-3040" heading="59516" />
		<spawn npcId="23184" x="187055" y="-57528" z="-3016" heading="63964" />
		<spawn npcId="23184" x="187238" y="-58403" z="-2832" heading="42689" />
		<spawn npcId="23184" x="187896" y="-57294" z="-3120" heading="37314" />
		<spawn npcId="23184" x="188661" y="-56799" z="-3096" heading="27882" />
		<spawn npcId="23184" x="191425" y="-68211" z="-2656" heading="39481" />
		<spawn npcId="23184" x="192209" y="-67611" z="-2704" heading="30204" />
		<spawn npcId="23184" x="193545" y="-63535" z="-2896" heading="55088" />
		<spawn npcId="23184" x="193550" y="-59571" z="-2904" heading="17822" />
		<spawn npcId="23184" x="194130" y="-59307" z="-2872" heading="40500" />
		<spawn npcId="23184" x="194305" y="-65314" z="-2864" heading="41685" />
		<!-- Кровавый Кошмар (Апостол Грез) -->
		<spawn npcId="23185" x="187882" y="-58111" z="-2896" heading="35504" />
		<spawn npcId="23185" x="189419" y="-72874" z="-2720" heading="6033" />
		<spawn npcId="23185" x="189825" y="-60559" z="-2960" heading="53638" />
		<spawn npcId="23185" x="189907" y="-58237" z="-2872" heading="52803" />
		<spawn npcId="23185" x="192409" y="-59050" z="-2872" heading="57953" />
		<spawn npcId="23185" x="194459" y="-61910" z="-2872" heading="50408" />
		<!-- Гергхенштейн -->
		<spawn npcId="33648" x="184912" y="-62835" z="-2960" heading="18364" />
		<!-- Ширик (Авангард Годдарда) -->
		<spawn npcId="33649" x="185016" y="-62848" z="-2960" heading="23528" />
	</spawns>
</list>