<?xml version="1.0" encoding="utf-8"?>
<!DOCTYPE list SYSTEM "spawn.dtd">
<list>
	<spawns name="WallOfArgos">
		<!-- Антилопа Каньона -->
		<spawn npcId="21294" x="166381" y="-45790" z="-3536" heading="37439" />
		<spawn npcId="21294" x="166407" y="-49141" z="-3576" heading="25907" />
		<spawn npcId="21294" x="167041" y="-45356" z="-3472" heading="9421" />
		<spawn npcId="21294" x="167446" y="-50213" z="-3560" heading="57962" />
		<spawn npcId="21294" x="167839" y="-49964" z="-3552" heading="4108" />
		<spawn npcId="21294" x="169169" y="-52508" z="-3416" heading="9982" />
		<spawn npcId="21294" x="169945" y="-53403" z="-3416" heading="43020" />
		<spawn npcId="21294" x="170224" y="-53375" z="-3400" heading="18938" />
		<spawn npcId="21294" x="170606" y="-53798" z="-3456" heading="60982" />
		<spawn npcId="21294" x="171927" y="-62072" z="-3272" heading="40879" />
		<spawn npcId="21294" x="174061" y="-62708" z="-3128" heading="38468" />
		<spawn npcId="21294" x="174474" y="-61680" z="-3136" heading="28863" />
		<!-- Порабощенная Антилопа Каньона -->
		<spawn npcId="21295" x="166583" y="-46817" z="-3568" heading="47986" />
		<spawn npcId="21295" x="166810" y="-49704" z="-3560" heading="55771" />
		<spawn npcId="21295" x="168132" y="-44271" z="-3408" heading="7588" />
		<spawn npcId="21295" x="168526" y="-50537" z="-3480" heading="27656" />
		<spawn npcId="21295" x="169763" y="-53019" z="-3416" heading="56477" />
		<spawn npcId="21295" x="170728" y="-54410" z="-3448" heading="48027" />
		<spawn npcId="21295" x="171512" y="-61404" z="-3208" heading="58714" />
		<spawn npcId="21295" x="171878" y="-62455" z="-3248" heading="31689" />
		<spawn npcId="21295" x="173066" y="-59405" z="-3272" heading="37470" />
		<spawn npcId="21295" x="175604" y="-53843" z="-3488" heading="18419" />
		<spawn npcId="21295" x="175852" y="-54204" z="-3432" heading="18589" />
		<spawn npcId="21295" x="175989" y="-61242" z="-3064" heading="26217" />
		<spawn npcId="21295" x="177330" y="-61948" z="-3064" heading="27776" />
		<spawn npcId="21295" x="178128" y="-61964" z="-3064" heading="55411" />
		<!-- Драколов Каньона -->
		<spawn npcId="21296" x="169065" y="-42780" z="-3448" heading="44442" />
		<spawn npcId="21296" x="173114" y="-59114" z="-3312" heading="49855" />
		<spawn npcId="21296" x="174721" y="-55053" z="-3336" heading="31036" />
		<spawn npcId="21296" x="175257" y="-60553" z="-3176" heading="31140" />
		<spawn npcId="21296" x="175484" y="-55039" z="-3392" heading="37943" />
		<spawn npcId="21296" x="175962" y="-56382" z="-3160" heading="53289" />
		<spawn npcId="21296" x="176032" y="-54392" z="-3408" heading="62790" />
		<spawn npcId="21296" x="177128" y="-62446" z="-3072" heading="51083" />
		<spawn npcId="21296" x="177321" y="-57546" z="-3240" heading="14732" />
		<spawn npcId="21296" x="177441" y="-58215" z="-3208" heading="15001" />
		<spawn npcId="21296" x="178290" y="-57918" z="-3112" heading="31459" />
		<spawn npcId="21296" x="181815" y="-61158" z="-3056" heading="34873" />
		<spawn npcId="21296" x="184129" y="-59237" z="-3128" heading="45797" />
		<!-- Порабощенный Драколов Каньона -->
		<spawn npcId="21297" x="176277" y="-57799" z="-3120" heading="27163" />
		<spawn npcId="21297" x="177280" y="-56198" z="-3392" heading="54847" />
		<spawn npcId="21297" x="177473" y="-56673" z="-3312" heading="62602" />
		<spawn npcId="21297" x="178934" y="-56732" z="-3136" heading="31287" />
		<spawn npcId="21297" x="179156" y="-56912" z="-3056" heading="38661" />
		<spawn npcId="21297" x="182009" y="-61190" z="-3072" heading="25563" />
		<spawn npcId="21297" x="182016" y="-59038" z="-3072" heading="37522" />
		<spawn npcId="21297" x="182204" y="-59253" z="-3072" heading="40961" />
		<spawn npcId="21297" x="183310" y="-60432" z="-2992" heading="61259" />
		<spawn npcId="21297" x="183897" y="-59625" z="-3088" heading="46260" />
		<!-- Глаз Спасителя -->
		<spawn npcId="21298" x="167964" y="-40704" z="-3448" heading="37179" />
		<spawn npcId="21298" x="176027" y="-38414" z="-3424" heading="18126" />
		<spawn npcId="21298" x="176564" y="-51774" z="-3352" heading="44056" />
		<spawn npcId="21298" x="176927" y="-50717" z="-3392" heading="45011" />
		<spawn npcId="21298" x="176928" y="-38485" z="-3384" heading="47457" />
		<spawn npcId="21298" x="177738" y="-49772" z="-3368" heading="42530" />
		<spawn npcId="21298" x="177896" y="-51006" z="-3392" heading="19864" />
		<spawn npcId="21298" x="177960" y="-50750" z="-3384" heading="47737" />
		<spawn npcId="21298" x="178037" y="-50660" z="-3384" heading="17767" />
		<!-- Буйвол Невольник -->
		<spawn npcId="21299" x="168078" y="-40704" z="-3464" heading="39269" />
		<spawn npcId="21299" x="168426" y="-38413" z="-3504" heading="34886" />
		<spawn npcId="21299" x="168990" y="-39705" z="-3496" heading="18424" />
		<spawn npcId="21299" x="173680" y="-35783" z="-3408" heading="42994" />
		<spawn npcId="21299" x="175344" y="-36223" z="-3384" heading="63995" />
		<spawn npcId="21299" x="176269" y="-50043" z="-3336" heading="25461" />
		<spawn npcId="21299" x="177337" y="-49413" z="-3368" heading="4141" />
		<spawn npcId="21299" x="177414" y="-51694" z="-3368" heading="48521" />
		<spawn npcId="21299" x="178202" y="-49890" z="-3352" heading="32949" />
		<spawn npcId="21299" x="179958" y="-53407" z="-3248" heading="32767" />
		<spawn npcId="21299" x="180792" y="-53447" z="-3088" heading="41359" />
		<!-- Глаз Проводника -->
		<spawn npcId="21300" x="168191" y="-37246" z="-3400" heading="42855" />
		<spawn npcId="21300" x="168426" y="-38243" z="-3504" heading="36575" />
		<spawn npcId="21300" x="169635" y="-37333" z="-3376" heading="53462" />
		<spawn npcId="21300" x="170603" y="-37113" z="-3384" heading="46860" />
		<spawn npcId="21300" x="175531" y="-36535" z="-3392" heading="48987" />
		<spawn npcId="21300" x="175531" y="-36730" z="-3384" heading="10281" />
		<spawn npcId="21300" x="175760" y="-36942" z="-3408" heading="23082" />
		<spawn npcId="21300" x="175836" y="-50989" z="-3464" heading="64868" />
		<spawn npcId="21300" x="177185" y="-50368" z="-3392" heading="31273" />
		<spawn npcId="21300" x="177641" y="-49392" z="-3360" heading="20592" />
		<spawn npcId="21300" x="177690" y="-38290" z="-3320" heading="1783" />
		<!-- Око Ночного Кошмара -->
		<spawn npcId="21301" x="169514" y="-36563" z="-3328" heading="53516" />
		<spawn npcId="21301" x="169514" y="-37223" z="-3328" heading="44879" />
		<spawn npcId="21301" x="170119" y="-36233" z="-3336" heading="7022" />
		<spawn npcId="21301" x="170156" y="-39053" z="-3432" heading="38097" />
		<spawn npcId="21301" x="171483" y="-38656" z="-3512" heading="39708" />
		<spawn npcId="21301" x="172122" y="-38492" z="-3488" heading="31284" />
		<spawn npcId="21301" x="174725" y="-42734" z="-3344" heading="3739" />
		<spawn npcId="21301" x="175148" y="-42734" z="-3360" heading="58405" />
		<spawn npcId="21301" x="175943" y="-36502" z="-3408" heading="4173" />
		<spawn npcId="21301" x="177309" y="-37705" z="-3344" heading="57653" />
		<spawn npcId="21301" x="180177" y="-50815" z="-3376" heading="60933" />
		<!-- Глаз Смотрителя -->
		<spawn npcId="21302" x="169877" y="-36013" z="-3328" heading="14965" />
		<spawn npcId="21302" x="170065" y="-39137" z="-3432" heading="48326" />
		<spawn npcId="21302" x="170793" y="-38969" z="-3480" heading="2402" />
		<spawn npcId="21302" x="171128" y="-38492" z="-3488" heading="14765" />
		<spawn npcId="21302" x="172122" y="-38656" z="-3504" heading="11063" />
		<spawn npcId="21302" x="175712" y="-42182" z="-3328" heading="65400" />
		<spawn npcId="21302" x="175712" y="-42550" z="-3360" heading="20431" />
		<spawn npcId="21302" x="176699" y="-42918" z="-3304" heading="49838" />
		<spawn npcId="21302" x="177874" y="-45718" z="-3440" heading="27734" />
		<spawn npcId="21302" x="179809" y="-53813" z="-3248" heading="32246" />
		<spawn npcId="21302" x="179887" y="-52594" z="-3288" heading="28755" />
		<spawn npcId="21302" x="180215" y="-51381" z="-3376" heading="38635" />
		<!-- Гомункул -->
		<spawn npcId="21303" x="171984" y="-49937" z="-3488" heading="31900" />
		<spawn npcId="21303" x="171999" y="-49012" z="-3544" heading="57717" />
		<spawn npcId="21303" x="172686" y="-49567" z="-3544" heading="42902" />
		<spawn npcId="21303" x="172848" y="-49350" z="-3496" heading="54702" />
		<spawn npcId="21303" x="173596" y="-49737" z="-3416" heading="60547" />
		<spawn npcId="21303" x="176880" y="-45824" z="-3328" heading="33115" />
		<spawn npcId="21303" x="177320" y="-43232" z="-3304" heading="11884" />
		<spawn npcId="21303" x="178016" y="-46248" z="-3408" heading="21068" />
		<spawn npcId="21303" x="178305" y="-45924" z="-3448" heading="395" />
		<spawn npcId="21303" x="179994" y="-46695" z="-3336" heading="9793" />
		<!-- Грендель Невольник -->
		<spawn npcId="21304" x="171447" y="-47982" z="-3560" heading="1912" />
		<spawn npcId="21304" x="172102" y="-48033" z="-3536" heading="23819" />
		<spawn npcId="21304" x="172846" y="-47634" z="-3368" heading="10287" />
		<spawn npcId="21304" x="173035" y="-48834" z="-3416" heading="46781" />
		<spawn npcId="21304" x="173590" y="-47368" z="-3360" heading="2981" />
		<spawn npcId="21304" x="178912" y="-46305" z="-3432" heading="64078" />
		<spawn npcId="21304" x="178912" y="-46728" z="-3392" heading="23917" />
		<spawn npcId="21304" x="178912" y="-47010" z="-3392" heading="61873" />
		<spawn npcId="21304" x="180456" y="-40457" z="-3224" heading="57682" />
		<!-- Глаз Пилигрима -->
		<spawn npcId="21305" x="171358" y="-46836" z="-3488" heading="17980" />
		<spawn npcId="21305" x="171363" y="-48491" z="-3568" heading="48191" />
		<spawn npcId="21305" x="172288" y="-47501" z="-3488" heading="27249" />
		<spawn npcId="21305" x="173404" y="-47235" z="-3376" heading="59435" />
		<spawn npcId="21305" x="179790" y="-38597" z="-3128" heading="61118" />
		<spawn npcId="21305" x="180234" y="-41601" z="-3200" heading="20007" />
		<spawn npcId="21305" x="180346" y="-40753" z="-3216" heading="43310" />
		<spawn npcId="21305" x="180458" y="-41495" z="-3200" heading="20992" />
		<spawn npcId="21305" x="181018" y="-41177" z="-3176" heading="26917" />
		<!-- Апостол Хранителей -->
		<spawn npcId="21306" x="181746" y="-49507" z="-3248" heading="52982" />
		<spawn npcId="21306" x="182138" y="-49177" z="-3248" heading="9846" />
		<spawn npcId="21306" x="182398" y="-49507" z="-3256" heading="31200" />
		<spawn npcId="21306" x="183213" y="-47824" z="-3136" heading="43661" />
		<spawn npcId="21306" x="183702" y="-49966" z="-3168" heading="44108" />
		<spawn npcId="21306" x="183865" y="-47365" z="-3072" heading="6705" />
		<spawn npcId="21306" x="183928" y="-50665" z="-3096" heading="33281" />
		<spawn npcId="21306" x="187499" y="-49616" z="-2984" heading="30565" />
		<!-- Старший Гомункул -->
		<spawn npcId="21307" x="182887" y="-49354" z="-3240" heading="50054" />
		<spawn npcId="21307" x="182932" y="-36633" z="-3104" heading="61377" />
		<spawn npcId="21307" x="182932" y="-37131" z="-3048" heading="32576" />
		<spawn npcId="21307" x="183138" y="-37297" z="-3016" heading="55315" />
		<spawn npcId="21307" x="183756" y="-38293" z="-3032" heading="46508" />
		<spawn npcId="21307" x="183920" y="-47879" z="-3096" heading="29440" />
		<spawn npcId="21307" x="183929" y="-49590" z="-3136" heading="40537" />
		<spawn npcId="21307" x="187274" y="-49473" z="-2944" heading="353" />
		<spawn npcId="21307" x="187731" y="-50059" z="-3016" heading="33290" />
		<spawn npcId="21307" x="187821" y="-51167" z="-2960" heading="50904" />
		<spawn npcId="21307" x="188230" y="-51200" z="-2912" heading="50204" />
		<spawn npcId="21307" x="188606" y="-37342" z="-3088" heading="7162" />
		<spawn npcId="21307" x="189734" y="-38072" z="-3144" heading="28619" />
		<!-- Апостол Возмездия -->
		<spawn npcId="21308" x="182108" y="-36965" z="-3024" heading="19758" />
		<spawn npcId="21308" x="184168" y="-37131" z="-3056" heading="16191" />
		<spawn npcId="21308" x="189358" y="-36466" z="-3016" heading="19883" />
		<spawn npcId="21308" x="189988" y="-35116" z="-2904" heading="6018" />
		<spawn npcId="21308" x="190530" y="-42719" z="-2816" heading="12536" />
		<spawn npcId="21308" x="190632" y="-43199" z="-2832" heading="17981" />
		<spawn npcId="21308" x="191079" y="-35577" z="-2968" heading="17347" />
		<spawn npcId="21308" x="191234" y="-41875" z="-2824" heading="30700" />
		<spawn npcId="21308" x="191656" y="-49136" z="-3000" heading="35345" />
		<spawn npcId="21308" x="192448" y="-48369" z="-3040" heading="24544" />
		<spawn npcId="21308" x="192597" y="-36423" z="-2896" heading="6497" />
		<spawn npcId="21308" x="192780" y="-49227" z="-3024" heading="28257" />
		<spawn npcId="21308" x="193028" y="-51017" z="-2920" heading="16309" />
		<spawn npcId="21308" x="193409" y="-48261" z="-3000" heading="35894" />
		<spawn npcId="21308" x="193857" y="-35718" z="-2856" heading="28828" />
		<!-- Апостол Возмездия -->
		<spawn npcId="21309" x="181284" y="-36301" z="-3112" heading="28400" />
		<spawn npcId="21309" x="182108" y="-37629" z="-3008" heading="63938" />
		<spawn npcId="21309" x="183395" y="-37652" z="-3008" heading="12776" />
		<spawn npcId="21309" x="187904" y="-49650" z="-2968" heading="53768" />
		<spawn npcId="21309" x="188315" y="-50144" z="-3008" heading="25835" />
		<spawn npcId="21309" x="189358" y="-37488" z="-3128" heading="337" />
		<spawn npcId="21309" x="191571" y="-36490" z="-2968" heading="22635" />
		<spawn npcId="21309" x="191833" y="-42977" z="-2816" heading="7151" />
		<spawn npcId="21309" x="191938" y="-41875" z="-2928" heading="33792" />
		<spawn npcId="21309" x="192466" y="-42930" z="-2808" heading="44281" />
		<spawn npcId="21309" x="192473" y="-47971" z="-2952" heading="29564" />
		<spawn npcId="21309" x="192505" y="-51176" z="-2936" heading="44892" />
		<spawn npcId="21309" x="192597" y="-35577" z="-2856" heading="59966" />
		<spawn npcId="21309" x="192636" y="-51017" z="-2928" heading="39611" />
		<spawn npcId="21309" x="193402" y="-49452" z="-2912" heading="2236" />
		<spawn npcId="21309" x="193615" y="-47839" z="-2992" heading="16935" />
		<spawn npcId="21309" x="194137" y="-37410" z="-2928" heading="13887" />
		<!-- Апостол Божьей Кары -->
		<spawn npcId="21310" x="188982" y="-36904" z="-3096" heading="27262" />
		<spawn npcId="21310" x="188982" y="-37488" z="-3096" heading="14796" />
		<spawn npcId="21310" x="189124" y="-35719" z="-3024" heading="55627" />
		<spawn npcId="21310" x="189358" y="-37634" z="-3120" heading="29634" />
		<spawn npcId="21310" x="191068" y="-51017" z="-2912" heading="23648" />
		<spawn npcId="21310" x="191234" y="-42508" z="-2816" heading="56422" />
		<spawn npcId="21310" x="191326" y="-50305" z="-2936" heading="41478" />
		<spawn npcId="21310" x="192048" y="-51701" z="-2944" heading="3225" />
		<spawn npcId="21310" x="192114" y="-42297" z="-2944" heading="6239" />
		<spawn npcId="21310" x="192440" y="-49307" z="-3016" heading="56732" />
		<spawn npcId="21310" x="192466" y="-41242" z="-3000" heading="30901" />
		<spawn npcId="21310" x="193297" y="-36564" z="-2880" heading="16609" />
		<spawn npcId="21310" x="193543" y="-48785" z="-2984" heading="6738" />
		<spawn npcId="21310" x="194277" y="-37410" z="-2920" heading="45846" />
		<spawn npcId="21310" x="194760" y="-49273" z="-2760" heading="53611" />
		<spawn npcId="21310" x="194984" y="-49251" z="-2712" heading="65466" />
		<!-- Апостол Божьей Кары -->
		<spawn npcId="21311" x="188230" y="-37050" z="-3104" heading="48000" />
		<spawn npcId="21311" x="188794" y="-36320" z="-3048" heading="34158" />
		<spawn npcId="21311" x="189232" y="-35049" z="-2872" heading="31642" />
		<spawn npcId="21311" x="190706" y="-42297" z="-2800" heading="46615" />
		<spawn npcId="21311" x="191234" y="-41031" z="-2944" heading="37093" />
		<spawn npcId="21311" x="191460" y="-51701" z="-2864" heading="28515" />
		<spawn npcId="21311" x="192290" y="-42930" z="-2832" heading="11482" />
		<spawn npcId="21311" x="192297" y="-51839" z="-2944" heading="43426" />
		<spawn npcId="21311" x="192495" y="-51624" z="-2960" heading="16537" />
		<spawn npcId="21311" x="192764" y="-48586" z="-3080" heading="29236" />
		<spawn npcId="21311" x="192832" y="-51017" z="-2920" heading="61394" />
		<spawn npcId="21311" x="193017" y="-35577" z="-2856" heading="16660" />
		<spawn npcId="21311" x="193017" y="-36141" z="-2880" heading="21683" />
		<spawn npcId="21311" x="193255" y="-48088" z="-3008" heading="6190" />
		<spawn npcId="21311" x="194557" y="-37128" z="-2808" heading="28837" />
		<!-- Глаз Правителя -->
		<spawn npcId="21312" x="174866" y="-41446" z="-3320" heading="42773" />
		<spawn npcId="21312" x="176276" y="-41814" z="-3288" heading="32612" />
		<spawn npcId="21312" x="180345" y="-53039" z="-3240" heading="6070" />
		<spawn npcId="21312" x="180589" y="-47292" z="-3256" heading="38323" />
		<spawn npcId="21312" x="180682" y="-41813" z="-3200" heading="43830" />
		<!-- Загадочная Древняя Скрижаль -->
		<spawn npcId="31548" x="171072" y="-35408" z="-3336" heading="0" />
		<!-- Загадочная Древняя Скрижаль -->
		<spawn npcId="31549" x="181280" y="-39824" z="-3120" heading="0" />
		<!-- Загадочная Древняя Скрижаль -->
		<spawn npcId="31550" x="173696" y="-46960" z="-3392" heading="0" />
		<!-- Загадочная Древняя Скрижаль -->
		<spawn npcId="31551" x="167888" y="-61376" z="-3866" heading="0" />
		<!-- Загадочная Древняя Скрижаль -->
		<spawn npcId="31552" x="184464" y="-59456" z="-3024" heading="0" />
		<!-- Отшельник -->
		<spawn npcId="31615" x="145904" y="-70880" z="-4098" heading="18000" />
		<!-- Отшельник -->
		<spawn npcId="31616" x="164474" y="-48918" z="-3536" heading="33000" />
		<!-- Камень Познания  -->
		<spawn npcId="31650" x="191056" y="-40576" z="-3016" heading="49000" />
		<!-- Око Аргоса -->
		<spawn npcId="31683" x="183584" y="-53552" z="-1896" heading="25000" />
		<!-- Белоглазый Дэймон -->
		<spawn npcId="31705" x="193413" y="-42410" z="-2896" heading="9487" />
		<!-- Призрак Пажа Эльморедена -->
		<spawn npcId="31920" x="164304" y="-47600" z="-3488" heading="40432" />
	</spawns>
</list>