<?xml version="1.0" encoding="utf-8"?>
<!DOCTYPE list SYSTEM "spawn.dtd">
<list>
	<spawns name="Wateland">
		<!-- Монстроглаз Дозорный -->
		<spawn npcId="20059" x="-12984" y="205722" z="-2872" heading="31648" />
		<!-- Гнолл Стрелец -->
		<spawn npcId="20063" x="-12984" y="206772" z="-3096" heading="4744" />
		<spawn npcId="20063" x="-13350" y="205022" z="-2704" heading="49692" />
		<!-- Офицер Гноллов -->
		<spawn npcId="20066" x="-13306" y="207054" z="-3072" heading="22436" />
		<spawn npcId="20066" x="-14082" y="205722" z="-2648" heading="64819" />
		<spawn npcId="20066" x="-14082" y="206072" z="-2728" heading="63832" />
		<!-- Малый Василиск -->
		<spawn npcId="20070" x="-18517" y="205014" z="-3656" heading="36599" />
		<!-- Сариен (Бакалейщик) -->
		<spawn npcId="30436" x="-16832" y="210256" z="-3664" heading="55000" />
		<!-- Роленто (Бакалейщик) -->
		<spawn npcId="30437" x="-17312" y="208976" z="-3664" heading="3000" />
		<!-- Джакс (Охранник) -->
		<spawn npcId="30730" x="-17305" y="209742" z="-3664" heading="61440" />
		<!-- Черный Судья -->
		<spawn npcId="30981" x="-18960" y="209834" z="-3648" heading="0" />
		<!-- Джиррон -->
		<spawn npcId="32293" x="-16745" y="209719" z="-3664" heading="51120" />
		<!-- Врата Искажения -->
		<spawn npcId="32319" x="-16899" y="209827" z="-3640" heading="0" />
		<!-- Устройство Телепортации -->
		<spawn npcId="33088" x="-16370" y="208925" z="-3656" heading="0" />
		<!-- Фред (Стражник) -->
		<spawn npcId="33179" x="-16292" y="208788" z="-3656" heading="27076" />
		<!-- Страж -->
		<spawn npcId="33433" x="-15488" y="208896" z="-3664" heading="21912" />
		<spawn npcId="33433" x="-15488" y="209024" z="-3664" heading="43904" />
		<spawn npcId="33433" x="-15544" y="208880" z="-3664" heading="10852" />
		<spawn npcId="33433" x="-15552" y="208988" z="-3664" heading="0" />
		<spawn npcId="33433" x="-15651" y="208677" z="-3664" heading="31988" />
		<spawn npcId="33433" x="-15744" y="208640" z="-3664" heading="9472" />
		<spawn npcId="33433" x="-15784" y="208676" z="-3664" heading="0" />
		<spawn npcId="33433" x="-16768" y="208384" z="-3640" heading="16932" />
		<spawn npcId="33433" x="-16815" y="207717" z="-3640" heading="16016" />
		<spawn npcId="33433" x="-16816" y="207775" z="-3640" heading="41220" />
		<spawn npcId="33433" x="-16836" y="208448" z="-3640" heading="7656" />
		<spawn npcId="33433" x="-16856" y="208492" z="-3640" heading="55900" />
		<spawn npcId="33433" x="-16869" y="207802" z="-3640" heading="57716" />
		<!-- Страж -->
		<spawn npcId="33435" x="-16552" y="207525" z="-3664" heading="13541" />
		<spawn npcId="33435" x="-16614" y="208802" z="-3648" heading="9144" />
	</spawns>
</list>